2025-06-04 07:12:55,703 [INFO] - Voice assistant application started.
2025-06-04 07:12:55,754 [INFO] - Voice assistant activated. How can I help you?
2025-06-04 07:12:55,797 [WARNING] - Audio input error (OSError): No Default Input Device Available - Likely no microphone in sandbox.
2025-06-04 07:12:55,798 [INFO] - No command received or error in listening.
2025-06-04 07:12:55,833 [WARNING] - Audio input error (OSError): No Default Input Device Available - Likely no microphone in sandbox.
2025-06-04 07:12:55,839 [INFO] - No command received or error in listening.
2025-06-04 07:12:55,875 [WARNING] - Audio input error (OSError): No Default Input Device Available - Likely no microphone in sandbox.
2025-06-04 07:12:55,875 [INFO] - No command received or error in listening.
2025-06-04 07:12:55,913 [WARNING] - Audio input error (OSError): No Default Input Device Available - Likely no microphone in sandbox.
2025-06-04 07:12:55,913 [INFO] - No command received or error in listening.
2025-06-04 07:12:55,941 [WARNING] - Audio input error (OSError): No Default Input Device Available - Likely no microphone in sandbox.
2025-06-04 07:12:55,942 [INFO] - No command received or error in listening.
2025-06-04 07:12:55,964 [WARNING] - Audio input error (OSError): No Default Input Device Available - Likely no microphone in sandbox.
2025-06-04 07:12:55,964 [INFO] - No command received or error in listening.
2025-06-04 07:12:55,991 [WARNING] - Audio input error (OSError): No Default Input Device Available - Likely no microphone in sandbox.
2025-06-04 07:12:55,991 [INFO] - No command received or error in listening.
2025-06-04 07:12:56,027 [WARNING] - Audio input error (OSError): No Default Input Device Available - Likely no microphone in sandbox.
2025-06-04 07:12:56,027 [INFO] - No command received or error in listening.
2025-06-04 07:12:56,053 [WARNING] - Audio input error (OSError): No Default Input Device Available - Likely no microphone in sandbox.
2025-06-04 07:12:56,054 [INFO] - No command received or error in listening.
2025-06-04 07:12:56,081 [WARNING] - Audio input error (OSError): No Default Input Device Available - Likely no microphone in sandbox.
2025-06-04 07:12:56,081 [INFO] - No command received or error in listening.
2025-06-04 07:12:56,101 [WARNING] - Audio input error (OSError): No Default Input Device Available - Likely no microphone in sandbox.
2025-06-04 07:12:56,101 [INFO] - No command received or error in listening.
2025-06-04 07:12:56,121 [WARNING] - Audio input error (OSError): No Default Input Device Available - Likely no microphone in sandbox.
2025-06-04 07:12:56,121 [INFO] - No command received or error in listening.
2025-06-04 07:12:56,158 [WARNING] - Audio input error (OSError): No Default Input Device Available - Likely no microphone in sandbox.
2025-06-04 07:12:56,158 [INFO] - No command received or error in listening.
2025-06-04 07:12:56,194 [WARNING] - Audio input error (OSError): No Default Input Device Available - Likely no microphone in sandbox.
2025-06-04 07:12:56,195 [INFO] - No command received or error in listening.
2025-06-04 07:12:56,217 [WARNING] - Audio input error (OSError): No Default Input Device Available - Likely no microphone in sandbox.
2025-06-04 07:12:56,217 [INFO] - No command received or error in listening.
2025-06-04 07:12:56,237 [WARNING] - Audio input error (OSError): No Default Input Device Available - Likely no microphone in sandbox.
2025-06-04 07:12:56,237 [INFO] - No command received or error in listening.
2025-06-04 07:12:56,257 [WARNING] - Audio input error (OSError): No Default Input Device Available - Likely no microphone in sandbox.
2025-06-04 07:12:56,258 [INFO] - No command received or error in listening.
2025-06-04 07:12:56,277 [WARNING] - Audio input error (OSError): No Default Input Device Available - Likely no microphone in sandbox.
2025-06-04 07:12:56,277 [INFO] - No command received or error in listening.
2025-06-04 07:12:56,305 [WARNING] - Audio input error (OSError): No Default Input Device Available - Likely no microphone in sandbox.
2025-06-04 07:12:56,305 [INFO] - No command received or error in listening.
2025-06-04 07:12:56,335 [WARNING] - Audio input error (OSError): No Default Input Device Available - Likely no microphone in sandbox.
2025-06-04 07:12:56,335 [INFO] - No command received or error in listening.
2025-06-04 07:12:56,352 [WARNING] - Audio input error (OSError): No Default Input Device Available - Likely no microphone in sandbox.
2025-06-04 07:12:56,353 [INFO] - No command received or error in listening.
2025-06-04 07:12:56,370 [WARNING] - Audio input error (OSError): No Default Input Device Available - Likely no microphone in sandbox.
2025-06-04 07:12:56,370 [INFO] - No command received or error in listening.
2025-06-04 07:12:56,388 [WARNING] - Audio input error (OSError): No Default Input Device Available - Likely no microphone in sandbox.
2025-06-04 07:12:56,388 [INFO] - No command received or error in listening.
2025-06-04 07:12:56,405 [WARNING] - Audio input error (OSError): No Default Input Device Available - Likely no microphone in sandbox.
2025-06-04 07:12:56,406 [INFO] - No command received or error in listening.
2025-06-04 07:12:56,423 [WARNING] - Audio input error (OSError): No Default Input Device Available - Likely no microphone in sandbox.
2025-06-04 07:12:56,423 [INFO] - No command received or error in listening.
2025-06-04 07:12:56,440 [WARNING] - Audio input error (OSError): No Default Input Device Available - Likely no microphone in sandbox.
2025-06-04 07:12:56,441 [INFO] - No command received or error in listening.
2025-06-04 07:12:56,458 [WARNING] - Audio input error (OSError): No Default Input Device Available - Likely no microphone in sandbox.
2025-06-04 07:12:56,458 [INFO] - No command received or error in listening.
2025-06-04 07:12:56,476 [WARNING] - Audio input error (OSError): No Default Input Device Available - Likely no microphone in sandbox.
2025-06-04 07:12:56,476 [INFO] - No command received or error in listening.
2025-06-04 07:12:56,493 [WARNING] - Audio input error (OSError): No Default Input Device Available - Likely no microphone in sandbox.
2025-06-04 07:12:56,493 [INFO] - No command received or error in listening.
2025-06-04 07:12:56,511 [WARNING] - Audio input error (OSError): No Default Input Device Available - Likely no microphone in sandbox.
2025-06-04 07:12:56,511 [INFO] - No command received or error in listening.
2025-06-04 07:12:56,528 [WARNING] - Audio input error (OSError): No Default Input Device Available - Likely no microphone in sandbox.
2025-06-04 07:12:56,528 [INFO] - No command received or error in listening.
2025-06-04 07:12:56,545 [WARNING] - Audio input error (OSError): No Default Input Device Available - Likely no microphone in sandbox.
2025-06-04 07:12:56,546 [INFO] - No command received or error in listening.
2025-06-04 07:12:56,563 [WARNING] - Audio input error (OSError): No Default Input Device Available - Likely no microphone in sandbox.
2025-06-04 07:12:56,563 [INFO] - No command received or error in listening.
2025-06-04 07:12:56,580 [WARNING] - Audio input error (OSError): No Default Input Device Available - Likely no microphone in sandbox.
2025-06-04 07:12:56,580 [INFO] - No command received or error in listening.
2025-06-04 07:12:56,598 [WARNING] - Audio input error (OSError): No Default Input Device Available - Likely no microphone in sandbox.
2025-06-04 07:12:56,598 [INFO] - No command received or error in listening.
2025-06-04 07:12:56,616 [WARNING] - Audio input error (OSError): No Default Input Device Available - Likely no microphone in sandbox.
2025-06-04 07:12:56,616 [INFO] - No command received or error in listening.
2025-06-04 07:12:56,633 [WARNING] - Audio input error (OSError): No Default Input Device Available - Likely no microphone in sandbox.
2025-06-04 07:12:56,633 [INFO] - No command received or error in listening.
2025-06-04 07:12:56,651 [WARNING] - Audio input error (OSError): No Default Input Device Available - Likely no microphone in sandbox.
2025-06-04 07:12:56,651 [INFO] - No command received or error in listening.
2025-06-04 07:12:56,668 [WARNING] - Audio input error (OSError): No Default Input Device Available - Likely no microphone in sandbox.
2025-06-04 07:12:56,668 [INFO] - No command received or error in listening.
2025-06-04 07:12:56,686 [WARNING] - Audio input error (OSError): No Default Input Device Available - Likely no microphone in sandbox.
2025-06-04 07:12:56,686 [INFO] - No command received or error in listening.
2025-06-04 07:12:56,703 [WARNING] - Audio input error (OSError): No Default Input Device Available - Likely no microphone in sandbox.
2025-06-04 07:12:56,703 [INFO] - No command received or error in listening.
2025-06-04 07:12:56,720 [WARNING] - Audio input error (OSError): No Default Input Device Available - Likely no microphone in sandbox.
2025-06-04 07:12:56,721 [INFO] - No command received or error in listening.
2025-06-04 07:12:56,738 [WARNING] - Audio input error (OSError): No Default Input Device Available - Likely no microphone in sandbox.
2025-06-04 07:12:56,738 [INFO] - No command received or error in listening.
2025-06-04 07:12:56,755 [WARNING] - Audio input error (OSError): No Default Input Device Available - Likely no microphone in sandbox.
2025-06-04 07:12:56,756 [INFO] - No command received or error in listening.
2025-06-04 07:12:56,773 [WARNING] - Audio input error (OSError): No Default Input Device Available - Likely no microphone in sandbox.
2025-06-04 07:12:56,773 [INFO] - No command received or error in listening.
2025-06-04 07:12:56,790 [WARNING] - Audio input error (OSError): No Default Input Device Available - Likely no microphone in sandbox.
2025-06-04 07:12:56,790 [INFO] - No command received or error in listening.
2025-06-04 07:12:56,807 [WARNING] - Audio input error (OSError): No Default Input Device Available - Likely no microphone in sandbox.
2025-06-04 07:12:56,808 [INFO] - No command received or error in listening.
2025-06-04 07:12:56,826 [WARNING] - Audio input error (OSError): No Default Input Device Available - Likely no microphone in sandbox.
2025-06-04 07:12:56,826 [INFO] - No command received or error in listening.
2025-06-04 07:12:56,844 [WARNING] - Audio input error (OSError): No Default Input Device Available - Likely no microphone in sandbox.
2025-06-04 07:12:56,844 [INFO] - No command received or error in listening.
2025-06-04 07:12:56,861 [WARNING] - Audio input error (OSError): No Default Input Device Available - Likely no microphone in sandbox.
2025-06-04 07:12:56,861 [INFO] - No command received or error in listening.
2025-06-04 07:12:56,879 [WARNING] - Audio input error (OSError): No Default Input Device Available - Likely no microphone in sandbox.
2025-06-04 07:12:56,879 [INFO] - No command received or error in listening.
2025-06-04 07:12:56,896 [WARNING] - Audio input error (OSError): No Default Input Device Available - Likely no microphone in sandbox.
2025-06-04 07:12:56,897 [INFO] - No command received or error in listening.
2025-06-04 07:12:56,914 [WARNING] - Audio input error (OSError): No Default Input Device Available - Likely no microphone in sandbox.
2025-06-04 07:12:56,914 [INFO] - No command received or error in listening.
2025-06-04 07:12:56,933 [WARNING] - Audio input error (OSError): No Default Input Device Available - Likely no microphone in sandbox.
2025-06-04 07:12:56,933 [INFO] - No command received or error in listening.
2025-06-04 07:12:56,951 [WARNING] - Audio input error (OSError): No Default Input Device Available - Likely no microphone in sandbox.
2025-06-04 07:12:56,951 [INFO] - No command received or error in listening.
2025-06-04 07:12:56,968 [WARNING] - Audio input error (OSError): No Default Input Device Available - Likely no microphone in sandbox.
2025-06-04 07:12:56,968 [INFO] - No command received or error in listening.
2025-06-04 07:12:56,986 [WARNING] - Audio input error (OSError): No Default Input Device Available - Likely no microphone in sandbox.
2025-06-04 07:12:56,986 [INFO] - No command received or error in listening.
2025-06-04 07:12:57,003 [WARNING] - Audio input error (OSError): No Default Input Device Available - Likely no microphone in sandbox.
2025-06-04 07:12:57,003 [INFO] - No command received or error in listening.
2025-06-04 07:12:57,021 [WARNING] - Audio input error (OSError): No Default Input Device Available - Likely no microphone in sandbox.
2025-06-04 07:12:57,021 [INFO] - No command received or error in listening.
2025-06-04 07:12:57,038 [WARNING] - Audio input error (OSError): No Default Input Device Available - Likely no microphone in sandbox.
2025-06-04 07:12:57,038 [INFO] - No command received or error in listening.
2025-06-04 07:12:57,056 [WARNING] - Audio input error (OSError): No Default Input Device Available - Likely no microphone in sandbox.
2025-06-04 07:12:57,056 [INFO] - No command received or error in listening.
2025-06-04 07:12:57,073 [WARNING] - Audio input error (OSError): No Default Input Device Available - Likely no microphone in sandbox.
2025-06-04 07:12:57,073 [INFO] - No command received or error in listening.
2025-06-04 07:12:57,091 [WARNING] - Audio input error (OSError): No Default Input Device Available - Likely no microphone in sandbox.
2025-06-04 07:12:57,091 [INFO] - No command received or error in listening.
2025-06-04 07:12:57,108 [WARNING] - Audio input error (OSError): No Default Input Device Available - Likely no microphone in sandbox.
2025-06-04 07:12:57,108 [INFO] - No command received or error in listening.
2025-06-04 07:12:57,125 [WARNING] - Audio input error (OSError): No Default Input Device Available - Likely no microphone in sandbox.
2025-06-04 07:12:57,125 [INFO] - No command received or error in listening.
2025-06-04 07:12:57,143 [WARNING] - Audio input error (OSError): No Default Input Device Available - Likely no microphone in sandbox.
2025-06-04 07:12:57,143 [INFO] - No command received or error in listening.
2025-06-04 07:12:57,160 [WARNING] - Audio input error (OSError): No Default Input Device Available - Likely no microphone in sandbox.
2025-06-04 07:12:57,160 [INFO] - No command received or error in listening.
2025-06-04 07:12:57,177 [WARNING] - Audio input error (OSError): No Default Input Device Available - Likely no microphone in sandbox.
2025-06-04 07:12:57,177 [INFO] - No command received or error in listening.
2025-06-04 07:12:57,194 [WARNING] - Audio input error (OSError): No Default Input Device Available - Likely no microphone in sandbox.
2025-06-04 07:12:57,195 [INFO] - No command received or error in listening.
2025-06-04 07:12:57,212 [WARNING] - Audio input error (OSError): No Default Input Device Available - Likely no microphone in sandbox.
2025-06-04 07:12:57,212 [INFO] - No command received or error in listening.
2025-06-04 07:12:57,229 [WARNING] - Audio input error (OSError): No Default Input Device Available - Likely no microphone in sandbox.
2025-06-04 07:12:57,229 [INFO] - No command received or error in listening.
2025-06-04 07:12:57,247 [WARNING] - Audio input error (OSError): No Default Input Device Available - Likely no microphone in sandbox.
2025-06-04 07:12:57,247 [INFO] - No command received or error in listening.
2025-06-04 07:12:57,264 [WARNING] - Audio input error (OSError): No Default Input Device Available - Likely no microphone in sandbox.
2025-06-04 07:12:57,264 [INFO] - No command received or error in listening.
2025-06-04 07:12:57,281 [WARNING] - Audio input error (OSError): No Default Input Device Available - Likely no microphone in sandbox.
2025-06-04 07:12:57,281 [INFO] - No command received or error in listening.
2025-06-04 07:12:57,298 [WARNING] - Audio input error (OSError): No Default Input Device Available - Likely no microphone in sandbox.
2025-06-04 07:12:57,299 [INFO] - No command received or error in listening.
2025-06-04 07:12:57,316 [WARNING] - Audio input error (OSError): No Default Input Device Available - Likely no microphone in sandbox.
2025-06-04 07:12:57,316 [INFO] - No command received or error in listening.
2025-06-04 07:12:57,333 [WARNING] - Audio input error (OSError): No Default Input Device Available - Likely no microphone in sandbox.
2025-06-04 07:12:57,334 [INFO] - No command received or error in listening.
2025-06-04 07:12:57,351 [WARNING] - Audio input error (OSError): No Default Input Device Available - Likely no microphone in sandbox.
2025-06-04 07:12:57,351 [INFO] - No command received or error in listening.
2025-06-04 07:12:57,368 [WARNING] - Audio input error (OSError): No Default Input Device Available - Likely no microphone in sandbox.
2025-06-04 07:12:57,368 [INFO] - No command received or error in listening.
2025-06-04 07:12:57,386 [WARNING] - Audio input error (OSError): No Default Input Device Available - Likely no microphone in sandbox.
2025-06-04 07:12:57,386 [INFO] - No command received or error in listening.
2025-06-04 07:12:57,403 [WARNING] - Audio input error (OSError): No Default Input Device Available - Likely no microphone in sandbox.
2025-06-04 07:12:57,403 [INFO] - No command received or error in listening.
2025-06-04 07:12:57,421 [WARNING] - Audio input error (OSError): No Default Input Device Available - Likely no microphone in sandbox.
2025-06-04 07:12:57,421 [INFO] - No command received or error in listening.
2025-06-04 07:12:57,438 [WARNING] - Audio input error (OSError): No Default Input Device Available - Likely no microphone in sandbox.
2025-06-04 07:12:57,438 [INFO] - No command received or error in listening.
2025-06-04 07:12:57,455 [WARNING] - Audio input error (OSError): No Default Input Device Available - Likely no microphone in sandbox.
2025-06-04 07:12:57,455 [INFO] - No command received or error in listening.
2025-06-04 07:12:57,473 [WARNING] - Audio input error (OSError): No Default Input Device Available - Likely no microphone in sandbox.
2025-06-04 07:12:57,473 [INFO] - No command received or error in listening.
2025-06-04 07:12:57,490 [WARNING] - Audio input error (OSError): No Default Input Device Available - Likely no microphone in sandbox.
2025-06-04 07:12:57,490 [INFO] - No command received or error in listening.
2025-06-04 07:12:57,508 [WARNING] - Audio input error (OSError): No Default Input Device Available - Likely no microphone in sandbox.
2025-06-04 07:12:57,508 [INFO] - No command received or error in listening.
2025-06-04 07:12:57,525 [WARNING] - Audio input error (OSError): No Default Input Device Available - Likely no microphone in sandbox.
2025-06-04 07:12:57,525 [INFO] - No command received or error in listening.
2025-06-04 07:12:57,542 [WARNING] - Audio input error (OSError): No Default Input Device Available - Likely no microphone in sandbox.
2025-06-04 07:12:57,542 [INFO] - No command received or error in listening.
2025-06-04 07:12:57,560 [WARNING] - Audio input error (OSError): No Default Input Device Available - Likely no microphone in sandbox.
2025-06-04 07:12:57,560 [INFO] - No command received or error in listening.
2025-06-04 07:12:57,577 [WARNING] - Audio input error (OSError): No Default Input Device Available - Likely no microphone in sandbox.
2025-06-04 07:12:57,578 [INFO] - No command received or error in listening.
2025-06-04 07:12:57,595 [WARNING] - Audio input error (OSError): No Default Input Device Available - Likely no microphone in sandbox.
2025-06-04 07:12:57,595 [INFO] - No command received or error in listening.
2025-06-04 07:12:57,612 [WARNING] - Audio input error (OSError): No Default Input Device Available - Likely no microphone in sandbox.
2025-06-04 07:12:57,612 [INFO] - No command received or error in listening.
2025-06-04 07:12:57,630 [WARNING] - Audio input error (OSError): No Default Input Device Available - Likely no microphone in sandbox.
2025-06-04 07:12:57,630 [INFO] - No command received or error in listening.
2025-06-04 07:12:57,647 [WARNING] - Audio input error (OSError): No Default Input Device Available - Likely no microphone in sandbox.
2025-06-04 07:12:57,647 [INFO] - No command received or error in listening.
2025-06-04 07:12:57,665 [WARNING] - Audio input error (OSError): No Default Input Device Available - Likely no microphone in sandbox.
2025-06-04 07:12:57,665 [INFO] - No command received or error in listening.
2025-06-04 07:12:57,682 [WARNING] - Audio input error (OSError): No Default Input Device Available - Likely no microphone in sandbox.
2025-06-04 07:12:57,682 [INFO] - No command received or error in listening.
2025-06-04 07:12:57,700 [WARNING] - Audio input error (OSError): No Default Input Device Available - Likely no microphone in sandbox.
2025-06-04 07:12:57,700 [INFO] - No command received or error in listening.
2025-06-04 07:12:57,717 [WARNING] - Audio input error (OSError): No Default Input Device Available - Likely no microphone in sandbox.
2025-06-04 07:12:57,718 [INFO] - No command received or error in listening.
2025-06-04 07:12:57,735 [WARNING] - Audio input error (OSError): No Default Input Device Available - Likely no microphone in sandbox.
2025-06-04 07:12:57,735 [INFO] - No command received or error in listening.
2025-06-04 07:12:57,752 [WARNING] - Audio input error (OSError): No Default Input Device Available - Likely no microphone in sandbox.
2025-06-04 07:12:57,752 [INFO] - No command received or error in listening.
2025-06-04 07:12:57,770 [WARNING] - Audio input error (OSError): No Default Input Device Available - Likely no microphone in sandbox.
2025-06-04 07:12:57,770 [INFO] - No command received or error in listening.
2025-06-04 07:12:57,788 [WARNING] - Audio input error (OSError): No Default Input Device Available - Likely no microphone in sandbox.
2025-06-04 07:12:57,788 [INFO] - No command received or error in listening.
2025-06-04 07:12:57,806 [WARNING] - Audio input error (OSError): No Default Input Device Available - Likely no microphone in sandbox.
2025-06-04 07:12:57,807 [INFO] - No command received or error in listening.
2025-06-04 07:12:57,824 [WARNING] - Audio input error (OSError): No Default Input Device Available - Likely no microphone in sandbox.
2025-06-04 07:12:57,824 [INFO] - No command received or error in listening.
2025-06-04 07:12:57,841 [WARNING] - Audio input error (OSError): No Default Input Device Available - Likely no microphone in sandbox.
2025-06-04 07:12:57,841 [INFO] - No command received or error in listening.
2025-06-04 07:12:57,859 [WARNING] - Audio input error (OSError): No Default Input Device Available - Likely no microphone in sandbox.
2025-06-04 07:12:57,859 [INFO] - No command received or error in listening.
2025-06-04 07:12:57,876 [WARNING] - Audio input error (OSError): No Default Input Device Available - Likely no microphone in sandbox.
2025-06-04 07:12:57,876 [INFO] - No command received or error in listening.
2025-06-04 07:12:57,893 [WARNING] - Audio input error (OSError): No Default Input Device Available - Likely no microphone in sandbox.
2025-06-04 07:12:57,894 [INFO] - No command received or error in listening.
2025-06-04 07:12:57,911 [WARNING] - Audio input error (OSError): No Default Input Device Available - Likely no microphone in sandbox.
2025-06-04 07:12:57,911 [INFO] - No command received or error in listening.
2025-06-04 07:12:57,928 [WARNING] - Audio input error (OSError): No Default Input Device Available - Likely no microphone in sandbox.
2025-06-04 07:12:57,928 [INFO] - No command received or error in listening.
2025-06-04 07:12:57,946 [WARNING] - Audio input error (OSError): No Default Input Device Available - Likely no microphone in sandbox.
2025-06-04 07:12:57,946 [INFO] - No command received or error in listening.
2025-06-04 07:12:58,115 [WARNING] - Audio input error (OSError): No Default Input Device Available - Likely no microphone in sandbox.
2025-06-04 07:12:58,115 [INFO] - No command received or error in listening.
2025-06-04 07:12:58,132 [WARNING] - Audio input error (OSError): No Default Input Device Available - Likely no microphone in sandbox.
2025-06-04 07:12:58,133 [INFO] - No command received or error in listening.
2025-06-04 07:12:58,150 [WARNING] - Audio input error (OSError): No Default Input Device Available - Likely no microphone in sandbox.
2025-06-04 07:12:58,150 [INFO] - No command received or error in listening.
2025-06-04 07:12:58,168 [WARNING] - Audio input error (OSError): No Default Input Device Available - Likely no microphone in sandbox.
2025-06-04 07:12:58,168 [INFO] - No command received or error in listening.
2025-06-04 07:12:58,186 [WARNING] - Audio input error (OSError): No Default Input Device Available - Likely no microphone in sandbox.
2025-06-04 07:12:58,186 [INFO] - No command received or error in listening.
2025-06-04 07:12:58,203 [WARNING] - Audio input error (OSError): No Default Input Device Available - Likely no microphone in sandbox.
2025-06-04 07:12:58,203 [INFO] - No command received or error in listening.
2025-06-04 07:12:58,221 [WARNING] - Audio input error (OSError): No Default Input Device Available - Likely no microphone in sandbox.
2025-06-04 07:12:58,221 [INFO] - No command received or error in listening.
2025-06-04 07:12:58,238 [WARNING] - Audio input error (OSError): No Default Input Device Available - Likely no microphone in sandbox.
2025-06-04 07:12:58,239 [INFO] - No command received or error in listening.
2025-06-04 07:12:58,258 [WARNING] - Audio input error (OSError): No Default Input Device Available - Likely no microphone in sandbox.
2025-06-04 07:12:58,258 [INFO] - No command received or error in listening.
2025-06-04 07:12:58,276 [WARNING] - Audio input error (OSError): No Default Input Device Available - Likely no microphone in sandbox.
2025-06-04 07:12:58,277 [INFO] - No command received or error in listening.
2025-06-04 07:12:58,294 [WARNING] - Audio input error (OSError): No Default Input Device Available - Likely no microphone in sandbox.
2025-06-04 07:12:58,294 [INFO] - No command received or error in listening.
2025-06-04 07:12:58,312 [WARNING] - Audio input error (OSError): No Default Input Device Available - Likely no microphone in sandbox.
2025-06-04 07:12:58,312 [INFO] - No command received or error in listening.
2025-06-04 07:12:58,329 [WARNING] - Audio input error (OSError): No Default Input Device Available - Likely no microphone in sandbox.
2025-06-04 07:12:58,329 [INFO] - No command received or error in listening.
2025-06-04 07:12:58,347 [WARNING] - Audio input error (OSError): No Default Input Device Available - Likely no microphone in sandbox.
2025-06-04 07:12:58,347 [INFO] - No command received or error in listening.
2025-06-04 07:12:58,365 [WARNING] - Audio input error (OSError): No Default Input Device Available - Likely no microphone in sandbox.
2025-06-04 07:12:58,365 [INFO] - No command received or error in listening.
2025-06-04 07:12:58,385 [WARNING] - Audio input error (OSError): No Default Input Device Available - Likely no microphone in sandbox.
2025-06-04 07:12:58,385 [INFO] - No command received or error in listening.
2025-06-04 07:12:58,402 [WARNING] - Audio input error (OSError): No Default Input Device Available - Likely no microphone in sandbox.
2025-06-04 07:12:58,402 [INFO] - No command received or error in listening.
2025-06-04 07:12:58,420 [WARNING] - Audio input error (OSError): No Default Input Device Available - Likely no microphone in sandbox.
2025-06-04 07:12:58,420 [INFO] - No command received or error in listening.
2025-06-04 07:12:58,437 [WARNING] - Audio input error (OSError): No Default Input Device Available - Likely no microphone in sandbox.
2025-06-04 07:12:58,437 [INFO] - No command received or error in listening.
2025-06-04 07:12:58,454 [WARNING] - Audio input error (OSError): No Default Input Device Available - Likely no microphone in sandbox.
2025-06-04 07:12:58,454 [INFO] - No command received or error in listening.
2025-06-04 07:12:58,472 [WARNING] - Audio input error (OSError): No Default Input Device Available - Likely no microphone in sandbox.
2025-06-04 07:12:58,472 [INFO] - No command received or error in listening.
2025-06-04 07:12:58,489 [WARNING] - Audio input error (OSError): No Default Input Device Available - Likely no microphone in sandbox.
2025-06-04 07:12:58,489 [INFO] - No command received or error in listening.
2025-06-04 07:12:58,507 [WARNING] - Audio input error (OSError): No Default Input Device Available - Likely no microphone in sandbox.
2025-06-04 07:12:58,507 [INFO] - No command received or error in listening.
2025-06-04 07:12:58,524 [WARNING] - Audio input error (OSError): No Default Input Device Available - Likely no microphone in sandbox.
2025-06-04 07:12:58,525 [INFO] - No command received or error in listening.
2025-06-04 07:12:58,542 [WARNING] - Audio input error (OSError): No Default Input Device Available - Likely no microphone in sandbox.
2025-06-04 07:12:58,542 [INFO] - No command received or error in listening.
2025-06-04 07:12:58,560 [WARNING] - Audio input error (OSError): No Default Input Device Available - Likely no microphone in sandbox.
2025-06-04 07:12:58,560 [INFO] - No command received or error in listening.
2025-06-04 07:12:58,577 [WARNING] - Audio input error (OSError): No Default Input Device Available - Likely no microphone in sandbox.
2025-06-04 07:12:58,577 [INFO] - No command received or error in listening.
2025-06-04 07:12:58,595 [WARNING] - Audio input error (OSError): No Default Input Device Available - Likely no microphone in sandbox.
2025-06-04 07:12:58,595 [INFO] - No command received or error in listening.
2025-06-04 07:12:58,612 [WARNING] - Audio input error (OSError): No Default Input Device Available - Likely no microphone in sandbox.
2025-06-04 07:12:58,612 [INFO] - No command received or error in listening.
2025-06-04 07:12:58,630 [WARNING] - Audio input error (OSError): No Default Input Device Available - Likely no microphone in sandbox.
2025-06-04 07:12:58,630 [INFO] - No command received or error in listening.
2025-06-04 07:12:58,647 [WARNING] - Audio input error (OSError): No Default Input Device Available - Likely no microphone in sandbox.
2025-06-04 07:12:58,647 [INFO] - No command received or error in listening.
2025-06-04 07:12:58,665 [WARNING] - Audio input error (OSError): No Default Input Device Available - Likely no microphone in sandbox.
2025-06-04 07:12:58,665 [INFO] - No command received or error in listening.
2025-06-04 07:12:58,682 [WARNING] - Audio input error (OSError): No Default Input Device Available - Likely no microphone in sandbox.
2025-06-04 07:12:58,682 [INFO] - No command received or error in listening.
2025-06-04 07:12:58,700 [WARNING] - Audio input error (OSError): No Default Input Device Available - Likely no microphone in sandbox.
2025-06-04 07:12:58,700 [INFO] - No command received or error in listening.
2025-06-04 07:12:58,717 [WARNING] - Audio input error (OSError): No Default Input Device Available - Likely no microphone in sandbox.
2025-06-04 07:12:58,717 [INFO] - No command received or error in listening.
2025-06-04 07:12:58,735 [WARNING] - Audio input error (OSError): No Default Input Device Available - Likely no microphone in sandbox.
2025-06-04 07:12:58,735 [INFO] - No command received or error in listening.
2025-06-04 07:12:58,752 [WARNING] - Audio input error (OSError): No Default Input Device Available - Likely no microphone in sandbox.
2025-06-04 07:12:58,752 [INFO] - No command received or error in listening.
2025-06-04 07:12:58,769 [WARNING] - Audio input error (OSError): No Default Input Device Available - Likely no microphone in sandbox.
2025-06-04 07:12:58,769 [INFO] - No command received or error in listening.
2025-06-04 07:12:58,787 [WARNING] - Audio input error (OSError): No Default Input Device Available - Likely no microphone in sandbox.
2025-06-04 07:12:58,787 [INFO] - No command received or error in listening.
2025-06-04 07:12:58,804 [WARNING] - Audio input error (OSError): No Default Input Device Available - Likely no microphone in sandbox.
2025-06-04 07:12:58,804 [INFO] - No command received or error in listening.
2025-06-04 07:12:58,822 [WARNING] - Audio input error (OSError): No Default Input Device Available - Likely no microphone in sandbox.
2025-06-04 07:12:58,822 [INFO] - No command received or error in listening.
2025-06-04 07:12:58,839 [WARNING] - Audio input error (OSError): No Default Input Device Available - Likely no microphone in sandbox.
2025-06-04 07:12:58,839 [INFO] - No command received or error in listening.
2025-06-04 07:12:58,857 [WARNING] - Audio input error (OSError): No Default Input Device Available - Likely no microphone in sandbox.
2025-06-04 07:12:58,858 [INFO] - No command received or error in listening.
2025-06-04 07:12:58,877 [WARNING] - Audio input error (OSError): No Default Input Device Available - Likely no microphone in sandbox.
2025-06-04 07:12:58,877 [INFO] - No command received or error in listening.
2025-06-04 07:12:58,894 [WARNING] - Audio input error (OSError): No Default Input Device Available - Likely no microphone in sandbox.
2025-06-04 07:12:58,894 [INFO] - No command received or error in listening.
2025-06-04 07:12:58,912 [WARNING] - Audio input error (OSError): No Default Input Device Available - Likely no microphone in sandbox.
2025-06-04 07:12:58,912 [INFO] - No command received or error in listening.
2025-06-04 07:12:58,929 [WARNING] - Audio input error (OSError): No Default Input Device Available - Likely no microphone in sandbox.
2025-06-04 07:12:58,929 [INFO] - No command received or error in listening.
2025-06-04 07:12:58,946 [WARNING] - Audio input error (OSError): No Default Input Device Available - Likely no microphone in sandbox.
2025-06-04 07:12:58,946 [INFO] - No command received or error in listening.
2025-06-04 07:12:58,963 [WARNING] - Audio input error (OSError): No Default Input Device Available - Likely no microphone in sandbox.
2025-06-04 07:12:58,963 [INFO] - No command received or error in listening.
2025-06-04 07:12:58,980 [WARNING] - Audio input error (OSError): No Default Input Device Available - Likely no microphone in sandbox.
2025-06-04 07:12:58,981 [INFO] - No command received or error in listening.
2025-06-04 07:12:58,998 [WARNING] - Audio input error (OSError): No Default Input Device Available - Likely no microphone in sandbox.
2025-06-04 07:12:58,998 [INFO] - No command received or error in listening.
2025-06-04 07:12:59,015 [WARNING] - Audio input error (OSError): No Default Input Device Available - Likely no microphone in sandbox.
2025-06-04 07:12:59,015 [INFO] - No command received or error in listening.
2025-06-04 07:12:59,032 [WARNING] - Audio input error (OSError): No Default Input Device Available - Likely no microphone in sandbox.
2025-06-04 07:12:59,032 [INFO] - No command received or error in listening.
2025-06-04 07:12:59,050 [WARNING] - Audio input error (OSError): No Default Input Device Available - Likely no microphone in sandbox.
2025-06-04 07:12:59,050 [INFO] - No command received or error in listening.
2025-06-04 07:12:59,067 [WARNING] - Audio input error (OSError): No Default Input Device Available - Likely no microphone in sandbox.
2025-06-04 07:12:59,067 [INFO] - No command received or error in listening.
2025-06-04 07:12:59,085 [WARNING] - Audio input error (OSError): No Default Input Device Available - Likely no microphone in sandbox.
2025-06-04 07:12:59,085 [INFO] - No command received or error in listening.
2025-06-04 07:12:59,102 [WARNING] - Audio input error (OSError): No Default Input Device Available - Likely no microphone in sandbox.
2025-06-04 07:12:59,102 [INFO] - No command received or error in listening.
2025-06-04 07:12:59,119 [WARNING] - Audio input error (OSError): No Default Input Device Available - Likely no microphone in sandbox.
2025-06-04 07:12:59,119 [INFO] - No command received or error in listening.
2025-06-04 07:12:59,137 [WARNING] - Audio input error (OSError): No Default Input Device Available - Likely no microphone in sandbox.
2025-06-04 07:12:59,137 [INFO] - No command received or error in listening.
2025-06-04 07:12:59,154 [WARNING] - Audio input error (OSError): No Default Input Device Available - Likely no microphone in sandbox.
2025-06-04 07:12:59,155 [INFO] - No command received or error in listening.
2025-06-04 07:12:59,172 [WARNING] - Audio input error (OSError): No Default Input Device Available - Likely no microphone in sandbox.
2025-06-04 07:12:59,172 [INFO] - No command received or error in listening.
2025-06-04 07:12:59,189 [WARNING] - Audio input error (OSError): No Default Input Device Available - Likely no microphone in sandbox.
2025-06-04 07:12:59,190 [INFO] - No command received or error in listening.
2025-06-04 07:12:59,207 [WARNING] - Audio input error (OSError): No Default Input Device Available - Likely no microphone in sandbox.
2025-06-04 07:12:59,207 [INFO] - No command received or error in listening.
2025-06-04 07:12:59,224 [WARNING] - Audio input error (OSError): No Default Input Device Available - Likely no microphone in sandbox.
2025-06-04 07:12:59,224 [INFO] - No command received or error in listening.
2025-06-04 07:12:59,241 [WARNING] - Audio input error (OSError): No Default Input Device Available - Likely no microphone in sandbox.
2025-06-04 07:12:59,241 [INFO] - No command received or error in listening.
2025-06-04 07:12:59,259 [WARNING] - Audio input error (OSError): No Default Input Device Available - Likely no microphone in sandbox.
2025-06-04 07:12:59,259 [INFO] - No command received or error in listening.
2025-06-04 07:12:59,276 [WARNING] - Audio input error (OSError): No Default Input Device Available - Likely no microphone in sandbox.
2025-06-04 07:12:59,276 [INFO] - No command received or error in listening.
2025-06-04 07:12:59,294 [WARNING] - Audio input error (OSError): No Default Input Device Available - Likely no microphone in sandbox.
2025-06-04 07:12:59,294 [INFO] - No command received or error in listening.
2025-06-04 07:12:59,311 [WARNING] - Audio input error (OSError): No Default Input Device Available - Likely no microphone in sandbox.
2025-06-04 07:12:59,311 [INFO] - No command received or error in listening.
2025-06-04 07:12:59,329 [WARNING] - Audio input error (OSError): No Default Input Device Available - Likely no microphone in sandbox.
2025-06-04 07:12:59,329 [INFO] - No command received or error in listening.
2025-06-04 07:12:59,346 [WARNING] - Audio input error (OSError): No Default Input Device Available - Likely no microphone in sandbox.
2025-06-04 07:12:59,346 [INFO] - No command received or error in listening.
2025-06-04 07:12:59,364 [WARNING] - Audio input error (OSError): No Default Input Device Available - Likely no microphone in sandbox.
2025-06-04 07:12:59,364 [INFO] - No command received or error in listening.
2025-06-04 07:12:59,381 [WARNING] - Audio input error (OSError): No Default Input Device Available - Likely no microphone in sandbox.
2025-06-04 07:12:59,381 [INFO] - No command received or error in listening.
2025-06-04 07:12:59,399 [WARNING] - Audio input error (OSError): No Default Input Device Available - Likely no microphone in sandbox.
2025-06-04 07:12:59,399 [INFO] - No command received or error in listening.
2025-06-04 07:12:59,416 [WARNING] - Audio input error (OSError): No Default Input Device Available - Likely no microphone in sandbox.
2025-06-04 07:12:59,416 [INFO] - No command received or error in listening.
2025-06-04 07:12:59,433 [WARNING] - Audio input error (OSError): No Default Input Device Available - Likely no microphone in sandbox.
2025-06-04 07:12:59,434 [INFO] - No command received or error in listening.
2025-06-04 07:12:59,451 [WARNING] - Audio input error (OSError): No Default Input Device Available - Likely no microphone in sandbox.
2025-06-04 07:12:59,451 [INFO] - No command received or error in listening.
2025-06-04 07:12:59,468 [WARNING] - Audio input error (OSError): No Default Input Device Available - Likely no microphone in sandbox.
2025-06-04 07:12:59,468 [INFO] - No command received or error in listening.
2025-06-04 07:12:59,486 [WARNING] - Audio input error (OSError): No Default Input Device Available - Likely no microphone in sandbox.
2025-06-04 07:12:59,486 [INFO] - No command received or error in listening.
2025-06-04 07:12:59,503 [WARNING] - Audio input error (OSError): No Default Input Device Available - Likely no microphone in sandbox.
2025-06-04 07:12:59,503 [INFO] - No command received or error in listening.
2025-06-04 07:12:59,521 [WARNING] - Audio input error (OSError): No Default Input Device Available - Likely no microphone in sandbox.
2025-06-04 07:12:59,521 [INFO] - No command received or error in listening.
2025-06-04 07:12:59,538 [WARNING] - Audio input error (OSError): No Default Input Device Available - Likely no microphone in sandbox.
2025-06-04 07:12:59,538 [INFO] - No command received or error in listening.
2025-06-04 07:12:59,555 [WARNING] - Audio input error (OSError): No Default Input Device Available - Likely no microphone in sandbox.
2025-06-04 07:12:59,556 [INFO] - No command received or error in listening.
2025-06-04 07:12:59,573 [WARNING] - Audio input error (OSError): No Default Input Device Available - Likely no microphone in sandbox.
2025-06-04 07:12:59,573 [INFO] - No command received or error in listening.
2025-06-04 07:12:59,590 [WARNING] - Audio input error (OSError): No Default Input Device Available - Likely no microphone in sandbox.
2025-06-04 07:12:59,590 [INFO] - No command received or error in listening.
2025-06-04 07:12:59,608 [WARNING] - Audio input error (OSError): No Default Input Device Available - Likely no microphone in sandbox.
2025-06-04 07:12:59,608 [INFO] - No command received or error in listening.
2025-06-04 07:12:59,625 [WARNING] - Audio input error (OSError): No Default Input Device Available - Likely no microphone in sandbox.
2025-06-04 07:12:59,625 [INFO] - No command received or error in listening.
2025-06-04 07:12:59,642 [WARNING] - Audio input error (OSError): No Default Input Device Available - Likely no microphone in sandbox.
2025-06-04 07:12:59,643 [INFO] - No command received or error in listening.
2025-06-04 07:12:59,660 [WARNING] - Audio input error (OSError): No Default Input Device Available - Likely no microphone in sandbox.
2025-06-04 07:12:59,660 [INFO] - No command received or error in listening.
2025-06-04 07:12:59,677 [WARNING] - Audio input error (OSError): No Default Input Device Available - Likely no microphone in sandbox.
2025-06-04 07:12:59,677 [INFO] - No command received or error in listening.
2025-06-04 07:12:59,695 [WARNING] - Audio input error (OSError): No Default Input Device Available - Likely no microphone in sandbox.
2025-06-04 07:12:59,695 [INFO] - No command received or error in listening.
2025-06-04 07:12:59,712 [WARNING] - Audio input error (OSError): No Default Input Device Available - Likely no microphone in sandbox.
2025-06-04 07:12:59,712 [INFO] - No command received or error in listening.
2025-06-04 07:12:59,729 [WARNING] - Audio input error (OSError): No Default Input Device Available - Likely no microphone in sandbox.
2025-06-04 07:12:59,729 [INFO] - No command received or error in listening.
2025-06-04 07:12:59,746 [WARNING] - Audio input error (OSError): No Default Input Device Available - Likely no microphone in sandbox.
2025-06-04 07:12:59,747 [INFO] - No command received or error in listening.
2025-06-04 07:12:59,764 [WARNING] - Audio input error (OSError): No Default Input Device Available - Likely no microphone in sandbox.
2025-06-04 07:12:59,764 [INFO] - No command received or error in listening.
2025-06-04 07:12:59,781 [WARNING] - Audio input error (OSError): No Default Input Device Available - Likely no microphone in sandbox.
2025-06-04 07:12:59,781 [INFO] - No command received or error in listening.
2025-06-04 07:12:59,799 [WARNING] - Audio input error (OSError): No Default Input Device Available - Likely no microphone in sandbox.
2025-06-04 07:12:59,799 [INFO] - No command received or error in listening.
2025-06-04 07:12:59,816 [WARNING] - Audio input error (OSError): No Default Input Device Available - Likely no microphone in sandbox.
2025-06-04 07:12:59,816 [INFO] - No command received or error in listening.
2025-06-04 07:12:59,833 [WARNING] - Audio input error (OSError): No Default Input Device Available - Likely no microphone in sandbox.
2025-06-04 07:12:59,833 [INFO] - No command received or error in listening.
2025-06-04 07:12:59,851 [WARNING] - Audio input error (OSError): No Default Input Device Available - Likely no microphone in sandbox.
2025-06-04 07:12:59,851 [INFO] - No command received or error in listening.
2025-06-04 07:12:59,868 [WARNING] - Audio input error (OSError): No Default Input Device Available - Likely no microphone in sandbox.
2025-06-04 07:12:59,868 [INFO] - No command received or error in listening.
2025-06-04 07:12:59,885 [WARNING] - Audio input error (OSError): No Default Input Device Available - Likely no microphone in sandbox.
2025-06-04 07:12:59,885 [INFO] - No command received or error in listening.
2025-06-04 07:12:59,902 [WARNING] - Audio input error (OSError): No Default Input Device Available - Likely no microphone in sandbox.
2025-06-04 07:12:59,902 [INFO] - No command received or error in listening.
2025-06-04 07:12:59,919 [WARNING] - Audio input error (OSError): No Default Input Device Available - Likely no microphone in sandbox.
2025-06-04 07:12:59,920 [INFO] - No command received or error in listening.
2025-06-04 07:12:59,937 [WARNING] - Audio input error (OSError): No Default Input Device Available - Likely no microphone in sandbox.
2025-06-04 07:12:59,937 [INFO] - No command received or error in listening.
2025-06-04 07:12:59,954 [WARNING] - Audio input error (OSError): No Default Input Device Available - Likely no microphone in sandbox.
2025-06-04 07:12:59,954 [INFO] - No command received or error in listening.
2025-06-04 07:12:59,971 [WARNING] - Audio input error (OSError): No Default Input Device Available - Likely no microphone in sandbox.
2025-06-04 07:12:59,972 [INFO] - No command received or error in listening.
2025-06-04 07:12:59,989 [WARNING] - Audio input error (OSError): No Default Input Device Available - Likely no microphone in sandbox.
2025-06-04 07:12:59,989 [INFO] - No command received or error in listening.
2025-06-04 07:13:00,006 [WARNING] - Audio input error (OSError): No Default Input Device Available - Likely no microphone in sandbox.
2025-06-04 07:13:00,006 [INFO] - No command received or error in listening.
2025-06-04 07:13:00,024 [WARNING] - Audio input error (OSError): No Default Input Device Available - Likely no microphone in sandbox.
2025-06-04 07:13:00,024 [INFO] - No command received or error in listening.
2025-06-04 07:13:00,041 [WARNING] - Audio input error (OSError): No Default Input Device Available - Likely no microphone in sandbox.
2025-06-04 07:13:00,041 [INFO] - No command received or error in listening.
2025-06-04 07:13:00,059 [WARNING] - Audio input error (OSError): No Default Input Device Available - Likely no microphone in sandbox.
2025-06-04 07:13:00,059 [INFO] - No command received or error in listening.
2025-06-04 07:13:00,076 [WARNING] - Audio input error (OSError): No Default Input Device Available - Likely no microphone in sandbox.
2025-06-04 07:13:00,077 [INFO] - No command received or error in listening.
2025-06-04 07:13:00,094 [WARNING] - Audio input error (OSError): No Default Input Device Available - Likely no microphone in sandbox.
2025-06-04 07:13:00,094 [INFO] - No command received or error in listening.
2025-06-04 07:13:00,111 [WARNING] - Audio input error (OSError): No Default Input Device Available - Likely no microphone in sandbox.
2025-06-04 07:13:00,112 [INFO] - No command received or error in listening.
2025-06-04 07:13:00,129 [WARNING] - Audio input error (OSError): No Default Input Device Available - Likely no microphone in sandbox.
2025-06-04 07:13:00,129 [INFO] - No command received or error in listening.
2025-06-04 07:13:00,147 [WARNING] - Audio input error (OSError): No Default Input Device Available - Likely no microphone in sandbox.
2025-06-04 07:13:00,147 [INFO] - No command received or error in listening.
2025-06-04 07:13:00,164 [WARNING] - Audio input error (OSError): No Default Input Device Available - Likely no microphone in sandbox.
2025-06-04 07:13:00,164 [INFO] - No command received or error in listening.
2025-06-04 07:13:00,182 [WARNING] - Audio input error (OSError): No Default Input Device Available - Likely no microphone in sandbox.
2025-06-04 07:13:00,182 [INFO] - No command received or error in listening.
2025-06-04 07:13:00,199 [WARNING] - Audio input error (OSError): No Default Input Device Available - Likely no microphone in sandbox.
2025-06-04 07:13:00,200 [INFO] - No command received or error in listening.
2025-06-04 07:13:00,217 [WARNING] - Audio input error (OSError): No Default Input Device Available - Likely no microphone in sandbox.
2025-06-04 07:13:00,217 [INFO] - No command received or error in listening.
2025-06-04 07:13:00,235 [WARNING] - Audio input error (OSError): No Default Input Device Available - Likely no microphone in sandbox.
2025-06-04 07:13:00,235 [INFO] - No command received or error in listening.
2025-06-04 07:13:00,253 [WARNING] - Audio input error (OSError): No Default Input Device Available - Likely no microphone in sandbox.
2025-06-04 07:13:00,253 [INFO] - No command received or error in listening.
2025-06-04 07:13:00,270 [WARNING] - Audio input error (OSError): No Default Input Device Available - Likely no microphone in sandbox.
2025-06-04 07:13:00,271 [INFO] - No command received or error in listening.
2025-06-04 07:13:00,288 [WARNING] - Audio input error (OSError): No Default Input Device Available - Likely no microphone in sandbox.
2025-06-04 07:13:00,288 [INFO] - No command received or error in listening.
2025-06-04 07:13:00,305 [WARNING] - Audio input error (OSError): No Default Input Device Available - Likely no microphone in sandbox.
2025-06-04 07:13:00,306 [INFO] - No command received or error in listening.
2025-06-04 07:13:00,323 [WARNING] - Audio input error (OSError): No Default Input Device Available - Likely no microphone in sandbox.
2025-06-04 07:13:00,323 [INFO] - No command received or error in listening.
2025-06-04 07:13:00,340 [WARNING] - Audio input error (OSError): No Default Input Device Available - Likely no microphone in sandbox.
2025-06-04 07:13:00,340 [INFO] - No command received or error in listening.
2025-06-04 07:13:00,357 [WARNING] - Audio input error (OSError): No Default Input Device Available - Likely no microphone in sandbox.
2025-06-04 07:13:00,358 [INFO] - No command received or error in listening.
2025-06-04 07:13:00,375 [WARNING] - Audio input error (OSError): No Default Input Device Available - Likely no microphone in sandbox.
2025-06-04 07:13:00,375 [INFO] - No command received or error in listening.
2025-06-04 07:13:00,392 [WARNING] - Audio input error (OSError): No Default Input Device Available - Likely no microphone in sandbox.
2025-06-04 07:13:00,393 [INFO] - No command received or error in listening.
2025-06-04 07:13:00,410 [WARNING] - Audio input error (OSError): No Default Input Device Available - Likely no microphone in sandbox.
2025-06-04 07:13:00,410 [INFO] - No command received or error in listening.
2025-06-04 07:13:00,428 [WARNING] - Audio input error (OSError): No Default Input Device Available - Likely no microphone in sandbox.
2025-06-04 07:13:00,428 [INFO] - No command received or error in listening.
2025-06-04 07:13:00,445 [WARNING] - Audio input error (OSError): No Default Input Device Available - Likely no microphone in sandbox.
2025-06-04 07:13:00,445 [INFO] - No command received or error in listening.
2025-06-04 07:13:00,463 [WARNING] - Audio input error (OSError): No Default Input Device Available - Likely no microphone in sandbox.
2025-06-04 07:13:00,463 [INFO] - No command received or error in listening.
2025-06-04 07:13:00,480 [WARNING] - Audio input error (OSError): No Default Input Device Available - Likely no microphone in sandbox.
2025-06-04 07:13:00,480 [INFO] - No command received or error in listening.
2025-06-04 07:13:00,497 [WARNING] - Audio input error (OSError): No Default Input Device Available - Likely no microphone in sandbox.
2025-06-04 07:13:00,497 [INFO] - No command received or error in listening.
2025-06-04 07:13:00,515 [WARNING] - Audio input error (OSError): No Default Input Device Available - Likely no microphone in sandbox.
2025-06-04 07:13:00,515 [INFO] - No command received or error in listening.
2025-06-04 07:13:00,532 [WARNING] - Audio input error (OSError): No Default Input Device Available - Likely no microphone in sandbox.
2025-06-04 07:13:00,532 [INFO] - No command received or error in listening.
2025-06-04 07:13:00,549 [WARNING] - Audio input error (OSError): No Default Input Device Available - Likely no microphone in sandbox.
2025-06-04 07:13:00,549 [INFO] - No command received or error in listening.
2025-06-04 07:13:00,567 [WARNING] - Audio input error (OSError): No Default Input Device Available - Likely no microphone in sandbox.
2025-06-04 07:13:00,567 [INFO] - No command received or error in listening.
2025-06-04 07:13:00,584 [WARNING] - Audio input error (OSError): No Default Input Device Available - Likely no microphone in sandbox.
2025-06-04 07:13:00,584 [INFO] - No command received or error in listening.
2025-06-04 07:13:00,601 [WARNING] - Audio input error (OSError): No Default Input Device Available - Likely no microphone in sandbox.
2025-06-04 07:13:00,601 [INFO] - No command received or error in listening.
2025-06-04 07:13:00,619 [WARNING] - Audio input error (OSError): No Default Input Device Available - Likely no microphone in sandbox.
2025-06-04 07:13:00,619 [INFO] - No command received or error in listening.
2025-06-04 07:13:00,636 [WARNING] - Audio input error (OSError): No Default Input Device Available - Likely no microphone in sandbox.
2025-06-04 07:13:00,636 [INFO] - No command received or error in listening.
2025-06-04 07:13:00,653 [WARNING] - Audio input error (OSError): No Default Input Device Available - Likely no microphone in sandbox.
2025-06-04 07:13:00,653 [INFO] - No command received or error in listening.
2025-06-04 07:13:00,670 [WARNING] - Audio input error (OSError): No Default Input Device Available - Likely no microphone in sandbox.
2025-06-04 07:13:00,671 [INFO] - No command received or error in listening.
2025-06-04 07:13:00,688 [WARNING] - Audio input error (OSError): No Default Input Device Available - Likely no microphone in sandbox.
2025-06-04 07:13:00,688 [INFO] - No command received or error in listening.
2025-06-04 07:13:00,705 [WARNING] - Audio input error (OSError): No Default Input Device Available - Likely no microphone in sandbox.
2025-06-04 07:13:00,705 [INFO] - No command received or error in listening.
2025-06-04 07:13:00,722 [WARNING] - Audio input error (OSError): No Default Input Device Available - Likely no microphone in sandbox.
2025-06-04 07:13:00,722 [INFO] - No command received or error in listening.
2025-06-04 07:13:00,739 [WARNING] - Audio input error (OSError): No Default Input Device Available - Likely no microphone in sandbox.
2025-06-04 07:13:00,739 [INFO] - No command received or error in listening.
2025-06-04 07:13:00,756 [WARNING] - Audio input error (OSError): No Default Input Device Available - Likely no microphone in sandbox.
2025-06-04 07:13:00,756 [INFO] - No command received or error in listening.
2025-06-04 07:13:00,773 [WARNING] - Audio input error (OSError): No Default Input Device Available - Likely no microphone in sandbox.
2025-06-04 07:13:00,773 [INFO] - No command received or error in listening.
2025-06-04 07:13:00,790 [WARNING] - Audio input error (OSError): No Default Input Device Available - Likely no microphone in sandbox.
2025-06-04 07:13:00,791 [INFO] - No command received or error in listening.
2025-06-04 07:13:00,808 [WARNING] - Audio input error (OSError): No Default Input Device Available - Likely no microphone in sandbox.
2025-06-04 07:13:00,808 [INFO] - No command received or error in listening.
2025-06-04 07:13:00,825 [WARNING] - Audio input error (OSError): No Default Input Device Available - Likely no microphone in sandbox.
2025-06-04 07:13:00,825 [INFO] - No command received or error in listening.
2025-06-04 07:13:00,843 [WARNING] - Audio input error (OSError): No Default Input Device Available - Likely no microphone in sandbox.
2025-06-04 07:13:00,843 [INFO] - No command received or error in listening.
2025-06-04 07:13:00,860 [WARNING] - Audio input error (OSError): No Default Input Device Available - Likely no microphone in sandbox.
2025-06-04 07:13:00,860 [INFO] - No command received or error in listening.
2025-06-04 07:13:00,877 [WARNING] - Audio input error (OSError): No Default Input Device Available - Likely no microphone in sandbox.
2025-06-04 07:13:00,877 [INFO] - No command received or error in listening.
2025-06-04 07:13:00,894 [WARNING] - Audio input error (OSError): No Default Input Device Available - Likely no microphone in sandbox.
2025-06-04 07:13:00,894 [INFO] - No command received or error in listening.
2025-06-04 07:13:00,912 [WARNING] - Audio input error (OSError): No Default Input Device Available - Likely no microphone in sandbox.
2025-06-04 07:13:00,912 [INFO] - No command received or error in listening.
2025-06-04 07:13:00,929 [WARNING] - Audio input error (OSError): No Default Input Device Available - Likely no microphone in sandbox.
2025-06-04 07:13:00,929 [INFO] - No command received or error in listening.
2025-06-04 07:13:00,946 [WARNING] - Audio input error (OSError): No Default Input Device Available - Likely no microphone in sandbox.
2025-06-04 07:13:00,946 [INFO] - No command received or error in listening.
2025-06-04 07:13:00,963 [WARNING] - Audio input error (OSError): No Default Input Device Available - Likely no microphone in sandbox.
2025-06-04 07:13:00,963 [INFO] - No command received or error in listening.
2025-06-04 07:13:00,980 [WARNING] - Audio input error (OSError): No Default Input Device Available - Likely no microphone in sandbox.
2025-06-04 07:13:00,980 [INFO] - No command received or error in listening.
2025-06-04 07:13:00,997 [WARNING] - Audio input error (OSError): No Default Input Device Available - Likely no microphone in sandbox.
2025-06-04 07:13:00,997 [INFO] - No command received or error in listening.
2025-06-04 07:13:01,015 [WARNING] - Audio input error (OSError): No Default Input Device Available - Likely no microphone in sandbox.
2025-06-04 07:13:01,015 [INFO] - No command received or error in listening.
2025-06-04 07:13:01,032 [WARNING] - Audio input error (OSError): No Default Input Device Available - Likely no microphone in sandbox.
2025-06-04 07:13:01,032 [INFO] - No command received or error in listening.
2025-06-04 07:13:01,049 [WARNING] - Audio input error (OSError): No Default Input Device Available - Likely no microphone in sandbox.
2025-06-04 07:13:01,049 [INFO] - No command received or error in listening.
2025-06-04 07:13:01,067 [WARNING] - Audio input error (OSError): No Default Input Device Available - Likely no microphone in sandbox.
2025-06-04 07:13:01,067 [INFO] - No command received or error in listening.
2025-06-04 07:13:01,084 [WARNING] - Audio input error (OSError): No Default Input Device Available - Likely no microphone in sandbox.
2025-06-04 07:13:01,084 [INFO] - No command received or error in listening.
2025-06-04 07:13:01,101 [WARNING] - Audio input error (OSError): No Default Input Device Available - Likely no microphone in sandbox.
2025-06-04 07:13:01,102 [INFO] - No command received or error in listening.
2025-06-04 07:13:01,119 [WARNING] - Audio input error (OSError): No Default Input Device Available - Likely no microphone in sandbox.
2025-06-04 07:13:01,119 [INFO] - No command received or error in listening.
2025-06-04 07:13:01,136 [WARNING] - Audio input error (OSError): No Default Input Device Available - Likely no microphone in sandbox.
2025-06-04 07:13:01,136 [INFO] - No command received or error in listening.
2025-06-04 07:13:01,153 [WARNING] - Audio input error (OSError): No Default Input Device Available - Likely no microphone in sandbox.
2025-06-04 07:13:01,153 [INFO] - No command received or error in listening.
2025-06-04 07:13:01,171 [WARNING] - Audio input error (OSError): No Default Input Device Available - Likely no microphone in sandbox.
2025-06-04 07:13:01,171 [INFO] - No command received or error in listening.
2025-06-04 07:13:01,188 [WARNING] - Audio input error (OSError): No Default Input Device Available - Likely no microphone in sandbox.
2025-06-04 07:13:01,188 [INFO] - No command received or error in listening.
2025-06-04 07:13:01,205 [WARNING] - Audio input error (OSError): No Default Input Device Available - Likely no microphone in sandbox.
2025-06-04 07:13:01,205 [INFO] - No command received or error in listening.
2025-06-04 07:13:01,223 [WARNING] - Audio input error (OSError): No Default Input Device Available - Likely no microphone in sandbox.
2025-06-04 07:13:01,223 [INFO] - No command received or error in listening.
2025-06-04 07:13:01,240 [WARNING] - Audio input error (OSError): No Default Input Device Available - Likely no microphone in sandbox.
2025-06-04 07:13:01,241 [INFO] - No command received or error in listening.
2025-06-04 07:13:01,258 [WARNING] - Audio input error (OSError): No Default Input Device Available - Likely no microphone in sandbox.
2025-06-04 07:13:01,258 [INFO] - No command received or error in listening.
2025-06-04 07:13:01,275 [WARNING] - Audio input error (OSError): No Default Input Device Available - Likely no microphone in sandbox.
2025-06-04 07:13:01,276 [INFO] - No command received or error in listening.
2025-06-04 07:13:01,293 [WARNING] - Audio input error (OSError): No Default Input Device Available - Likely no microphone in sandbox.
2025-06-04 07:13:01,293 [INFO] - No command received or error in listening.
2025-06-04 07:13:01,311 [WARNING] - Audio input error (OSError): No Default Input Device Available - Likely no microphone in sandbox.
2025-06-04 07:13:01,311 [INFO] - No command received or error in listening.
2025-06-04 07:13:01,328 [WARNING] - Audio input error (OSError): No Default Input Device Available - Likely no microphone in sandbox.
2025-06-04 07:13:01,328 [INFO] - No command received or error in listening.
2025-06-04 07:13:01,346 [WARNING] - Audio input error (OSError): No Default Input Device Available - Likely no microphone in sandbox.
2025-06-04 07:13:01,346 [INFO] - No command received or error in listening.
2025-06-04 07:13:01,363 [WARNING] - Audio input error (OSError): No Default Input Device Available - Likely no microphone in sandbox.
2025-06-04 07:13:01,363 [INFO] - No command received or error in listening.
2025-06-04 07:13:01,381 [WARNING] - Audio input error (OSError): No Default Input Device Available - Likely no microphone in sandbox.
2025-06-04 07:13:01,381 [INFO] - No command received or error in listening.
2025-06-04 07:13:01,398 [WARNING] - Audio input error (OSError): No Default Input Device Available - Likely no microphone in sandbox.
2025-06-04 07:13:01,398 [INFO] - No command received or error in listening.
2025-06-04 07:13:01,416 [WARNING] - Audio input error (OSError): No Default Input Device Available - Likely no microphone in sandbox.
2025-06-04 07:13:01,416 [INFO] - No command received or error in listening.
2025-06-04 07:13:01,434 [WARNING] - Audio input error (OSError): No Default Input Device Available - Likely no microphone in sandbox.
2025-06-04 07:13:01,434 [INFO] - No command received or error in listening.
2025-06-04 07:13:01,452 [WARNING] - Audio input error (OSError): No Default Input Device Available - Likely no microphone in sandbox.
2025-06-04 07:13:01,452 [INFO] - No command received or error in listening.
2025-06-04 07:13:01,470 [WARNING] - Audio input error (OSError): No Default Input Device Available - Likely no microphone in sandbox.
2025-06-04 07:13:01,471 [INFO] - No command received or error in listening.
2025-06-04 07:13:01,488 [WARNING] - Audio input error (OSError): No Default Input Device Available - Likely no microphone in sandbox.
2025-06-04 07:13:01,488 [INFO] - No command received or error in listening.
2025-06-04 07:13:01,505 [WARNING] - Audio input error (OSError): No Default Input Device Available - Likely no microphone in sandbox.
2025-06-04 07:13:01,506 [INFO] - No command received or error in listening.
2025-06-04 07:13:01,525 [WARNING] - Audio input error (OSError): No Default Input Device Available - Likely no microphone in sandbox.
2025-06-04 07:13:01,525 [INFO] - No command received or error in listening.
2025-06-04 07:13:01,543 [WARNING] - Audio input error (OSError): No Default Input Device Available - Likely no microphone in sandbox.
2025-06-04 07:13:01,543 [INFO] - No command received or error in listening.
2025-06-04 07:13:01,560 [WARNING] - Audio input error (OSError): No Default Input Device Available - Likely no microphone in sandbox.
2025-06-04 07:13:01,560 [INFO] - No command received or error in listening.
2025-06-04 07:13:01,578 [WARNING] - Audio input error (OSError): No Default Input Device Available - Likely no microphone in sandbox.
2025-06-04 07:13:01,578 [INFO] - No command received or error in listening.
2025-06-04 07:13:01,597 [WARNING] - Audio input error (OSError): No Default Input Device Available - Likely no microphone in sandbox.
2025-06-04 07:13:01,598 [INFO] - No command received or error in listening.
2025-06-04 07:13:01,615 [WARNING] - Audio input error (OSError): No Default Input Device Available - Likely no microphone in sandbox.
2025-06-04 07:13:01,615 [INFO] - No command received or error in listening.
2025-06-04 07:13:01,632 [WARNING] - Audio input error (OSError): No Default Input Device Available - Likely no microphone in sandbox.
2025-06-04 07:13:01,632 [INFO] - No command received or error in listening.
2025-06-04 07:13:01,649 [WARNING] - Audio input error (OSError): No Default Input Device Available - Likely no microphone in sandbox.
2025-06-04 07:13:01,650 [INFO] - No command received or error in listening.
2025-06-04 07:13:01,667 [WARNING] - Audio input error (OSError): No Default Input Device Available - Likely no microphone in sandbox.
2025-06-04 07:13:01,668 [INFO] - No command received or error in listening.
2025-06-04 07:13:01,685 [WARNING] - Audio input error (OSError): No Default Input Device Available - Likely no microphone in sandbox.
2025-06-04 07:13:01,685 [INFO] - No command received or error in listening.
2025-06-04 07:13:01,703 [WARNING] - Audio input error (OSError): No Default Input Device Available - Likely no microphone in sandbox.
2025-06-04 07:13:01,703 [INFO] - No command received or error in listening.
2025-06-04 07:13:01,720 [WARNING] - Audio input error (OSError): No Default Input Device Available - Likely no microphone in sandbox.
2025-06-04 07:13:01,721 [INFO] - No command received or error in listening.
2025-06-04 07:13:01,738 [WARNING] - Audio input error (OSError): No Default Input Device Available - Likely no microphone in sandbox.
2025-06-04 07:13:01,738 [INFO] - No command received or error in listening.
2025-06-04 07:13:01,758 [WARNING] - Audio input error (OSError): No Default Input Device Available - Likely no microphone in sandbox.
2025-06-04 07:13:01,758 [INFO] - No command received or error in listening.
2025-06-04 07:13:01,778 [WARNING] - Audio input error (OSError): No Default Input Device Available - Likely no microphone in sandbox.
2025-06-04 07:13:01,778 [INFO] - No command received or error in listening.
2025-06-04 07:13:01,796 [WARNING] - Audio input error (OSError): No Default Input Device Available - Likely no microphone in sandbox.
2025-06-04 07:13:01,796 [INFO] - No command received or error in listening.
2025-06-04 07:13:01,815 [WARNING] - Audio input error (OSError): No Default Input Device Available - Likely no microphone in sandbox.
2025-06-04 07:13:01,815 [INFO] - No command received or error in listening.
2025-06-04 07:13:01,832 [WARNING] - Audio input error (OSError): No Default Input Device Available - Likely no microphone in sandbox.
2025-06-04 07:13:01,833 [INFO] - No command received or error in listening.
2025-06-04 07:13:01,850 [WARNING] - Audio input error (OSError): No Default Input Device Available - Likely no microphone in sandbox.
2025-06-04 07:13:01,850 [INFO] - No command received or error in listening.
2025-06-04 07:13:01,868 [WARNING] - Audio input error (OSError): No Default Input Device Available - Likely no microphone in sandbox.
2025-06-04 07:13:01,868 [INFO] - No command received or error in listening.
2025-06-04 07:13:01,887 [WARNING] - Audio input error (OSError): No Default Input Device Available - Likely no microphone in sandbox.
2025-06-04 07:13:01,887 [INFO] - No command received or error in listening.
2025-06-04 07:13:01,904 [WARNING] - Audio input error (OSError): No Default Input Device Available - Likely no microphone in sandbox.
2025-06-04 07:13:01,904 [INFO] - No command received or error in listening.
2025-06-04 07:13:01,924 [WARNING] - Audio input error (OSError): No Default Input Device Available - Likely no microphone in sandbox.
2025-06-04 07:13:01,924 [INFO] - No command received or error in listening.
2025-06-04 07:13:01,943 [WARNING] - Audio input error (OSError): No Default Input Device Available - Likely no microphone in sandbox.
2025-06-04 07:13:01,943 [INFO] - No command received or error in listening.
2025-06-04 07:13:01,962 [WARNING] - Audio input error (OSError): No Default Input Device Available - Likely no microphone in sandbox.
2025-06-04 07:13:01,963 [INFO] - No command received or error in listening.
2025-06-04 07:13:01,982 [WARNING] - Audio input error (OSError): No Default Input Device Available - Likely no microphone in sandbox.
2025-06-04 07:13:01,982 [INFO] - No command received or error in listening.
2025-06-04 07:13:02,001 [WARNING] - Audio input error (OSError): No Default Input Device Available - Likely no microphone in sandbox.
2025-06-04 07:13:02,002 [INFO] - No command received or error in listening.
2025-06-04 07:13:02,019 [WARNING] - Audio input error (OSError): No Default Input Device Available - Likely no microphone in sandbox.
2025-06-04 07:13:02,019 [INFO] - No command received or error in listening.
2025-06-04 07:13:02,037 [WARNING] - Audio input error (OSError): No Default Input Device Available - Likely no microphone in sandbox.
2025-06-04 07:13:02,038 [INFO] - No command received or error in listening.
2025-06-04 07:13:02,055 [WARNING] - Audio input error (OSError): No Default Input Device Available - Likely no microphone in sandbox.
2025-06-04 07:13:02,055 [INFO] - No command received or error in listening.
2025-06-04 07:13:02,075 [WARNING] - Audio input error (OSError): No Default Input Device Available - Likely no microphone in sandbox.
2025-06-04 07:13:02,075 [INFO] - No command received or error in listening.
2025-06-04 07:13:02,094 [WARNING] - Audio input error (OSError): No Default Input Device Available - Likely no microphone in sandbox.
2025-06-04 07:13:02,094 [INFO] - No command received or error in listening.
2025-06-04 07:13:02,113 [WARNING] - Audio input error (OSError): No Default Input Device Available - Likely no microphone in sandbox.
2025-06-04 07:13:02,114 [INFO] - No command received or error in listening.
2025-06-04 07:13:02,131 [WARNING] - Audio input error (OSError): No Default Input Device Available - Likely no microphone in sandbox.
2025-06-04 07:13:02,131 [INFO] - No command received or error in listening.
2025-06-04 07:13:02,148 [WARNING] - Audio input error (OSError): No Default Input Device Available - Likely no microphone in sandbox.
2025-06-04 07:13:02,149 [INFO] - No command received or error in listening.
2025-06-04 07:13:02,166 [WARNING] - Audio input error (OSError): No Default Input Device Available - Likely no microphone in sandbox.
2025-06-04 07:13:02,167 [INFO] - No command received or error in listening.
2025-06-04 07:13:02,184 [WARNING] - Audio input error (OSError): No Default Input Device Available - Likely no microphone in sandbox.
2025-06-04 07:13:02,184 [INFO] - No command received or error in listening.
2025-06-04 07:13:02,203 [WARNING] - Audio input error (OSError): No Default Input Device Available - Likely no microphone in sandbox.
2025-06-04 07:13:02,203 [INFO] - No command received or error in listening.
2025-06-04 07:13:02,221 [WARNING] - Audio input error (OSError): No Default Input Device Available - Likely no microphone in sandbox.
2025-06-04 07:13:02,221 [INFO] - No command received or error in listening.
2025-06-04 07:13:02,240 [WARNING] - Audio input error (OSError): No Default Input Device Available - Likely no microphone in sandbox.
2025-06-04 07:13:02,240 [INFO] - No command received or error in listening.
2025-06-04 07:13:02,257 [WARNING] - Audio input error (OSError): No Default Input Device Available - Likely no microphone in sandbox.
2025-06-04 07:13:02,258 [INFO] - No command received or error in listening.
2025-06-04 07:13:02,275 [WARNING] - Audio input error (OSError): No Default Input Device Available - Likely no microphone in sandbox.
2025-06-04 07:13:02,275 [INFO] - No command received or error in listening.
2025-06-04 07:13:02,292 [WARNING] - Audio input error (OSError): No Default Input Device Available - Likely no microphone in sandbox.
2025-06-04 07:13:02,292 [INFO] - No command received or error in listening.
2025-06-04 07:13:02,312 [WARNING] - Audio input error (OSError): No Default Input Device Available - Likely no microphone in sandbox.
2025-06-04 07:13:02,312 [INFO] - No command received or error in listening.
2025-06-04 07:13:02,331 [WARNING] - Audio input error (OSError): No Default Input Device Available - Likely no microphone in sandbox.
2025-06-04 07:13:02,331 [INFO] - No command received or error in listening.
2025-06-04 07:13:02,348 [WARNING] - Audio input error (OSError): No Default Input Device Available - Likely no microphone in sandbox.
2025-06-04 07:13:02,348 [INFO] - No command received or error in listening.
2025-06-04 07:13:02,366 [WARNING] - Audio input error (OSError): No Default Input Device Available - Likely no microphone in sandbox.
2025-06-04 07:13:02,366 [INFO] - No command received or error in listening.
2025-06-04 07:13:02,386 [WARNING] - Audio input error (OSError): No Default Input Device Available - Likely no microphone in sandbox.
2025-06-04 07:13:02,386 [INFO] - No command received or error in listening.
2025-06-04 07:13:02,403 [WARNING] - Audio input error (OSError): No Default Input Device Available - Likely no microphone in sandbox.
2025-06-04 07:13:02,403 [INFO] - No command received or error in listening.
2025-06-04 07:13:02,421 [WARNING] - Audio input error (OSError): No Default Input Device Available - Likely no microphone in sandbox.
2025-06-04 07:13:02,421 [INFO] - No command received or error in listening.
2025-06-04 07:13:02,440 [WARNING] - Audio input error (OSError): No Default Input Device Available - Likely no microphone in sandbox.
2025-06-04 07:13:02,440 [INFO] - No command received or error in listening.
2025-06-04 07:13:02,457 [WARNING] - Audio input error (OSError): No Default Input Device Available - Likely no microphone in sandbox.
2025-06-04 07:13:02,457 [INFO] - No command received or error in listening.
2025-06-04 07:13:02,476 [WARNING] - Audio input error (OSError): No Default Input Device Available - Likely no microphone in sandbox.
2025-06-04 07:13:02,476 [INFO] - No command received or error in listening.
2025-06-04 07:13:02,494 [WARNING] - Audio input error (OSError): No Default Input Device Available - Likely no microphone in sandbox.
2025-06-04 07:13:02,494 [INFO] - No command received or error in listening.
2025-06-04 07:13:02,511 [WARNING] - Audio input error (OSError): No Default Input Device Available - Likely no microphone in sandbox.
2025-06-04 07:13:02,511 [INFO] - No command received or error in listening.
2025-06-04 07:13:02,530 [WARNING] - Audio input error (OSError): No Default Input Device Available - Likely no microphone in sandbox.
2025-06-04 07:13:02,530 [INFO] - No command received or error in listening.
2025-06-04 07:13:02,548 [WARNING] - Audio input error (OSError): No Default Input Device Available - Likely no microphone in sandbox.
2025-06-04 07:13:02,548 [INFO] - No command received or error in listening.
2025-06-04 07:13:02,565 [WARNING] - Audio input error (OSError): No Default Input Device Available - Likely no microphone in sandbox.
2025-06-04 07:13:02,565 [INFO] - No command received or error in listening.
2025-06-04 07:13:02,584 [WARNING] - Audio input error (OSError): No Default Input Device Available - Likely no microphone in sandbox.
2025-06-04 07:13:02,584 [INFO] - No command received or error in listening.
2025-06-04 07:13:02,601 [WARNING] - Audio input error (OSError): No Default Input Device Available - Likely no microphone in sandbox.
2025-06-04 07:13:02,602 [INFO] - No command received or error in listening.
2025-06-04 07:13:02,619 [WARNING] - Audio input error (OSError): No Default Input Device Available - Likely no microphone in sandbox.
2025-06-04 07:13:02,619 [INFO] - No command received or error in listening.
2025-06-04 07:13:02,636 [WARNING] - Audio input error (OSError): No Default Input Device Available - Likely no microphone in sandbox.
2025-06-04 07:13:02,636 [INFO] - No command received or error in listening.
2025-06-04 07:13:02,654 [WARNING] - Audio input error (OSError): No Default Input Device Available - Likely no microphone in sandbox.
2025-06-04 07:13:02,654 [INFO] - No command received or error in listening.
2025-06-04 07:13:02,671 [WARNING] - Audio input error (OSError): No Default Input Device Available - Likely no microphone in sandbox.
2025-06-04 07:13:02,671 [INFO] - No command received or error in listening.
2025-06-04 07:13:02,688 [WARNING] - Audio input error (OSError): No Default Input Device Available - Likely no microphone in sandbox.
2025-06-04 07:13:02,688 [INFO] - No command received or error in listening.
2025-06-04 07:13:02,705 [WARNING] - Audio input error (OSError): No Default Input Device Available - Likely no microphone in sandbox.
2025-06-04 07:13:02,706 [INFO] - No command received or error in listening.
2025-06-04 07:13:02,723 [WARNING] - Audio input error (OSError): No Default Input Device Available - Likely no microphone in sandbox.
2025-06-04 07:13:02,723 [INFO] - No command received or error in listening.
2025-06-04 07:13:02,740 [WARNING] - Audio input error (OSError): No Default Input Device Available - Likely no microphone in sandbox.
2025-06-04 07:13:02,740 [INFO] - No command received or error in listening.
2025-06-04 07:13:02,760 [WARNING] - Audio input error (OSError): No Default Input Device Available - Likely no microphone in sandbox.
2025-06-04 07:13:02,760 [INFO] - No command received or error in listening.
2025-06-04 07:13:02,778 [WARNING] - Audio input error (OSError): No Default Input Device Available - Likely no microphone in sandbox.
2025-06-04 07:13:02,778 [INFO] - No command received or error in listening.
2025-06-04 07:13:02,795 [WARNING] - Audio input error (OSError): No Default Input Device Available - Likely no microphone in sandbox.
2025-06-04 07:13:02,795 [INFO] - No command received or error in listening.
2025-06-04 07:13:02,812 [WARNING] - Audio input error (OSError): No Default Input Device Available - Likely no microphone in sandbox.
2025-06-04 07:13:02,812 [INFO] - No command received or error in listening.
2025-06-04 07:13:02,830 [WARNING] - Audio input error (OSError): No Default Input Device Available - Likely no microphone in sandbox.
2025-06-04 07:13:02,830 [INFO] - No command received or error in listening.
2025-06-04 07:13:02,848 [WARNING] - Audio input error (OSError): No Default Input Device Available - Likely no microphone in sandbox.
2025-06-04 07:13:02,848 [INFO] - No command received or error in listening.
2025-06-04 07:13:02,866 [WARNING] - Audio input error (OSError): No Default Input Device Available - Likely no microphone in sandbox.
2025-06-04 07:13:02,866 [INFO] - No command received or error in listening.
2025-06-04 07:13:02,883 [WARNING] - Audio input error (OSError): No Default Input Device Available - Likely no microphone in sandbox.
2025-06-04 07:13:02,883 [INFO] - No command received or error in listening.
2025-06-04 07:13:02,902 [WARNING] - Audio input error (OSError): No Default Input Device Available - Likely no microphone in sandbox.
2025-06-04 07:13:02,902 [INFO] - No command received or error in listening.
2025-06-04 07:13:02,919 [WARNING] - Audio input error (OSError): No Default Input Device Available - Likely no microphone in sandbox.
2025-06-04 07:13:02,920 [INFO] - No command received or error in listening.
2025-06-04 07:13:02,939 [WARNING] - Audio input error (OSError): No Default Input Device Available - Likely no microphone in sandbox.
2025-06-04 07:13:02,939 [INFO] - No command received or error in listening.
2025-06-04 07:13:02,957 [WARNING] - Audio input error (OSError): No Default Input Device Available - Likely no microphone in sandbox.
2025-06-04 07:13:02,957 [INFO] - No command received or error in listening.
2025-06-04 07:13:02,974 [WARNING] - Audio input error (OSError): No Default Input Device Available - Likely no microphone in sandbox.
2025-06-04 07:13:02,974 [INFO] - No command received or error in listening.
2025-06-04 07:13:02,992 [WARNING] - Audio input error (OSError): No Default Input Device Available - Likely no microphone in sandbox.
2025-06-04 07:13:02,992 [INFO] - No command received or error in listening.
2025-06-04 07:13:03,009 [WARNING] - Audio input error (OSError): No Default Input Device Available - Likely no microphone in sandbox.
2025-06-04 07:13:03,009 [INFO] - No command received or error in listening.
2025-06-04 07:13:03,026 [WARNING] - Audio input error (OSError): No Default Input Device Available - Likely no microphone in sandbox.
2025-06-04 07:13:03,027 [INFO] - No command received or error in listening.
2025-06-04 07:13:03,046 [WARNING] - Audio input error (OSError): No Default Input Device Available - Likely no microphone in sandbox.
2025-06-04 07:13:03,046 [INFO] - No command received or error in listening.
2025-06-04 07:13:03,063 [WARNING] - Audio input error (OSError): No Default Input Device Available - Likely no microphone in sandbox.
2025-06-04 07:13:03,063 [INFO] - No command received or error in listening.
2025-06-04 07:13:03,082 [WARNING] - Audio input error (OSError): No Default Input Device Available - Likely no microphone in sandbox.
2025-06-04 07:13:03,082 [INFO] - No command received or error in listening.
2025-06-04 07:13:03,100 [WARNING] - Audio input error (OSError): No Default Input Device Available - Likely no microphone in sandbox.
2025-06-04 07:13:03,100 [INFO] - No command received or error in listening.
2025-06-04 07:13:03,117 [WARNING] - Audio input error (OSError): No Default Input Device Available - Likely no microphone in sandbox.
2025-06-04 07:13:03,118 [INFO] - No command received or error in listening.
2025-06-04 07:13:03,137 [WARNING] - Audio input error (OSError): No Default Input Device Available - Likely no microphone in sandbox.
2025-06-04 07:13:03,137 [INFO] - No command received or error in listening.
2025-06-04 07:13:03,155 [WARNING] - Audio input error (OSError): No Default Input Device Available - Likely no microphone in sandbox.
2025-06-04 07:13:03,155 [INFO] - No command received or error in listening.
2025-06-04 07:13:03,172 [WARNING] - Audio input error (OSError): No Default Input Device Available - Likely no microphone in sandbox.
2025-06-04 07:13:03,172 [INFO] - No command received or error in listening.
2025-06-04 07:13:03,190 [WARNING] - Audio input error (OSError): No Default Input Device Available - Likely no microphone in sandbox.
2025-06-04 07:13:03,190 [INFO] - No command received or error in listening.
2025-06-04 07:13:03,209 [WARNING] - Audio input error (OSError): No Default Input Device Available - Likely no microphone in sandbox.
2025-06-04 07:13:03,210 [INFO] - No command received or error in listening.
2025-06-04 07:13:03,227 [WARNING] - Audio input error (OSError): No Default Input Device Available - Likely no microphone in sandbox.
2025-06-04 07:13:03,227 [INFO] - No command received or error in listening.
2025-06-04 07:13:03,245 [WARNING] - Audio input error (OSError): No Default Input Device Available - Likely no microphone in sandbox.
2025-06-04 07:13:03,245 [INFO] - No command received or error in listening.
2025-06-04 07:13:03,263 [WARNING] - Audio input error (OSError): No Default Input Device Available - Likely no microphone in sandbox.
2025-06-04 07:13:03,264 [INFO] - No command received or error in listening.
2025-06-04 07:13:03,281 [WARNING] - Audio input error (OSError): No Default Input Device Available - Likely no microphone in sandbox.
2025-06-04 07:13:03,281 [INFO] - No command received or error in listening.
2025-06-04 07:13:03,299 [WARNING] - Audio input error (OSError): No Default Input Device Available - Likely no microphone in sandbox.
2025-06-04 07:13:03,299 [INFO] - No command received or error in listening.
2025-06-04 07:13:03,318 [WARNING] - Audio input error (OSError): No Default Input Device Available - Likely no microphone in sandbox.
2025-06-04 07:13:03,319 [INFO] - No command received or error in listening.
2025-06-04 07:13:03,336 [WARNING] - Audio input error (OSError): No Default Input Device Available - Likely no microphone in sandbox.
2025-06-04 07:13:03,336 [INFO] - No command received or error in listening.
2025-06-04 07:13:03,355 [WARNING] - Audio input error (OSError): No Default Input Device Available - Likely no microphone in sandbox.
2025-06-04 07:13:03,355 [INFO] - No command received or error in listening.
2025-06-04 07:13:03,373 [WARNING] - Audio input error (OSError): No Default Input Device Available - Likely no microphone in sandbox.
2025-06-04 07:13:03,373 [INFO] - No command received or error in listening.
2025-06-04 07:13:03,392 [WARNING] - Audio input error (OSError): No Default Input Device Available - Likely no microphone in sandbox.
2025-06-04 07:13:03,392 [INFO] - No command received or error in listening.
2025-06-04 07:13:03,410 [WARNING] - Audio input error (OSError): No Default Input Device Available - Likely no microphone in sandbox.
2025-06-04 07:13:03,410 [INFO] - No command received or error in listening.
2025-06-04 07:13:03,427 [WARNING] - Audio input error (OSError): No Default Input Device Available - Likely no microphone in sandbox.
2025-06-04 07:13:03,428 [INFO] - No command received or error in listening.
2025-06-04 07:13:03,447 [WARNING] - Audio input error (OSError): No Default Input Device Available - Likely no microphone in sandbox.
2025-06-04 07:13:03,447 [INFO] - No command received or error in listening.
2025-06-04 07:13:03,464 [WARNING] - Audio input error (OSError): No Default Input Device Available - Likely no microphone in sandbox.
2025-06-04 07:13:03,464 [INFO] - No command received or error in listening.
2025-06-04 07:13:03,484 [WARNING] - Audio input error (OSError): No Default Input Device Available - Likely no microphone in sandbox.
2025-06-04 07:13:03,484 [INFO] - No command received or error in listening.
2025-06-04 07:13:03,501 [WARNING] - Audio input error (OSError): No Default Input Device Available - Likely no microphone in sandbox.
2025-06-04 07:13:03,502 [INFO] - No command received or error in listening.
2025-06-04 07:13:03,519 [WARNING] - Audio input error (OSError): No Default Input Device Available - Likely no microphone in sandbox.
2025-06-04 07:13:03,519 [INFO] - No command received or error in listening.
2025-06-04 07:13:03,538 [WARNING] - Audio input error (OSError): No Default Input Device Available - Likely no microphone in sandbox.
2025-06-04 07:13:03,538 [INFO] - No command received or error in listening.
2025-06-04 07:13:03,556 [WARNING] - Audio input error (OSError): No Default Input Device Available - Likely no microphone in sandbox.
2025-06-04 07:13:03,556 [INFO] - No command received or error in listening.
2025-06-04 07:13:03,576 [WARNING] - Audio input error (OSError): No Default Input Device Available - Likely no microphone in sandbox.
2025-06-04 07:13:03,576 [INFO] - No command received or error in listening.
2025-06-04 07:13:03,593 [WARNING] - Audio input error (OSError): No Default Input Device Available - Likely no microphone in sandbox.
2025-06-04 07:13:03,594 [INFO] - No command received or error in listening.
2025-06-04 07:13:03,611 [WARNING] - Audio input error (OSError): No Default Input Device Available - Likely no microphone in sandbox.
2025-06-04 07:13:03,611 [INFO] - No command received or error in listening.
2025-06-04 07:13:03,629 [WARNING] - Audio input error (OSError): No Default Input Device Available - Likely no microphone in sandbox.
2025-06-04 07:13:03,629 [INFO] - No command received or error in listening.
2025-06-04 07:13:03,646 [WARNING] - Audio input error (OSError): No Default Input Device Available - Likely no microphone in sandbox.
2025-06-04 07:13:03,647 [INFO] - No command received or error in listening.
2025-06-04 07:13:03,664 [WARNING] - Audio input error (OSError): No Default Input Device Available - Likely no microphone in sandbox.
2025-06-04 07:13:03,664 [INFO] - No command received or error in listening.
2025-06-04 07:13:03,681 [WARNING] - Audio input error (OSError): No Default Input Device Available - Likely no microphone in sandbox.
2025-06-04 07:13:03,682 [INFO] - No command received or error in listening.
2025-06-04 07:13:03,699 [WARNING] - Audio input error (OSError): No Default Input Device Available - Likely no microphone in sandbox.
2025-06-04 07:13:03,699 [INFO] - No command received or error in listening.
2025-06-04 07:13:03,716 [WARNING] - Audio input error (OSError): No Default Input Device Available - Likely no microphone in sandbox.
2025-06-04 07:13:03,717 [INFO] - No command received or error in listening.
2025-06-04 07:13:03,734 [WARNING] - Audio input error (OSError): No Default Input Device Available - Likely no microphone in sandbox.
2025-06-04 07:13:03,734 [INFO] - No command received or error in listening.
2025-06-04 07:13:03,751 [WARNING] - Audio input error (OSError): No Default Input Device Available - Likely no microphone in sandbox.
2025-06-04 07:13:03,751 [INFO] - No command received or error in listening.
2025-06-04 07:13:03,768 [WARNING] - Audio input error (OSError): No Default Input Device Available - Likely no microphone in sandbox.
2025-06-04 07:13:03,769 [INFO] - No command received or error in listening.
2025-06-04 07:13:03,786 [WARNING] - Audio input error (OSError): No Default Input Device Available - Likely no microphone in sandbox.
2025-06-04 07:13:03,786 [INFO] - No command received or error in listening.
2025-06-04 07:13:03,803 [WARNING] - Audio input error (OSError): No Default Input Device Available - Likely no microphone in sandbox.
2025-06-04 07:13:03,803 [INFO] - No command received or error in listening.
2025-06-04 07:13:03,821 [WARNING] - Audio input error (OSError): No Default Input Device Available - Likely no microphone in sandbox.
2025-06-04 07:13:03,821 [INFO] - No command received or error in listening.
2025-06-04 07:13:03,839 [WARNING] - Audio input error (OSError): No Default Input Device Available - Likely no microphone in sandbox.
2025-06-04 07:13:03,839 [INFO] - No command received or error in listening.
2025-06-04 07:13:03,856 [WARNING] - Audio input error (OSError): No Default Input Device Available - Likely no microphone in sandbox.
2025-06-04 07:13:03,856 [INFO] - No command received or error in listening.
2025-06-04 07:13:03,873 [WARNING] - Audio input error (OSError): No Default Input Device Available - Likely no microphone in sandbox.
2025-06-04 07:13:03,873 [INFO] - No command received or error in listening.
2025-06-04 07:13:03,890 [WARNING] - Audio input error (OSError): No Default Input Device Available - Likely no microphone in sandbox.
2025-06-04 07:13:03,890 [INFO] - No command received or error in listening.
2025-06-04 07:13:03,907 [WARNING] - Audio input error (OSError): No Default Input Device Available - Likely no microphone in sandbox.
2025-06-04 07:13:03,907 [INFO] - No command received or error in listening.
2025-06-04 07:13:03,924 [WARNING] - Audio input error (OSError): No Default Input Device Available - Likely no microphone in sandbox.
2025-06-04 07:13:03,924 [INFO] - No command received or error in listening.
2025-06-04 07:13:03,941 [WARNING] - Audio input error (OSError): No Default Input Device Available - Likely no microphone in sandbox.
2025-06-04 07:13:03,941 [INFO] - No command received or error in listening.
2025-06-04 07:13:03,959 [WARNING] - Audio input error (OSError): No Default Input Device Available - Likely no microphone in sandbox.
2025-06-04 07:13:03,959 [INFO] - No command received or error in listening.
2025-06-04 07:13:03,976 [WARNING] - Audio input error (OSError): No Default Input Device Available - Likely no microphone in sandbox.
2025-06-04 07:13:03,976 [INFO] - No command received or error in listening.
2025-06-04 07:13:03,993 [WARNING] - Audio input error (OSError): No Default Input Device Available - Likely no microphone in sandbox.
2025-06-04 07:13:03,993 [INFO] - No command received or error in listening.
2025-06-04 07:13:04,010 [WARNING] - Audio input error (OSError): No Default Input Device Available - Likely no microphone in sandbox.
2025-06-04 07:13:04,010 [INFO] - No command received or error in listening.
2025-06-04 07:13:04,027 [WARNING] - Audio input error (OSError): No Default Input Device Available - Likely no microphone in sandbox.
2025-06-04 07:13:04,027 [INFO] - No command received or error in listening.
2025-06-04 07:13:04,044 [WARNING] - Audio input error (OSError): No Default Input Device Available - Likely no microphone in sandbox.
2025-06-04 07:13:04,045 [INFO] - No command received or error in listening.
2025-06-04 07:13:04,062 [WARNING] - Audio input error (OSError): No Default Input Device Available - Likely no microphone in sandbox.
2025-06-04 07:13:04,062 [INFO] - No command received or error in listening.
2025-06-04 07:13:04,079 [WARNING] - Audio input error (OSError): No Default Input Device Available - Likely no microphone in sandbox.
2025-06-04 07:13:04,079 [INFO] - No command received or error in listening.
2025-06-04 07:13:04,097 [WARNING] - Audio input error (OSError): No Default Input Device Available - Likely no microphone in sandbox.
2025-06-04 07:13:04,097 [INFO] - No command received or error in listening.
2025-06-04 07:13:04,114 [WARNING] - Audio input error (OSError): No Default Input Device Available - Likely no microphone in sandbox.
2025-06-04 07:13:04,114 [INFO] - No command received or error in listening.
2025-06-04 07:13:04,132 [WARNING] - Audio input error (OSError): No Default Input Device Available - Likely no microphone in sandbox.
2025-06-04 07:13:04,132 [INFO] - No command received or error in listening.
2025-06-04 07:13:04,151 [WARNING] - Audio input error (OSError): No Default Input Device Available - Likely no microphone in sandbox.
2025-06-04 07:13:04,151 [INFO] - No command received or error in listening.
2025-06-04 07:13:04,168 [WARNING] - Audio input error (OSError): No Default Input Device Available - Likely no microphone in sandbox.
2025-06-04 07:13:04,168 [INFO] - No command received or error in listening.
2025-06-04 07:13:04,188 [WARNING] - Audio input error (OSError): No Default Input Device Available - Likely no microphone in sandbox.
2025-06-04 07:13:04,188 [INFO] - No command received or error in listening.
2025-06-04 07:13:04,205 [WARNING] - Audio input error (OSError): No Default Input Device Available - Likely no microphone in sandbox.
2025-06-04 07:13:04,206 [INFO] - No command received or error in listening.
2025-06-04 07:13:04,223 [WARNING] - Audio input error (OSError): No Default Input Device Available - Likely no microphone in sandbox.
2025-06-04 07:13:04,223 [INFO] - No command received or error in listening.
2025-06-04 07:13:04,241 [WARNING] - Audio input error (OSError): No Default Input Device Available - Likely no microphone in sandbox.
2025-06-04 07:13:04,241 [INFO] - No command received or error in listening.
2025-06-04 07:13:04,258 [WARNING] - Audio input error (OSError): No Default Input Device Available - Likely no microphone in sandbox.
2025-06-04 07:13:04,258 [INFO] - No command received or error in listening.
2025-06-04 07:13:04,276 [WARNING] - Audio input error (OSError): No Default Input Device Available - Likely no microphone in sandbox.
2025-06-04 07:13:04,276 [INFO] - No command received or error in listening.
2025-06-04 07:13:04,293 [WARNING] - Audio input error (OSError): No Default Input Device Available - Likely no microphone in sandbox.
2025-06-04 07:13:04,294 [INFO] - No command received or error in listening.
2025-06-04 07:13:04,311 [WARNING] - Audio input error (OSError): No Default Input Device Available - Likely no microphone in sandbox.
2025-06-04 07:13:04,311 [INFO] - No command received or error in listening.
2025-06-04 07:13:04,328 [WARNING] - Audio input error (OSError): No Default Input Device Available - Likely no microphone in sandbox.
2025-06-04 07:13:04,329 [INFO] - No command received or error in listening.
2025-06-04 07:13:04,346 [WARNING] - Audio input error (OSError): No Default Input Device Available - Likely no microphone in sandbox.
2025-06-04 07:13:04,346 [INFO] - No command received or error in listening.
2025-06-04 07:13:04,363 [WARNING] - Audio input error (OSError): No Default Input Device Available - Likely no microphone in sandbox.
2025-06-04 07:13:04,363 [INFO] - No command received or error in listening.
2025-06-04 07:13:04,381 [WARNING] - Audio input error (OSError): No Default Input Device Available - Likely no microphone in sandbox.
2025-06-04 07:13:04,381 [INFO] - No command received or error in listening.
2025-06-04 07:13:04,398 [WARNING] - Audio input error (OSError): No Default Input Device Available - Likely no microphone in sandbox.
2025-06-04 07:13:04,398 [INFO] - No command received or error in listening.
2025-06-04 07:13:04,416 [WARNING] - Audio input error (OSError): No Default Input Device Available - Likely no microphone in sandbox.
2025-06-04 07:13:04,416 [INFO] - No command received or error in listening.
2025-06-04 07:13:04,433 [WARNING] - Audio input error (OSError): No Default Input Device Available - Likely no microphone in sandbox.
2025-06-04 07:13:04,433 [INFO] - No command received or error in listening.
2025-06-04 07:13:04,450 [WARNING] - Audio input error (OSError): No Default Input Device Available - Likely no microphone in sandbox.
2025-06-04 07:13:04,450 [INFO] - No command received or error in listening.
2025-06-04 07:13:04,468 [WARNING] - Audio input error (OSError): No Default Input Device Available - Likely no microphone in sandbox.
2025-06-04 07:13:04,468 [INFO] - No command received or error in listening.
2025-06-04 07:13:04,485 [WARNING] - Audio input error (OSError): No Default Input Device Available - Likely no microphone in sandbox.
2025-06-04 07:13:04,485 [INFO] - No command received or error in listening.
2025-06-04 07:13:04,502 [WARNING] - Audio input error (OSError): No Default Input Device Available - Likely no microphone in sandbox.
2025-06-04 07:13:04,502 [INFO] - No command received or error in listening.
2025-06-04 07:13:04,519 [WARNING] - Audio input error (OSError): No Default Input Device Available - Likely no microphone in sandbox.
2025-06-04 07:13:04,519 [INFO] - No command received or error in listening.
2025-06-04 07:13:04,537 [WARNING] - Audio input error (OSError): No Default Input Device Available - Likely no microphone in sandbox.
2025-06-04 07:13:04,537 [INFO] - No command received or error in listening.
2025-06-04 07:13:04,556 [WARNING] - Audio input error (OSError): No Default Input Device Available - Likely no microphone in sandbox.
2025-06-04 07:13:04,556 [INFO] - No command received or error in listening.
2025-06-04 07:13:04,576 [WARNING] - Audio input error (OSError): No Default Input Device Available - Likely no microphone in sandbox.
2025-06-04 07:13:04,576 [INFO] - No command received or error in listening.
2025-06-04 07:13:04,593 [WARNING] - Audio input error (OSError): No Default Input Device Available - Likely no microphone in sandbox.
2025-06-04 07:13:04,593 [INFO] - No command received or error in listening.
2025-06-04 07:13:04,612 [WARNING] - Audio input error (OSError): No Default Input Device Available - Likely no microphone in sandbox.
2025-06-04 07:13:04,612 [INFO] - No command received or error in listening.
2025-06-04 07:13:04,632 [WARNING] - Audio input error (OSError): No Default Input Device Available - Likely no microphone in sandbox.
2025-06-04 07:13:04,632 [INFO] - No command received or error in listening.
2025-06-04 07:13:04,649 [WARNING] - Audio input error (OSError): No Default Input Device Available - Likely no microphone in sandbox.
2025-06-04 07:13:04,650 [INFO] - No command received or error in listening.
2025-06-04 07:13:04,667 [WARNING] - Audio input error (OSError): No Default Input Device Available - Likely no microphone in sandbox.
2025-06-04 07:13:04,667 [INFO] - No command received or error in listening.
2025-06-04 07:13:04,685 [WARNING] - Audio input error (OSError): No Default Input Device Available - Likely no microphone in sandbox.
2025-06-04 07:13:04,685 [INFO] - No command received or error in listening.
2025-06-04 07:13:04,702 [WARNING] - Audio input error (OSError): No Default Input Device Available - Likely no microphone in sandbox.
2025-06-04 07:13:04,702 [INFO] - No command received or error in listening.
2025-06-04 07:13:04,720 [WARNING] - Audio input error (OSError): No Default Input Device Available - Likely no microphone in sandbox.
2025-06-04 07:13:04,720 [INFO] - No command received or error in listening.
2025-06-04 07:13:04,737 [WARNING] - Audio input error (OSError): No Default Input Device Available - Likely no microphone in sandbox.
2025-06-04 07:13:04,737 [INFO] - No command received or error in listening.
2025-06-04 07:13:04,754 [WARNING] - Audio input error (OSError): No Default Input Device Available - Likely no microphone in sandbox.
2025-06-04 07:13:04,755 [INFO] - No command received or error in listening.
2025-06-04 07:13:04,772 [WARNING] - Audio input error (OSError): No Default Input Device Available - Likely no microphone in sandbox.
2025-06-04 07:13:04,772 [INFO] - No command received or error in listening.
2025-06-04 07:13:04,790 [WARNING] - Audio input error (OSError): No Default Input Device Available - Likely no microphone in sandbox.
2025-06-04 07:13:04,790 [INFO] - No command received or error in listening.
2025-06-04 07:13:04,807 [WARNING] - Audio input error (OSError): No Default Input Device Available - Likely no microphone in sandbox.
2025-06-04 07:13:04,807 [INFO] - No command received or error in listening.
2025-06-04 07:13:04,824 [WARNING] - Audio input error (OSError): No Default Input Device Available - Likely no microphone in sandbox.
2025-06-04 07:13:04,824 [INFO] - No command received or error in listening.
2025-06-04 07:13:04,842 [WARNING] - Audio input error (OSError): No Default Input Device Available - Likely no microphone in sandbox.
2025-06-04 07:13:04,842 [INFO] - No command received or error in listening.
2025-06-04 07:13:04,859 [WARNING] - Audio input error (OSError): No Default Input Device Available - Likely no microphone in sandbox.
2025-06-04 07:13:04,859 [INFO] - No command received or error in listening.
2025-06-04 07:13:04,877 [WARNING] - Audio input error (OSError): No Default Input Device Available - Likely no microphone in sandbox.
2025-06-04 07:13:04,877 [INFO] - No command received or error in listening.
2025-06-04 07:13:04,894 [WARNING] - Audio input error (OSError): No Default Input Device Available - Likely no microphone in sandbox.
2025-06-04 07:13:04,895 [INFO] - No command received or error in listening.
2025-06-04 07:13:04,912 [WARNING] - Audio input error (OSError): No Default Input Device Available - Likely no microphone in sandbox.
2025-06-04 07:13:04,912 [INFO] - No command received or error in listening.
2025-06-04 07:13:04,929 [WARNING] - Audio input error (OSError): No Default Input Device Available - Likely no microphone in sandbox.
2025-06-04 07:13:04,930 [INFO] - No command received or error in listening.
2025-06-04 07:13:04,947 [WARNING] - Audio input error (OSError): No Default Input Device Available - Likely no microphone in sandbox.
2025-06-04 07:13:04,947 [INFO] - No command received or error in listening.
2025-06-04 07:13:04,965 [WARNING] - Audio input error (OSError): No Default Input Device Available - Likely no microphone in sandbox.
2025-06-04 07:13:04,965 [INFO] - No command received or error in listening.
2025-06-04 07:13:04,982 [WARNING] - Audio input error (OSError): No Default Input Device Available - Likely no microphone in sandbox.
2025-06-04 07:13:04,982 [INFO] - No command received or error in listening.
2025-06-04 07:13:05,000 [WARNING] - Audio input error (OSError): No Default Input Device Available - Likely no microphone in sandbox.
2025-06-04 07:13:05,000 [INFO] - No command received or error in listening.
2025-06-04 07:13:05,018 [WARNING] - Audio input error (OSError): No Default Input Device Available - Likely no microphone in sandbox.
2025-06-04 07:13:05,018 [INFO] - No command received or error in listening.
2025-06-04 07:13:05,035 [WARNING] - Audio input error (OSError): No Default Input Device Available - Likely no microphone in sandbox.
2025-06-04 07:13:05,035 [INFO] - No command received or error in listening.
2025-06-04 07:13:05,053 [WARNING] - Audio input error (OSError): No Default Input Device Available - Likely no microphone in sandbox.
2025-06-04 07:13:05,053 [INFO] - No command received or error in listening.
2025-06-04 07:13:05,071 [WARNING] - Audio input error (OSError): No Default Input Device Available - Likely no microphone in sandbox.
2025-06-04 07:13:05,071 [INFO] - No command received or error in listening.
2025-06-04 07:13:05,088 [WARNING] - Audio input error (OSError): No Default Input Device Available - Likely no microphone in sandbox.
2025-06-04 07:13:05,088 [INFO] - No command received or error in listening.
2025-06-04 07:13:05,105 [WARNING] - Audio input error (OSError): No Default Input Device Available - Likely no microphone in sandbox.
2025-06-04 07:13:05,105 [INFO] - No command received or error in listening.
2025-06-04 07:13:05,123 [WARNING] - Audio input error (OSError): No Default Input Device Available - Likely no microphone in sandbox.
2025-06-04 07:13:05,123 [INFO] - No command received or error in listening.
2025-06-04 07:13:05,140 [WARNING] - Audio input error (OSError): No Default Input Device Available - Likely no microphone in sandbox.
2025-06-04 07:13:05,140 [INFO] - No command received or error in listening.
2025-06-04 07:13:05,157 [WARNING] - Audio input error (OSError): No Default Input Device Available - Likely no microphone in sandbox.
2025-06-04 07:13:05,158 [INFO] - No command received or error in listening.
2025-06-04 07:13:05,175 [WARNING] - Audio input error (OSError): No Default Input Device Available - Likely no microphone in sandbox.
2025-06-04 07:13:05,175 [INFO] - No command received or error in listening.
2025-06-04 07:13:05,192 [WARNING] - Audio input error (OSError): No Default Input Device Available - Likely no microphone in sandbox.
2025-06-04 07:13:05,193 [INFO] - No command received or error in listening.
2025-06-04 07:13:05,210 [WARNING] - Audio input error (OSError): No Default Input Device Available - Likely no microphone in sandbox.
2025-06-04 07:13:05,210 [INFO] - No command received or error in listening.
2025-06-04 07:13:05,228 [WARNING] - Audio input error (OSError): No Default Input Device Available - Likely no microphone in sandbox.
2025-06-04 07:13:05,228 [INFO] - No command received or error in listening.
2025-06-04 07:13:05,245 [WARNING] - Audio input error (OSError): No Default Input Device Available - Likely no microphone in sandbox.
2025-06-04 07:13:05,245 [INFO] - No command received or error in listening.
2025-06-04 07:13:05,263 [WARNING] - Audio input error (OSError): No Default Input Device Available - Likely no microphone in sandbox.
2025-06-04 07:13:05,263 [INFO] - No command received or error in listening.
2025-06-04 07:13:05,280 [WARNING] - Audio input error (OSError): No Default Input Device Available - Likely no microphone in sandbox.
2025-06-04 07:13:05,281 [INFO] - No command received or error in listening.
2025-06-04 07:13:05,298 [WARNING] - Audio input error (OSError): No Default Input Device Available - Likely no microphone in sandbox.
2025-06-04 07:13:05,298 [INFO] - No command received or error in listening.
2025-06-04 07:13:05,316 [WARNING] - Audio input error (OSError): No Default Input Device Available - Likely no microphone in sandbox.
2025-06-04 07:13:05,316 [INFO] - No command received or error in listening.
2025-06-04 07:13:05,333 [WARNING] - Audio input error (OSError): No Default Input Device Available - Likely no microphone in sandbox.
2025-06-04 07:13:05,334 [INFO] - No command received or error in listening.
2025-06-04 07:13:05,351 [WARNING] - Audio input error (OSError): No Default Input Device Available - Likely no microphone in sandbox.
2025-06-04 07:13:05,352 [INFO] - No command received or error in listening.
2025-06-04 07:13:05,369 [WARNING] - Audio input error (OSError): No Default Input Device Available - Likely no microphone in sandbox.
2025-06-04 07:13:05,369 [INFO] - No command received or error in listening.
2025-06-04 07:13:05,387 [WARNING] - Audio input error (OSError): No Default Input Device Available - Likely no microphone in sandbox.
2025-06-04 07:13:05,387 [INFO] - No command received or error in listening.
2025-06-04 07:13:05,404 [WARNING] - Audio input error (OSError): No Default Input Device Available - Likely no microphone in sandbox.
2025-06-04 07:13:05,404 [INFO] - No command received or error in listening.
2025-06-04 07:13:05,421 [WARNING] - Audio input error (OSError): No Default Input Device Available - Likely no microphone in sandbox.
2025-06-04 07:13:05,421 [INFO] - No command received or error in listening.
2025-06-04 07:13:05,438 [WARNING] - Audio input error (OSError): No Default Input Device Available - Likely no microphone in sandbox.
2025-06-04 07:13:05,438 [INFO] - No command received or error in listening.
2025-06-04 07:13:05,456 [WARNING] - Audio input error (OSError): No Default Input Device Available - Likely no microphone in sandbox.
2025-06-04 07:13:05,456 [INFO] - No command received or error in listening.
2025-06-04 07:13:05,473 [WARNING] - Audio input error (OSError): No Default Input Device Available - Likely no microphone in sandbox.
2025-06-04 07:13:05,473 [INFO] - No command received or error in listening.
2025-06-04 07:13:05,491 [WARNING] - Audio input error (OSError): No Default Input Device Available - Likely no microphone in sandbox.
2025-06-04 07:13:05,491 [INFO] - No command received or error in listening.
2025-06-04 07:13:05,508 [WARNING] - Audio input error (OSError): No Default Input Device Available - Likely no microphone in sandbox.
2025-06-04 07:13:05,508 [INFO] - No command received or error in listening.
2025-06-04 07:13:05,526 [WARNING] - Audio input error (OSError): No Default Input Device Available - Likely no microphone in sandbox.
2025-06-04 07:13:05,526 [INFO] - No command received or error in listening.
2025-06-04 07:13:05,546 [WARNING] - Audio input error (OSError): No Default Input Device Available - Likely no microphone in sandbox.
2025-06-04 07:13:05,546 [INFO] - No command received or error in listening.
2025-06-04 07:13:05,563 [WARNING] - Audio input error (OSError): No Default Input Device Available - Likely no microphone in sandbox.
2025-06-04 07:13:05,564 [INFO] - No command received or error in listening.
2025-06-04 07:13:05,581 [WARNING] - Audio input error (OSError): No Default Input Device Available - Likely no microphone in sandbox.
2025-06-04 07:13:05,581 [INFO] - No command received or error in listening.
2025-06-04 07:13:05,598 [WARNING] - Audio input error (OSError): No Default Input Device Available - Likely no microphone in sandbox.
2025-06-04 07:13:05,599 [INFO] - No command received or error in listening.
2025-06-04 07:13:05,616 [WARNING] - Audio input error (OSError): No Default Input Device Available - Likely no microphone in sandbox.
2025-06-04 07:13:05,616 [INFO] - No command received or error in listening.
2025-06-04 07:13:05,633 [WARNING] - Audio input error (OSError): No Default Input Device Available - Likely no microphone in sandbox.
2025-06-04 07:13:05,634 [INFO] - No command received or error in listening.
2025-06-04 07:13:05,653 [WARNING] - Audio input error (OSError): No Default Input Device Available - Likely no microphone in sandbox.
2025-06-04 07:13:05,653 [INFO] - No command received or error in listening.
2025-06-04 07:13:05,670 [WARNING] - Audio input error (OSError): No Default Input Device Available - Likely no microphone in sandbox.
2025-06-04 07:13:05,671 [INFO] - No command received or error in listening.
2025-06-04 07:13:05,688 [WARNING] - Audio input error (OSError): No Default Input Device Available - Likely no microphone in sandbox.
2025-06-04 07:13:05,688 [INFO] - No command received or error in listening.
2025-06-04 07:13:05,706 [WARNING] - Audio input error (OSError): No Default Input Device Available - Likely no microphone in sandbox.
2025-06-04 07:13:05,706 [INFO] - No command received or error in listening.
2025-06-04 07:13:05,723 [WARNING] - Audio input error (OSError): No Default Input Device Available - Likely no microphone in sandbox.
2025-06-04 07:13:05,723 [INFO] - No command received or error in listening.
2025-06-04 07:13:05,740 [WARNING] - Audio input error (OSError): No Default Input Device Available - Likely no microphone in sandbox.
2025-06-04 07:13:05,740 [INFO] - No command received or error in listening.
2025-06-04 07:13:05,757 [WARNING] - Audio input error (OSError): No Default Input Device Available - Likely no microphone in sandbox.
2025-06-04 07:13:05,758 [INFO] - No command received or error in listening.
2025-06-04 07:13:05,775 [WARNING] - Audio input error (OSError): No Default Input Device Available - Likely no microphone in sandbox.
2025-06-04 07:13:05,775 [INFO] - No command received or error in listening.
2025-06-04 07:13:05,793 [WARNING] - Audio input error (OSError): No Default Input Device Available - Likely no microphone in sandbox.
2025-06-04 07:13:05,793 [INFO] - No command received or error in listening.
2025-06-04 07:13:05,810 [WARNING] - Audio input error (OSError): No Default Input Device Available - Likely no microphone in sandbox.
2025-06-04 07:13:05,810 [INFO] - No command received or error in listening.
2025-06-04 07:13:05,827 [WARNING] - Audio input error (OSError): No Default Input Device Available - Likely no microphone in sandbox.
2025-06-04 07:13:05,828 [INFO] - No command received or error in listening.
2025-06-04 07:13:05,845 [WARNING] - Audio input error (OSError): No Default Input Device Available - Likely no microphone in sandbox.
2025-06-04 07:13:05,845 [INFO] - No command received or error in listening.
2025-06-04 07:13:05,862 [WARNING] - Audio input error (OSError): No Default Input Device Available - Likely no microphone in sandbox.
2025-06-04 07:13:05,862 [INFO] - No command received or error in listening.
2025-06-04 07:13:05,881 [WARNING] - Audio input error (OSError): No Default Input Device Available - Likely no microphone in sandbox.
2025-06-04 07:13:05,882 [INFO] - No command received or error in listening.
2025-06-04 07:13:05,900 [WARNING] - Audio input error (OSError): No Default Input Device Available - Likely no microphone in sandbox.
2025-06-04 07:13:05,901 [INFO] - No command received or error in listening.
2025-06-04 07:13:05,918 [WARNING] - Audio input error (OSError): No Default Input Device Available - Likely no microphone in sandbox.
2025-06-04 07:13:05,918 [INFO] - No command received or error in listening.
2025-06-04 07:13:05,935 [WARNING] - Audio input error (OSError): No Default Input Device Available - Likely no microphone in sandbox.
2025-06-04 07:13:05,935 [INFO] - No command received or error in listening.
2025-06-04 07:13:05,952 [WARNING] - Audio input error (OSError): No Default Input Device Available - Likely no microphone in sandbox.
2025-06-04 07:13:05,952 [INFO] - No command received or error in listening.
2025-06-04 07:13:05,969 [WARNING] - Audio input error (OSError): No Default Input Device Available - Likely no microphone in sandbox.
2025-06-04 07:13:05,969 [INFO] - No command received or error in listening.
2025-06-04 07:13:05,986 [WARNING] - Audio input error (OSError): No Default Input Device Available - Likely no microphone in sandbox.
2025-06-04 07:13:05,986 [INFO] - No command received or error in listening.
2025-06-04 07:13:06,004 [WARNING] - Audio input error (OSError): No Default Input Device Available - Likely no microphone in sandbox.
2025-06-04 07:13:06,004 [INFO] - No command received or error in listening.
2025-06-04 07:13:06,021 [WARNING] - Audio input error (OSError): No Default Input Device Available - Likely no microphone in sandbox.
2025-06-04 07:13:06,021 [INFO] - No command received or error in listening.
2025-06-04 07:13:06,040 [WARNING] - Audio input error (OSError): No Default Input Device Available - Likely no microphone in sandbox.
2025-06-04 07:13:06,041 [INFO] - No command received or error in listening.
2025-06-04 07:13:06,058 [WARNING] - Audio input error (OSError): No Default Input Device Available - Likely no microphone in sandbox.
2025-06-04 07:13:06,058 [INFO] - No command received or error in listening.
2025-06-04 07:13:06,076 [WARNING] - Audio input error (OSError): No Default Input Device Available - Likely no microphone in sandbox.
2025-06-04 07:13:06,076 [INFO] - No command received or error in listening.
2025-06-04 07:13:06,093 [WARNING] - Audio input error (OSError): No Default Input Device Available - Likely no microphone in sandbox.
2025-06-04 07:13:06,093 [INFO] - No command received or error in listening.
2025-06-04 07:13:06,111 [WARNING] - Audio input error (OSError): No Default Input Device Available - Likely no microphone in sandbox.
2025-06-04 07:13:06,111 [INFO] - No command received or error in listening.
2025-06-04 07:13:06,128 [WARNING] - Audio input error (OSError): No Default Input Device Available - Likely no microphone in sandbox.
2025-06-04 07:13:06,128 [INFO] - No command received or error in listening.
2025-06-04 07:13:06,145 [WARNING] - Audio input error (OSError): No Default Input Device Available - Likely no microphone in sandbox.
2025-06-04 07:13:06,146 [INFO] - No command received or error in listening.
2025-06-04 07:13:06,163 [WARNING] - Audio input error (OSError): No Default Input Device Available - Likely no microphone in sandbox.
2025-06-04 07:13:06,163 [INFO] - No command received or error in listening.
2025-06-04 07:13:06,180 [WARNING] - Audio input error (OSError): No Default Input Device Available - Likely no microphone in sandbox.
2025-06-04 07:13:06,180 [INFO] - No command received or error in listening.
2025-06-04 07:13:06,198 [WARNING] - Audio input error (OSError): No Default Input Device Available - Likely no microphone in sandbox.
2025-06-04 07:13:06,198 [INFO] - No command received or error in listening.
2025-06-04 07:13:06,215 [WARNING] - Audio input error (OSError): No Default Input Device Available - Likely no microphone in sandbox.
2025-06-04 07:13:06,215 [INFO] - No command received or error in listening.
2025-06-04 07:13:06,233 [WARNING] - Audio input error (OSError): No Default Input Device Available - Likely no microphone in sandbox.
2025-06-04 07:13:06,233 [INFO] - No command received or error in listening.
2025-06-04 07:13:06,250 [WARNING] - Audio input error (OSError): No Default Input Device Available - Likely no microphone in sandbox.
2025-06-04 07:13:06,250 [INFO] - No command received or error in listening.
2025-06-04 07:13:06,268 [WARNING] - Audio input error (OSError): No Default Input Device Available - Likely no microphone in sandbox.
2025-06-04 07:13:06,268 [INFO] - No command received or error in listening.
2025-06-04 07:13:06,285 [WARNING] - Audio input error (OSError): No Default Input Device Available - Likely no microphone in sandbox.
2025-06-04 07:13:06,286 [INFO] - No command received or error in listening.
2025-06-04 07:13:06,303 [WARNING] - Audio input error (OSError): No Default Input Device Available - Likely no microphone in sandbox.
2025-06-04 07:13:06,303 [INFO] - No command received or error in listening.
2025-06-04 07:13:06,321 [WARNING] - Audio input error (OSError): No Default Input Device Available - Likely no microphone in sandbox.
2025-06-04 07:13:06,321 [INFO] - No command received or error in listening.
2025-06-04 07:13:06,338 [WARNING] - Audio input error (OSError): No Default Input Device Available - Likely no microphone in sandbox.
2025-06-04 07:13:06,339 [INFO] - No command received or error in listening.
2025-06-04 07:13:06,356 [WARNING] - Audio input error (OSError): No Default Input Device Available - Likely no microphone in sandbox.
2025-06-04 07:13:06,356 [INFO] - No command received or error in listening.
2025-06-04 07:13:06,374 [WARNING] - Audio input error (OSError): No Default Input Device Available - Likely no microphone in sandbox.
2025-06-04 07:13:06,374 [INFO] - No command received or error in listening.
2025-06-04 07:13:06,392 [WARNING] - Audio input error (OSError): No Default Input Device Available - Likely no microphone in sandbox.
2025-06-04 07:13:06,392 [INFO] - No command received or error in listening.
2025-06-04 07:13:06,409 [WARNING] - Audio input error (OSError): No Default Input Device Available - Likely no microphone in sandbox.
2025-06-04 07:13:06,409 [INFO] - No command received or error in listening.
2025-06-04 07:13:06,427 [WARNING] - Audio input error (OSError): No Default Input Device Available - Likely no microphone in sandbox.
2025-06-04 07:13:06,427 [INFO] - No command received or error in listening.
2025-06-04 07:13:06,446 [WARNING] - Audio input error (OSError): No Default Input Device Available - Likely no microphone in sandbox.
2025-06-04 07:13:06,446 [INFO] - No command received or error in listening.
2025-06-04 07:13:06,464 [WARNING] - Audio input error (OSError): No Default Input Device Available - Likely no microphone in sandbox.
2025-06-04 07:13:06,464 [INFO] - No command received or error in listening.
2025-06-04 07:13:06,481 [WARNING] - Audio input error (OSError): No Default Input Device Available - Likely no microphone in sandbox.
2025-06-04 07:13:06,482 [INFO] - No command received or error in listening.
2025-06-04 07:13:06,499 [WARNING] - Audio input error (OSError): No Default Input Device Available - Likely no microphone in sandbox.
2025-06-04 07:13:06,499 [INFO] - No command received or error in listening.
2025-06-04 07:13:06,516 [WARNING] - Audio input error (OSError): No Default Input Device Available - Likely no microphone in sandbox.
2025-06-04 07:13:06,516 [INFO] - No command received or error in listening.
2025-06-04 07:13:06,534 [WARNING] - Audio input error (OSError): No Default Input Device Available - Likely no microphone in sandbox.
2025-06-04 07:13:06,534 [INFO] - No command received or error in listening.
2025-06-04 07:13:06,551 [WARNING] - Audio input error (OSError): No Default Input Device Available - Likely no microphone in sandbox.
2025-06-04 07:13:06,551 [INFO] - No command received or error in listening.
2025-06-04 07:13:06,569 [WARNING] - Audio input error (OSError): No Default Input Device Available - Likely no microphone in sandbox.
2025-06-04 07:13:06,569 [INFO] - No command received or error in listening.
2025-06-04 07:13:06,586 [WARNING] - Audio input error (OSError): No Default Input Device Available - Likely no microphone in sandbox.
2025-06-04 07:13:06,586 [INFO] - No command received or error in listening.
2025-06-04 07:13:06,604 [WARNING] - Audio input error (OSError): No Default Input Device Available - Likely no microphone in sandbox.
2025-06-04 07:13:06,604 [INFO] - No command received or error in listening.
2025-06-04 07:13:06,621 [WARNING] - Audio input error (OSError): No Default Input Device Available - Likely no microphone in sandbox.
2025-06-04 07:13:06,621 [INFO] - No command received or error in listening.
2025-06-04 07:13:06,640 [WARNING] - Audio input error (OSError): No Default Input Device Available - Likely no microphone in sandbox.
2025-06-04 07:13:06,640 [INFO] - No command received or error in listening.
2025-06-04 07:13:06,657 [WARNING] - Audio input error (OSError): No Default Input Device Available - Likely no microphone in sandbox.
2025-06-04 07:13:06,658 [INFO] - No command received or error in listening.
2025-06-04 07:13:06,675 [WARNING] - Audio input error (OSError): No Default Input Device Available - Likely no microphone in sandbox.
2025-06-04 07:13:06,675 [INFO] - No command received or error in listening.
2025-06-04 07:13:06,693 [WARNING] - Audio input error (OSError): No Default Input Device Available - Likely no microphone in sandbox.
2025-06-04 07:13:06,693 [INFO] - No command received or error in listening.
2025-06-04 07:13:06,710 [WARNING] - Audio input error (OSError): No Default Input Device Available - Likely no microphone in sandbox.
2025-06-04 07:13:06,710 [INFO] - No command received or error in listening.
2025-06-04 07:13:06,727 [WARNING] - Audio input error (OSError): No Default Input Device Available - Likely no microphone in sandbox.
2025-06-04 07:13:06,728 [INFO] - No command received or error in listening.
2025-06-04 07:13:06,745 [WARNING] - Audio input error (OSError): No Default Input Device Available - Likely no microphone in sandbox.
2025-06-04 07:13:06,745 [INFO] - No command received or error in listening.
2025-06-04 07:13:06,762 [WARNING] - Audio input error (OSError): No Default Input Device Available - Likely no microphone in sandbox.
2025-06-04 07:13:06,762 [INFO] - No command received or error in listening.
2025-06-04 07:13:06,779 [WARNING] - Audio input error (OSError): No Default Input Device Available - Likely no microphone in sandbox.
2025-06-04 07:13:06,779 [INFO] - No command received or error in listening.
2025-06-04 07:13:06,796 [WARNING] - Audio input error (OSError): No Default Input Device Available - Likely no microphone in sandbox.
2025-06-04 07:13:06,797 [INFO] - No command received or error in listening.
2025-06-04 07:13:06,814 [WARNING] - Audio input error (OSError): No Default Input Device Available - Likely no microphone in sandbox.
2025-06-04 07:13:06,814 [INFO] - No command received or error in listening.
2025-06-04 07:13:06,831 [WARNING] - Audio input error (OSError): No Default Input Device Available - Likely no microphone in sandbox.
2025-06-04 07:13:06,831 [INFO] - No command received or error in listening.
2025-06-04 07:13:06,848 [WARNING] - Audio input error (OSError): No Default Input Device Available - Likely no microphone in sandbox.
2025-06-04 07:13:06,849 [INFO] - No command received or error in listening.
2025-06-04 07:13:06,866 [WARNING] - Audio input error (OSError): No Default Input Device Available - Likely no microphone in sandbox.
2025-06-04 07:13:06,866 [INFO] - No command received or error in listening.
2025-06-04 07:13:06,883 [WARNING] - Audio input error (OSError): No Default Input Device Available - Likely no microphone in sandbox.
2025-06-04 07:13:06,884 [INFO] - No command received or error in listening.
2025-06-04 07:13:06,903 [WARNING] - Audio input error (OSError): No Default Input Device Available - Likely no microphone in sandbox.
2025-06-04 07:13:06,903 [INFO] - No command received or error in listening.
2025-06-04 07:13:06,921 [WARNING] - Audio input error (OSError): No Default Input Device Available - Likely no microphone in sandbox.
2025-06-04 07:13:06,921 [INFO] - No command received or error in listening.
2025-06-04 07:13:06,938 [WARNING] - Audio input error (OSError): No Default Input Device Available - Likely no microphone in sandbox.
2025-06-04 07:13:06,938 [INFO] - No command received or error in listening.
2025-06-04 07:13:06,957 [WARNING] - Audio input error (OSError): No Default Input Device Available - Likely no microphone in sandbox.
2025-06-04 07:13:06,958 [INFO] - No command received or error in listening.
2025-06-04 07:13:06,976 [WARNING] - Audio input error (OSError): No Default Input Device Available - Likely no microphone in sandbox.
2025-06-04 07:13:06,977 [INFO] - No command received or error in listening.
2025-06-04 07:13:06,995 [WARNING] - Audio input error (OSError): No Default Input Device Available - Likely no microphone in sandbox.
2025-06-04 07:13:06,995 [INFO] - No command received or error in listening.
2025-06-04 07:13:07,013 [WARNING] - Audio input error (OSError): No Default Input Device Available - Likely no microphone in sandbox.
2025-06-04 07:13:07,013 [INFO] - No command received or error in listening.
2025-06-04 07:13:07,032 [WARNING] - Audio input error (OSError): No Default Input Device Available - Likely no microphone in sandbox.
2025-06-04 07:13:07,032 [INFO] - No command received or error in listening.
2025-06-04 07:13:07,051 [WARNING] - Audio input error (OSError): No Default Input Device Available - Likely no microphone in sandbox.
2025-06-04 07:13:07,051 [INFO] - No command received or error in listening.
2025-06-04 07:13:07,069 [WARNING] - Audio input error (OSError): No Default Input Device Available - Likely no microphone in sandbox.
2025-06-04 07:13:07,069 [INFO] - No command received or error in listening.
2025-06-04 07:13:07,087 [WARNING] - Audio input error (OSError): No Default Input Device Available - Likely no microphone in sandbox.
2025-06-04 07:13:07,087 [INFO] - No command received or error in listening.
2025-06-04 07:13:07,105 [WARNING] - Audio input error (OSError): No Default Input Device Available - Likely no microphone in sandbox.
2025-06-04 07:13:07,105 [INFO] - No command received or error in listening.
2025-06-04 07:13:07,123 [WARNING] - Audio input error (OSError): No Default Input Device Available - Likely no microphone in sandbox.
2025-06-04 07:13:07,123 [INFO] - No command received or error in listening.
2025-06-04 07:13:07,141 [WARNING] - Audio input error (OSError): No Default Input Device Available - Likely no microphone in sandbox.
2025-06-04 07:13:07,141 [INFO] - No command received or error in listening.
2025-06-04 07:13:07,159 [WARNING] - Audio input error (OSError): No Default Input Device Available - Likely no microphone in sandbox.
2025-06-04 07:13:07,159 [INFO] - No command received or error in listening.
2025-06-04 07:13:07,176 [WARNING] - Audio input error (OSError): No Default Input Device Available - Likely no microphone in sandbox.
2025-06-04 07:13:07,176 [INFO] - No command received or error in listening.
2025-06-04 07:13:07,194 [WARNING] - Audio input error (OSError): No Default Input Device Available - Likely no microphone in sandbox.
2025-06-04 07:13:07,194 [INFO] - No command received or error in listening.
2025-06-04 07:13:07,212 [WARNING] - Audio input error (OSError): No Default Input Device Available - Likely no microphone in sandbox.
2025-06-04 07:13:07,212 [INFO] - No command received or error in listening.
2025-06-04 07:13:07,229 [WARNING] - Audio input error (OSError): No Default Input Device Available - Likely no microphone in sandbox.
2025-06-04 07:13:07,229 [INFO] - No command received or error in listening.
2025-06-04 07:13:07,247 [WARNING] - Audio input error (OSError): No Default Input Device Available - Likely no microphone in sandbox.
2025-06-04 07:13:07,247 [INFO] - No command received or error in listening.
2025-06-04 07:13:07,264 [WARNING] - Audio input error (OSError): No Default Input Device Available - Likely no microphone in sandbox.
2025-06-04 07:13:07,265 [INFO] - No command received or error in listening.
2025-06-04 07:13:07,282 [WARNING] - Audio input error (OSError): No Default Input Device Available - Likely no microphone in sandbox.
2025-06-04 07:13:07,282 [INFO] - No command received or error in listening.
2025-06-04 07:13:07,300 [WARNING] - Audio input error (OSError): No Default Input Device Available - Likely no microphone in sandbox.
2025-06-04 07:13:07,300 [INFO] - No command received or error in listening.
2025-06-04 07:13:07,317 [WARNING] - Audio input error (OSError): No Default Input Device Available - Likely no microphone in sandbox.
2025-06-04 07:13:07,317 [INFO] - No command received or error in listening.
2025-06-04 07:13:07,335 [WARNING] - Audio input error (OSError): No Default Input Device Available - Likely no microphone in sandbox.
2025-06-04 07:13:07,335 [INFO] - No command received or error in listening.
2025-06-04 07:13:07,353 [WARNING] - Audio input error (OSError): No Default Input Device Available - Likely no microphone in sandbox.
2025-06-04 07:13:07,353 [INFO] - No command received or error in listening.
2025-06-04 07:13:07,370 [WARNING] - Audio input error (OSError): No Default Input Device Available - Likely no microphone in sandbox.
2025-06-04 07:13:07,370 [INFO] - No command received or error in listening.
2025-06-04 07:13:07,388 [WARNING] - Audio input error (OSError): No Default Input Device Available - Likely no microphone in sandbox.
2025-06-04 07:13:07,388 [INFO] - No command received or error in listening.
2025-06-04 07:13:07,407 [WARNING] - Audio input error (OSError): No Default Input Device Available - Likely no microphone in sandbox.
2025-06-04 07:13:07,408 [INFO] - No command received or error in listening.
2025-06-04 07:13:07,425 [WARNING] - Audio input error (OSError): No Default Input Device Available - Likely no microphone in sandbox.
2025-06-04 07:13:07,425 [INFO] - No command received or error in listening.
2025-06-04 07:13:07,443 [WARNING] - Audio input error (OSError): No Default Input Device Available - Likely no microphone in sandbox.
2025-06-04 07:13:07,443 [INFO] - No command received or error in listening.
2025-06-04 07:13:07,461 [WARNING] - Audio input error (OSError): No Default Input Device Available - Likely no microphone in sandbox.
2025-06-04 07:13:07,461 [INFO] - No command received or error in listening.
2025-06-04 07:13:07,479 [WARNING] - Audio input error (OSError): No Default Input Device Available - Likely no microphone in sandbox.
2025-06-04 07:13:07,479 [INFO] - No command received or error in listening.
2025-06-04 07:13:07,498 [WARNING] - Audio input error (OSError): No Default Input Device Available - Likely no microphone in sandbox.
2025-06-04 07:13:07,498 [INFO] - No command received or error in listening.
2025-06-04 07:13:07,516 [WARNING] - Audio input error (OSError): No Default Input Device Available - Likely no microphone in sandbox.
2025-06-04 07:13:07,516 [INFO] - No command received or error in listening.
2025-06-04 07:13:07,533 [WARNING] - Audio input error (OSError): No Default Input Device Available - Likely no microphone in sandbox.
2025-06-04 07:13:07,534 [INFO] - No command received or error in listening.
2025-06-04 07:13:07,551 [WARNING] - Audio input error (OSError): No Default Input Device Available - Likely no microphone in sandbox.
2025-06-04 07:13:07,551 [INFO] - No command received or error in listening.
2025-06-04 07:13:07,569 [WARNING] - Audio input error (OSError): No Default Input Device Available - Likely no microphone in sandbox.
2025-06-04 07:13:07,569 [INFO] - No command received or error in listening.
2025-06-04 07:13:07,586 [WARNING] - Audio input error (OSError): No Default Input Device Available - Likely no microphone in sandbox.
2025-06-04 07:13:07,586 [INFO] - No command received or error in listening.
2025-06-04 07:13:07,604 [WARNING] - Audio input error (OSError): No Default Input Device Available - Likely no microphone in sandbox.
2025-06-04 07:13:07,604 [INFO] - No command received or error in listening.
2025-06-04 07:13:07,621 [WARNING] - Audio input error (OSError): No Default Input Device Available - Likely no microphone in sandbox.
2025-06-04 07:13:07,622 [INFO] - No command received or error in listening.
2025-06-04 07:13:07,639 [WARNING] - Audio input error (OSError): No Default Input Device Available - Likely no microphone in sandbox.
2025-06-04 07:13:07,639 [INFO] - No command received or error in listening.
2025-06-04 07:13:07,656 [WARNING] - Audio input error (OSError): No Default Input Device Available - Likely no microphone in sandbox.
2025-06-04 07:13:07,657 [INFO] - No command received or error in listening.
2025-06-04 07:13:07,674 [WARNING] - Audio input error (OSError): No Default Input Device Available - Likely no microphone in sandbox.
2025-06-04 07:13:07,675 [INFO] - No command received or error in listening.
2025-06-04 07:13:07,693 [WARNING] - Audio input error (OSError): No Default Input Device Available - Likely no microphone in sandbox.
2025-06-04 07:13:07,693 [INFO] - No command received or error in listening.
2025-06-04 07:13:07,710 [WARNING] - Audio input error (OSError): No Default Input Device Available - Likely no microphone in sandbox.
2025-06-04 07:13:07,710 [INFO] - No command received or error in listening.
2025-06-04 07:13:07,728 [WARNING] - Audio input error (OSError): No Default Input Device Available - Likely no microphone in sandbox.
2025-06-04 07:13:07,728 [INFO] - No command received or error in listening.
2025-06-04 07:13:07,745 [WARNING] - Audio input error (OSError): No Default Input Device Available - Likely no microphone in sandbox.
2025-06-04 07:13:07,745 [INFO] - No command received or error in listening.
2025-06-04 07:13:07,763 [WARNING] - Audio input error (OSError): No Default Input Device Available - Likely no microphone in sandbox.
2025-06-04 07:13:07,763 [INFO] - No command received or error in listening.
2025-06-04 07:13:07,780 [WARNING] - Audio input error (OSError): No Default Input Device Available - Likely no microphone in sandbox.
2025-06-04 07:13:07,780 [INFO] - No command received or error in listening.
2025-06-04 07:13:07,798 [WARNING] - Audio input error (OSError): No Default Input Device Available - Likely no microphone in sandbox.
2025-06-04 07:13:07,798 [INFO] - No command received or error in listening.
2025-06-04 07:13:07,815 [WARNING] - Audio input error (OSError): No Default Input Device Available - Likely no microphone in sandbox.
2025-06-04 07:13:07,816 [INFO] - No command received or error in listening.
2025-06-04 07:13:07,833 [WARNING] - Audio input error (OSError): No Default Input Device Available - Likely no microphone in sandbox.
2025-06-04 07:13:07,833 [INFO] - No command received or error in listening.
2025-06-04 07:13:07,851 [WARNING] - Audio input error (OSError): No Default Input Device Available - Likely no microphone in sandbox.
2025-06-04 07:13:07,851 [INFO] - No command received or error in listening.
2025-06-04 07:13:07,868 [WARNING] - Audio input error (OSError): No Default Input Device Available - Likely no microphone in sandbox.
2025-06-04 07:13:07,868 [INFO] - No command received or error in listening.
2025-06-04 07:13:07,886 [WARNING] - Audio input error (OSError): No Default Input Device Available - Likely no microphone in sandbox.
2025-06-04 07:13:07,886 [INFO] - No command received or error in listening.
2025-06-04 07:13:07,903 [WARNING] - Audio input error (OSError): No Default Input Device Available - Likely no microphone in sandbox.
2025-06-04 07:13:07,903 [INFO] - No command received or error in listening.
2025-06-04 07:13:07,921 [WARNING] - Audio input error (OSError): No Default Input Device Available - Likely no microphone in sandbox.
2025-06-04 07:13:07,921 [INFO] - No command received or error in listening.
2025-06-04 07:13:07,938 [WARNING] - Audio input error (OSError): No Default Input Device Available - Likely no microphone in sandbox.
2025-06-04 07:13:07,939 [INFO] - No command received or error in listening.
2025-06-04 07:13:07,956 [WARNING] - Audio input error (OSError): No Default Input Device Available - Likely no microphone in sandbox.
2025-06-04 07:13:07,957 [INFO] - No command received or error in listening.
2025-06-04 07:13:07,974 [WARNING] - Audio input error (OSError): No Default Input Device Available - Likely no microphone in sandbox.
2025-06-04 07:13:07,974 [INFO] - No command received or error in listening.
2025-06-04 07:13:07,992 [WARNING] - Audio input error (OSError): No Default Input Device Available - Likely no microphone in sandbox.
2025-06-04 07:13:07,992 [INFO] - No command received or error in listening.
2025-06-04 07:13:08,009 [WARNING] - Audio input error (OSError): No Default Input Device Available - Likely no microphone in sandbox.
2025-06-04 07:13:08,010 [INFO] - No command received or error in listening.
2025-06-04 07:13:08,027 [WARNING] - Audio input error (OSError): No Default Input Device Available - Likely no microphone in sandbox.
2025-06-04 07:13:08,027 [INFO] - No command received or error in listening.
2025-06-04 07:13:08,044 [WARNING] - Audio input error (OSError): No Default Input Device Available - Likely no microphone in sandbox.
2025-06-04 07:13:08,044 [INFO] - No command received or error in listening.
2025-06-04 07:13:08,062 [WARNING] - Audio input error (OSError): No Default Input Device Available - Likely no microphone in sandbox.
2025-06-04 07:13:08,062 [INFO] - No command received or error in listening.
2025-06-04 07:13:08,080 [WARNING] - Audio input error (OSError): No Default Input Device Available - Likely no microphone in sandbox.
2025-06-04 07:13:08,080 [INFO] - No command received or error in listening.
2025-06-04 07:13:08,097 [WARNING] - Audio input error (OSError): No Default Input Device Available - Likely no microphone in sandbox.
2025-06-04 07:13:08,097 [INFO] - No command received or error in listening.
2025-06-04 07:13:08,115 [WARNING] - Audio input error (OSError): No Default Input Device Available - Likely no microphone in sandbox.
2025-06-04 07:13:08,115 [INFO] - No command received or error in listening.
2025-06-04 07:13:08,133 [WARNING] - Audio input error (OSError): No Default Input Device Available - Likely no microphone in sandbox.
2025-06-04 07:13:08,133 [INFO] - No command received or error in listening.
2025-06-04 07:13:08,150 [WARNING] - Audio input error (OSError): No Default Input Device Available - Likely no microphone in sandbox.
2025-06-04 07:13:08,150 [INFO] - No command received or error in listening.
2025-06-04 07:13:08,168 [WARNING] - Audio input error (OSError): No Default Input Device Available - Likely no microphone in sandbox.
2025-06-04 07:13:08,168 [INFO] - No command received or error in listening.
2025-06-04 07:13:08,185 [WARNING] - Audio input error (OSError): No Default Input Device Available - Likely no microphone in sandbox.
2025-06-04 07:13:08,185 [INFO] - No command received or error in listening.
2025-06-04 07:13:08,203 [WARNING] - Audio input error (OSError): No Default Input Device Available - Likely no microphone in sandbox.
2025-06-04 07:13:08,203 [INFO] - No command received or error in listening.
2025-06-04 07:13:08,220 [WARNING] - Audio input error (OSError): No Default Input Device Available - Likely no microphone in sandbox.
2025-06-04 07:13:08,220 [INFO] - No command received or error in listening.
2025-06-04 07:13:08,238 [WARNING] - Audio input error (OSError): No Default Input Device Available - Likely no microphone in sandbox.
2025-06-04 07:13:08,238 [INFO] - No command received or error in listening.
2025-06-04 07:13:08,255 [WARNING] - Audio input error (OSError): No Default Input Device Available - Likely no microphone in sandbox.
2025-06-04 07:13:08,255 [INFO] - No command received or error in listening.
2025-06-04 07:13:08,273 [WARNING] - Audio input error (OSError): No Default Input Device Available - Likely no microphone in sandbox.
2025-06-04 07:13:08,273 [INFO] - No command received or error in listening.
2025-06-04 07:13:08,291 [WARNING] - Audio input error (OSError): No Default Input Device Available - Likely no microphone in sandbox.
2025-06-04 07:13:08,291 [INFO] - No command received or error in listening.
2025-06-04 07:13:08,309 [WARNING] - Audio input error (OSError): No Default Input Device Available - Likely no microphone in sandbox.
2025-06-04 07:13:08,309 [INFO] - No command received or error in listening.
2025-06-04 07:13:08,327 [WARNING] - Audio input error (OSError): No Default Input Device Available - Likely no microphone in sandbox.
2025-06-04 07:13:08,327 [INFO] - No command received or error in listening.
2025-06-04 07:13:08,344 [WARNING] - Audio input error (OSError): No Default Input Device Available - Likely no microphone in sandbox.
2025-06-04 07:13:08,344 [INFO] - No command received or error in listening.
2025-06-04 07:13:08,362 [WARNING] - Audio input error (OSError): No Default Input Device Available - Likely no microphone in sandbox.
2025-06-04 07:13:08,362 [INFO] - No command received or error in listening.
2025-06-04 07:13:08,380 [WARNING] - Audio input error (OSError): No Default Input Device Available - Likely no microphone in sandbox.
2025-06-04 07:13:08,380 [INFO] - No command received or error in listening.
2025-06-04 07:13:08,397 [WARNING] - Audio input error (OSError): No Default Input Device Available - Likely no microphone in sandbox.
2025-06-04 07:13:08,398 [INFO] - No command received or error in listening.
2025-06-04 07:13:08,415 [WARNING] - Audio input error (OSError): No Default Input Device Available - Likely no microphone in sandbox.
2025-06-04 07:13:08,415 [INFO] - No command received or error in listening.
2025-06-04 07:13:08,432 [WARNING] - Audio input error (OSError): No Default Input Device Available - Likely no microphone in sandbox.
2025-06-04 07:13:08,433 [INFO] - No command received or error in listening.
2025-06-04 07:13:08,450 [WARNING] - Audio input error (OSError): No Default Input Device Available - Likely no microphone in sandbox.
2025-06-04 07:13:08,450 [INFO] - No command received or error in listening.
2025-06-04 07:13:08,468 [WARNING] - Audio input error (OSError): No Default Input Device Available - Likely no microphone in sandbox.
2025-06-04 07:13:08,468 [INFO] - No command received or error in listening.
2025-06-04 07:13:08,486 [WARNING] - Audio input error (OSError): No Default Input Device Available - Likely no microphone in sandbox.
2025-06-04 07:13:08,486 [INFO] - No command received or error in listening.
2025-06-04 07:13:08,503 [WARNING] - Audio input error (OSError): No Default Input Device Available - Likely no microphone in sandbox.
2025-06-04 07:13:08,504 [INFO] - No command received or error in listening.
2025-06-04 07:13:08,521 [WARNING] - Audio input error (OSError): No Default Input Device Available - Likely no microphone in sandbox.
2025-06-04 07:13:08,521 [INFO] - No command received or error in listening.
2025-06-04 07:13:08,539 [WARNING] - Audio input error (OSError): No Default Input Device Available - Likely no microphone in sandbox.
2025-06-04 07:13:08,539 [INFO] - No command received or error in listening.
2025-06-04 07:13:08,556 [WARNING] - Audio input error (OSError): No Default Input Device Available - Likely no microphone in sandbox.
2025-06-04 07:13:08,556 [INFO] - No command received or error in listening.
2025-06-04 07:13:08,574 [WARNING] - Audio input error (OSError): No Default Input Device Available - Likely no microphone in sandbox.
2025-06-04 07:13:08,574 [INFO] - No command received or error in listening.
2025-06-04 07:13:08,591 [WARNING] - Audio input error (OSError): No Default Input Device Available - Likely no microphone in sandbox.
2025-06-04 07:13:08,592 [INFO] - No command received or error in listening.
2025-06-04 07:13:08,609 [WARNING] - Audio input error (OSError): No Default Input Device Available - Likely no microphone in sandbox.
2025-06-04 07:13:08,609 [INFO] - No command received or error in listening.
2025-06-04 07:13:08,627 [WARNING] - Audio input error (OSError): No Default Input Device Available - Likely no microphone in sandbox.
2025-06-04 07:13:08,627 [INFO] - No command received or error in listening.
2025-06-04 07:13:08,644 [WARNING] - Audio input error (OSError): No Default Input Device Available - Likely no microphone in sandbox.
2025-06-04 07:13:08,644 [INFO] - No command received or error in listening.
2025-06-04 07:13:08,662 [WARNING] - Audio input error (OSError): No Default Input Device Available - Likely no microphone in sandbox.
2025-06-04 07:13:08,662 [INFO] - No command received or error in listening.
2025-06-04 07:13:08,680 [WARNING] - Audio input error (OSError): No Default Input Device Available - Likely no microphone in sandbox.
2025-06-04 07:13:08,680 [INFO] - No command received or error in listening.
2025-06-04 07:13:08,697 [WARNING] - Audio input error (OSError): No Default Input Device Available - Likely no microphone in sandbox.
2025-06-04 07:13:08,697 [INFO] - No command received or error in listening.
2025-06-04 07:13:08,715 [WARNING] - Audio input error (OSError): No Default Input Device Available - Likely no microphone in sandbox.
2025-06-04 07:13:08,715 [INFO] - No command received or error in listening.
2025-06-04 07:13:08,733 [WARNING] - Audio input error (OSError): No Default Input Device Available - Likely no microphone in sandbox.
2025-06-04 07:13:08,733 [INFO] - No command received or error in listening.
2025-06-04 07:13:08,750 [WARNING] - Audio input error (OSError): No Default Input Device Available - Likely no microphone in sandbox.
2025-06-04 07:13:08,751 [INFO] - No command received or error in listening.
2025-06-04 07:13:08,768 [WARNING] - Audio input error (OSError): No Default Input Device Available - Likely no microphone in sandbox.
2025-06-04 07:13:08,768 [INFO] - No command received or error in listening.
2025-06-04 07:13:08,785 [WARNING] - Audio input error (OSError): No Default Input Device Available - Likely no microphone in sandbox.
2025-06-04 07:13:08,785 [INFO] - No command received or error in listening.
2025-06-04 07:13:08,803 [WARNING] - Audio input error (OSError): No Default Input Device Available - Likely no microphone in sandbox.
2025-06-04 07:13:08,803 [INFO] - No command received or error in listening.
2025-06-04 07:13:08,820 [WARNING] - Audio input error (OSError): No Default Input Device Available - Likely no microphone in sandbox.
2025-06-04 07:13:08,820 [INFO] - No command received or error in listening.
2025-06-04 07:13:08,838 [WARNING] - Audio input error (OSError): No Default Input Device Available - Likely no microphone in sandbox.
2025-06-04 07:13:08,839 [INFO] - No command received or error in listening.
2025-06-04 07:13:08,856 [WARNING] - Audio input error (OSError): No Default Input Device Available - Likely no microphone in sandbox.
2025-06-04 07:13:08,856 [INFO] - No command received or error in listening.
2025-06-04 07:13:08,874 [WARNING] - Audio input error (OSError): No Default Input Device Available - Likely no microphone in sandbox.
2025-06-04 07:13:08,874 [INFO] - No command received or error in listening.
2025-06-04 07:13:08,891 [WARNING] - Audio input error (OSError): No Default Input Device Available - Likely no microphone in sandbox.
2025-06-04 07:13:08,892 [INFO] - No command received or error in listening.
2025-06-04 07:13:08,909 [WARNING] - Audio input error (OSError): No Default Input Device Available - Likely no microphone in sandbox.
2025-06-04 07:13:08,909 [INFO] - No command received or error in listening.
2025-06-04 07:13:08,927 [WARNING] - Audio input error (OSError): No Default Input Device Available - Likely no microphone in sandbox.
2025-06-04 07:13:08,927 [INFO] - No command received or error in listening.
2025-06-04 07:13:08,944 [WARNING] - Audio input error (OSError): No Default Input Device Available - Likely no microphone in sandbox.
2025-06-04 07:13:08,945 [INFO] - No command received or error in listening.
2025-06-04 07:13:08,962 [WARNING] - Audio input error (OSError): No Default Input Device Available - Likely no microphone in sandbox.
2025-06-04 07:13:08,962 [INFO] - No command received or error in listening.
2025-06-04 07:13:08,980 [WARNING] - Audio input error (OSError): No Default Input Device Available - Likely no microphone in sandbox.
2025-06-04 07:13:08,980 [INFO] - No command received or error in listening.
2025-06-04 07:13:08,997 [WARNING] - Audio input error (OSError): No Default Input Device Available - Likely no microphone in sandbox.
2025-06-04 07:13:08,997 [INFO] - No command received or error in listening.
2025-06-04 07:13:09,015 [WARNING] - Audio input error (OSError): No Default Input Device Available - Likely no microphone in sandbox.
2025-06-04 07:13:09,015 [INFO] - No command received or error in listening.
2025-06-04 07:13:09,032 [WARNING] - Audio input error (OSError): No Default Input Device Available - Likely no microphone in sandbox.
2025-06-04 07:13:09,032 [INFO] - No command received or error in listening.
2025-06-04 07:13:09,050 [WARNING] - Audio input error (OSError): No Default Input Device Available - Likely no microphone in sandbox.
2025-06-04 07:13:09,050 [INFO] - No command received or error in listening.
2025-06-04 07:13:09,068 [WARNING] - Audio input error (OSError): No Default Input Device Available - Likely no microphone in sandbox.
2025-06-04 07:13:09,068 [INFO] - No command received or error in listening.
2025-06-04 07:13:09,086 [WARNING] - Audio input error (OSError): No Default Input Device Available - Likely no microphone in sandbox.
2025-06-04 07:13:09,086 [INFO] - No command received or error in listening.
2025-06-04 07:13:09,103 [WARNING] - Audio input error (OSError): No Default Input Device Available - Likely no microphone in sandbox.
2025-06-04 07:13:09,103 [INFO] - No command received or error in listening.
2025-06-04 07:13:09,121 [WARNING] - Audio input error (OSError): No Default Input Device Available - Likely no microphone in sandbox.
2025-06-04 07:13:09,121 [INFO] - No command received or error in listening.
2025-06-04 07:13:09,138 [WARNING] - Audio input error (OSError): No Default Input Device Available - Likely no microphone in sandbox.
2025-06-04 07:13:09,138 [INFO] - No command received or error in listening.
2025-06-04 07:13:09,155 [WARNING] - Audio input error (OSError): No Default Input Device Available - Likely no microphone in sandbox.
2025-06-04 07:13:09,155 [INFO] - No command received or error in listening.
2025-06-04 07:13:09,173 [WARNING] - Audio input error (OSError): No Default Input Device Available - Likely no microphone in sandbox.
2025-06-04 07:13:09,173 [INFO] - No command received or error in listening.
2025-06-04 07:13:09,190 [WARNING] - Audio input error (OSError): No Default Input Device Available - Likely no microphone in sandbox.
2025-06-04 07:13:09,191 [INFO] - No command received or error in listening.
2025-06-04 07:13:09,208 [WARNING] - Audio input error (OSError): No Default Input Device Available - Likely no microphone in sandbox.
2025-06-04 07:13:09,208 [INFO] - No command received or error in listening.
2025-06-04 07:13:09,226 [WARNING] - Audio input error (OSError): No Default Input Device Available - Likely no microphone in sandbox.
2025-06-04 07:13:09,226 [INFO] - No command received or error in listening.
2025-06-04 07:13:09,244 [WARNING] - Audio input error (OSError): No Default Input Device Available - Likely no microphone in sandbox.
2025-06-04 07:13:09,244 [INFO] - No command received or error in listening.
2025-06-04 07:13:09,263 [WARNING] - Audio input error (OSError): No Default Input Device Available - Likely no microphone in sandbox.
2025-06-04 07:13:09,263 [INFO] - No command received or error in listening.
2025-06-04 07:13:09,280 [WARNING] - Audio input error (OSError): No Default Input Device Available - Likely no microphone in sandbox.
2025-06-04 07:13:09,281 [INFO] - No command received or error in listening.
2025-06-04 07:13:09,300 [WARNING] - Audio input error (OSError): No Default Input Device Available - Likely no microphone in sandbox.
2025-06-04 07:13:09,300 [INFO] - No command received or error in listening.
2025-06-04 07:13:09,317 [WARNING] - Audio input error (OSError): No Default Input Device Available - Likely no microphone in sandbox.
2025-06-04 07:13:09,318 [INFO] - No command received or error in listening.
2025-06-04 07:13:09,335 [WARNING] - Audio input error (OSError): No Default Input Device Available - Likely no microphone in sandbox.
2025-06-04 07:13:09,335 [INFO] - No command received or error in listening.
2025-06-04 07:13:09,353 [WARNING] - Audio input error (OSError): No Default Input Device Available - Likely no microphone in sandbox.
2025-06-04 07:13:09,353 [INFO] - No command received or error in listening.
2025-06-04 07:13:09,371 [WARNING] - Audio input error (OSError): No Default Input Device Available - Likely no microphone in sandbox.
2025-06-04 07:13:09,371 [INFO] - No command received or error in listening.
2025-06-04 07:13:09,390 [WARNING] - Audio input error (OSError): No Default Input Device Available - Likely no microphone in sandbox.
2025-06-04 07:13:09,391 [INFO] - No command received or error in listening.
2025-06-04 07:13:09,408 [WARNING] - Audio input error (OSError): No Default Input Device Available - Likely no microphone in sandbox.
2025-06-04 07:13:09,409 [INFO] - No command received or error in listening.
2025-06-04 07:13:09,426 [WARNING] - Audio input error (OSError): No Default Input Device Available - Likely no microphone in sandbox.
2025-06-04 07:13:09,426 [INFO] - No command received or error in listening.
2025-06-04 07:13:09,443 [WARNING] - Audio input error (OSError): No Default Input Device Available - Likely no microphone in sandbox.
2025-06-04 07:13:09,444 [INFO] - No command received or error in listening.
2025-06-04 07:13:09,461 [WARNING] - Audio input error (OSError): No Default Input Device Available - Likely no microphone in sandbox.
2025-06-04 07:13:09,461 [INFO] - No command received or error in listening.
2025-06-04 07:13:09,478 [WARNING] - Audio input error (OSError): No Default Input Device Available - Likely no microphone in sandbox.
2025-06-04 07:13:09,478 [INFO] - No command received or error in listening.
2025-06-04 07:13:09,495 [WARNING] - Audio input error (OSError): No Default Input Device Available - Likely no microphone in sandbox.
2025-06-04 07:13:09,495 [INFO] - No command received or error in listening.
2025-06-04 07:13:09,513 [WARNING] - Audio input error (OSError): No Default Input Device Available - Likely no microphone in sandbox.
2025-06-04 07:13:09,513 [INFO] - No command received or error in listening.
2025-06-04 07:13:09,530 [WARNING] - Audio input error (OSError): No Default Input Device Available - Likely no microphone in sandbox.
2025-06-04 07:13:09,530 [INFO] - No command received or error in listening.
2025-06-04 07:13:09,547 [WARNING] - Audio input error (OSError): No Default Input Device Available - Likely no microphone in sandbox.
2025-06-04 07:13:09,548 [INFO] - No command received or error in listening.
2025-06-04 07:13:09,565 [WARNING] - Audio input error (OSError): No Default Input Device Available - Likely no microphone in sandbox.
2025-06-04 07:13:09,565 [INFO] - No command received or error in listening.
2025-06-04 07:13:09,583 [WARNING] - Audio input error (OSError): No Default Input Device Available - Likely no microphone in sandbox.
2025-06-04 07:13:09,583 [INFO] - No command received or error in listening.
2025-06-04 07:13:09,600 [WARNING] - Audio input error (OSError): No Default Input Device Available - Likely no microphone in sandbox.
2025-06-04 07:13:09,601 [INFO] - No command received or error in listening.
2025-06-04 07:13:09,620 [WARNING] - Audio input error (OSError): No Default Input Device Available - Likely no microphone in sandbox.
2025-06-04 07:13:09,620 [INFO] - No command received or error in listening.
2025-06-04 07:13:09,638 [WARNING] - Audio input error (OSError): No Default Input Device Available - Likely no microphone in sandbox.
2025-06-04 07:13:09,638 [INFO] - No command received or error in listening.
2025-06-04 07:13:09,657 [WARNING] - Audio input error (OSError): No Default Input Device Available - Likely no microphone in sandbox.
2025-06-04 07:13:09,657 [INFO] - No command received or error in listening.
2025-06-04 07:13:09,675 [WARNING] - Audio input error (OSError): No Default Input Device Available - Likely no microphone in sandbox.
2025-06-04 07:13:09,675 [INFO] - No command received or error in listening.
2025-06-04 07:13:09,694 [WARNING] - Audio input error (OSError): No Default Input Device Available - Likely no microphone in sandbox.
2025-06-04 07:13:09,695 [INFO] - No command received or error in listening.
2025-06-04 07:13:09,712 [WARNING] - Audio input error (OSError): No Default Input Device Available - Likely no microphone in sandbox.
2025-06-04 07:13:09,712 [INFO] - No command received or error in listening.
2025-06-04 07:13:09,731 [WARNING] - Audio input error (OSError): No Default Input Device Available - Likely no microphone in sandbox.
2025-06-04 07:13:09,732 [INFO] - No command received or error in listening.
2025-06-04 07:13:09,749 [WARNING] - Audio input error (OSError): No Default Input Device Available - Likely no microphone in sandbox.
2025-06-04 07:13:09,749 [INFO] - No command received or error in listening.
2025-06-04 07:13:09,766 [WARNING] - Audio input error (OSError): No Default Input Device Available - Likely no microphone in sandbox.
2025-06-04 07:13:09,766 [INFO] - No command received or error in listening.
2025-06-04 07:13:09,785 [WARNING] - Audio input error (OSError): No Default Input Device Available - Likely no microphone in sandbox.
2025-06-04 07:13:09,786 [INFO] - No command received or error in listening.
2025-06-04 07:13:09,803 [WARNING] - Audio input error (OSError): No Default Input Device Available - Likely no microphone in sandbox.
2025-06-04 07:13:09,803 [INFO] - No command received or error in listening.
2025-06-04 07:13:09,820 [WARNING] - Audio input error (OSError): No Default Input Device Available - Likely no microphone in sandbox.
2025-06-04 07:13:09,820 [INFO] - No command received or error in listening.
2025-06-04 07:13:09,837 [WARNING] - Audio input error (OSError): No Default Input Device Available - Likely no microphone in sandbox.
2025-06-04 07:13:09,838 [INFO] - No command received or error in listening.
2025-06-04 07:13:09,857 [WARNING] - Audio input error (OSError): No Default Input Device Available - Likely no microphone in sandbox.
2025-06-04 07:13:09,857 [INFO] - No command received or error in listening.
2025-06-04 07:13:09,874 [WARNING] - Audio input error (OSError): No Default Input Device Available - Likely no microphone in sandbox.
2025-06-04 07:13:09,874 [INFO] - No command received or error in listening.
2025-06-04 07:13:09,893 [WARNING] - Audio input error (OSError): No Default Input Device Available - Likely no microphone in sandbox.
2025-06-04 07:13:09,894 [INFO] - No command received or error in listening.
2025-06-04 07:13:09,911 [WARNING] - Audio input error (OSError): No Default Input Device Available - Likely no microphone in sandbox.
2025-06-04 07:13:09,911 [INFO] - No command received or error in listening.
2025-06-04 07:13:09,930 [WARNING] - Audio input error (OSError): No Default Input Device Available - Likely no microphone in sandbox.
2025-06-04 07:13:09,930 [INFO] - No command received or error in listening.
2025-06-04 07:13:09,948 [WARNING] - Audio input error (OSError): No Default Input Device Available - Likely no microphone in sandbox.
2025-06-04 07:13:09,948 [INFO] - No command received or error in listening.
2025-06-04 07:13:09,965 [WARNING] - Audio input error (OSError): No Default Input Device Available - Likely no microphone in sandbox.
2025-06-04 07:13:09,965 [INFO] - No command received or error in listening.
2025-06-04 07:13:09,983 [WARNING] - Audio input error (OSError): No Default Input Device Available - Likely no microphone in sandbox.
2025-06-04 07:13:09,983 [INFO] - No command received or error in listening.
2025-06-04 07:13:10,000 [WARNING] - Audio input error (OSError): No Default Input Device Available - Likely no microphone in sandbox.
2025-06-04 07:13:10,000 [INFO] - No command received or error in listening.
2025-06-04 07:13:10,019 [WARNING] - Audio input error (OSError): No Default Input Device Available - Likely no microphone in sandbox.
2025-06-04 07:13:10,019 [INFO] - No command received or error in listening.
2025-06-04 07:13:10,037 [WARNING] - Audio input error (OSError): No Default Input Device Available - Likely no microphone in sandbox.
2025-06-04 07:13:10,037 [INFO] - No command received or error in listening.
2025-06-04 07:13:10,054 [WARNING] - Audio input error (OSError): No Default Input Device Available - Likely no microphone in sandbox.
2025-06-04 07:13:10,055 [INFO] - No command received or error in listening.
2025-06-04 07:13:10,072 [WARNING] - Audio input error (OSError): No Default Input Device Available - Likely no microphone in sandbox.
2025-06-04 07:13:10,072 [INFO] - No command received or error in listening.
2025-06-04 07:13:10,090 [WARNING] - Audio input error (OSError): No Default Input Device Available - Likely no microphone in sandbox.
2025-06-04 07:13:10,090 [INFO] - No command received or error in listening.
2025-06-04 07:13:10,110 [WARNING] - Audio input error (OSError): No Default Input Device Available - Likely no microphone in sandbox.
2025-06-04 07:13:10,110 [INFO] - No command received or error in listening.
2025-06-04 07:13:10,127 [WARNING] - Audio input error (OSError): No Default Input Device Available - Likely no microphone in sandbox.
2025-06-04 07:13:10,128 [INFO] - No command received or error in listening.
2025-06-04 07:13:10,145 [WARNING] - Audio input error (OSError): No Default Input Device Available - Likely no microphone in sandbox.
2025-06-04 07:13:10,145 [INFO] - No command received or error in listening.
2025-06-04 07:13:10,163 [WARNING] - Audio input error (OSError): No Default Input Device Available - Likely no microphone in sandbox.
2025-06-04 07:13:10,163 [INFO] - No command received or error in listening.
2025-06-04 07:13:10,182 [WARNING] - Audio input error (OSError): No Default Input Device Available - Likely no microphone in sandbox.
2025-06-04 07:13:10,182 [INFO] - No command received or error in listening.
2025-06-04 07:13:10,200 [WARNING] - Audio input error (OSError): No Default Input Device Available - Likely no microphone in sandbox.
2025-06-04 07:13:10,200 [INFO] - No command received or error in listening.
2025-06-04 07:13:10,217 [WARNING] - Audio input error (OSError): No Default Input Device Available - Likely no microphone in sandbox.
2025-06-04 07:13:10,218 [INFO] - No command received or error in listening.
2025-06-04 07:13:10,235 [WARNING] - Audio input error (OSError): No Default Input Device Available - Likely no microphone in sandbox.
2025-06-04 07:13:10,235 [INFO] - No command received or error in listening.
2025-06-04 07:13:10,253 [WARNING] - Audio input error (OSError): No Default Input Device Available - Likely no microphone in sandbox.
2025-06-04 07:13:10,253 [INFO] - No command received or error in listening.
2025-06-04 07:13:10,271 [WARNING] - Audio input error (OSError): No Default Input Device Available - Likely no microphone in sandbox.
2025-06-04 07:13:10,271 [INFO] - No command received or error in listening.
2025-06-04 07:13:10,291 [WARNING] - Audio input error (OSError): No Default Input Device Available - Likely no microphone in sandbox.
2025-06-04 07:13:10,291 [INFO] - No command received or error in listening.
2025-06-04 07:13:10,311 [WARNING] - Audio input error (OSError): No Default Input Device Available - Likely no microphone in sandbox.
2025-06-04 07:13:10,311 [INFO] - No command received or error in listening.
2025-06-04 07:13:10,328 [WARNING] - Audio input error (OSError): No Default Input Device Available - Likely no microphone in sandbox.
2025-06-04 07:13:10,328 [INFO] - No command received or error in listening.
2025-06-04 07:13:10,346 [WARNING] - Audio input error (OSError): No Default Input Device Available - Likely no microphone in sandbox.
2025-06-04 07:13:10,346 [INFO] - No command received or error in listening.
2025-06-04 07:13:10,364 [WARNING] - Audio input error (OSError): No Default Input Device Available - Likely no microphone in sandbox.
2025-06-04 07:13:10,364 [INFO] - No command received or error in listening.
2025-06-04 07:13:10,381 [WARNING] - Audio input error (OSError): No Default Input Device Available - Likely no microphone in sandbox.
2025-06-04 07:13:10,381 [INFO] - No command received or error in listening.
2025-06-04 07:13:10,399 [WARNING] - Audio input error (OSError): No Default Input Device Available - Likely no microphone in sandbox.
2025-06-04 07:13:10,399 [INFO] - No command received or error in listening.
2025-06-04 07:13:10,416 [WARNING] - Audio input error (OSError): No Default Input Device Available - Likely no microphone in sandbox.
2025-06-04 07:13:10,416 [INFO] - No command received or error in listening.
2025-06-04 07:13:10,435 [WARNING] - Audio input error (OSError): No Default Input Device Available - Likely no microphone in sandbox.
2025-06-04 07:13:10,436 [INFO] - No command received or error in listening.
2025-06-04 07:13:10,453 [WARNING] - Audio input error (OSError): No Default Input Device Available - Likely no microphone in sandbox.
2025-06-04 07:13:10,453 [INFO] - No command received or error in listening.
2025-06-04 07:13:10,470 [WARNING] - Audio input error (OSError): No Default Input Device Available - Likely no microphone in sandbox.
2025-06-04 07:13:10,471 [INFO] - No command received or error in listening.
2025-06-04 07:13:10,490 [WARNING] - Audio input error (OSError): No Default Input Device Available - Likely no microphone in sandbox.
2025-06-04 07:13:10,490 [INFO] - No command received or error in listening.
2025-06-04 07:13:10,507 [WARNING] - Audio input error (OSError): No Default Input Device Available - Likely no microphone in sandbox.
2025-06-04 07:13:10,507 [INFO] - No command received or error in listening.
2025-06-04 07:13:10,525 [WARNING] - Audio input error (OSError): No Default Input Device Available - Likely no microphone in sandbox.
2025-06-04 07:13:10,525 [INFO] - No command received or error in listening.
2025-06-04 07:13:10,542 [WARNING] - Audio input error (OSError): No Default Input Device Available - Likely no microphone in sandbox.
2025-06-04 07:13:10,542 [INFO] - No command received or error in listening.
2025-06-04 07:13:10,560 [WARNING] - Audio input error (OSError): No Default Input Device Available - Likely no microphone in sandbox.
2025-06-04 07:13:10,560 [INFO] - No command received or error in listening.
2025-06-04 07:13:10,577 [WARNING] - Audio input error (OSError): No Default Input Device Available - Likely no microphone in sandbox.
2025-06-04 07:13:10,577 [INFO] - No command received or error in listening.
2025-06-04 07:13:10,595 [WARNING] - Audio input error (OSError): No Default Input Device Available - Likely no microphone in sandbox.
2025-06-04 07:13:10,595 [INFO] - No command received or error in listening.
2025-06-04 07:13:10,612 [WARNING] - Audio input error (OSError): No Default Input Device Available - Likely no microphone in sandbox.
2025-06-04 07:13:10,612 [INFO] - No command received or error in listening.
2025-06-04 07:13:10,629 [WARNING] - Audio input error (OSError): No Default Input Device Available - Likely no microphone in sandbox.
2025-06-04 07:13:10,630 [INFO] - No command received or error in listening.
2025-06-04 07:13:10,647 [WARNING] - Audio input error (OSError): No Default Input Device Available - Likely no microphone in sandbox.
2025-06-04 07:13:10,647 [INFO] - No command received or error in listening.
2025-06-04 07:13:10,664 [WARNING] - Audio input error (OSError): No Default Input Device Available - Likely no microphone in sandbox.
2025-06-04 07:13:10,665 [INFO] - No command received or error in listening.
2025-06-04 07:13:10,682 [WARNING] - Audio input error (OSError): No Default Input Device Available - Likely no microphone in sandbox.
2025-06-04 07:13:10,682 [INFO] - No command received or error in listening.
2025-06-04 07:13:10,700 [WARNING] - Audio input error (OSError): No Default Input Device Available - Likely no microphone in sandbox.
2025-06-04 07:13:10,700 [INFO] - No command received or error in listening.
2025-06-04 07:13:10,718 [WARNING] - Audio input error (OSError): No Default Input Device Available - Likely no microphone in sandbox.
2025-06-04 07:13:10,718 [INFO] - No command received or error in listening.
2025-06-04 07:13:10,735 [WARNING] - Audio input error (OSError): No Default Input Device Available - Likely no microphone in sandbox.
2025-06-04 07:13:10,735 [INFO] - No command received or error in listening.
2025-06-04 07:13:10,752 [WARNING] - Audio input error (OSError): No Default Input Device Available - Likely no microphone in sandbox.
2025-06-04 07:13:10,752 [INFO] - No command received or error in listening.
2025-06-04 07:13:10,770 [WARNING] - Audio input error (OSError): No Default Input Device Available - Likely no microphone in sandbox.
2025-06-04 07:13:10,770 [INFO] - No command received or error in listening.
2025-06-04 07:13:10,788 [WARNING] - Audio input error (OSError): No Default Input Device Available - Likely no microphone in sandbox.
2025-06-04 07:13:10,788 [INFO] - No command received or error in listening.
2025-06-04 07:13:10,807 [WARNING] - Audio input error (OSError): No Default Input Device Available - Likely no microphone in sandbox.
2025-06-04 07:13:10,808 [INFO] - No command received or error in listening.
2025-06-04 07:13:10,828 [WARNING] - Audio input error (OSError): No Default Input Device Available - Likely no microphone in sandbox.
2025-06-04 07:13:10,828 [INFO] - No command received or error in listening.
2025-06-04 07:13:10,847 [WARNING] - Audio input error (OSError): No Default Input Device Available - Likely no microphone in sandbox.
2025-06-04 07:13:10,847 [INFO] - No command received or error in listening.
2025-06-04 07:13:10,865 [WARNING] - Audio input error (OSError): No Default Input Device Available - Likely no microphone in sandbox.
2025-06-04 07:13:10,865 [INFO] - No command received or error in listening.
2025-06-04 07:13:10,882 [WARNING] - Audio input error (OSError): No Default Input Device Available - Likely no microphone in sandbox.
2025-06-04 07:13:10,883 [INFO] - No command received or error in listening.
2025-06-04 07:13:10,900 [WARNING] - Audio input error (OSError): No Default Input Device Available - Likely no microphone in sandbox.
2025-06-04 07:13:10,900 [INFO] - No command received or error in listening.
2025-06-04 07:13:10,919 [WARNING] - Audio input error (OSError): No Default Input Device Available - Likely no microphone in sandbox.
2025-06-04 07:13:10,920 [INFO] - No command received or error in listening.
2025-06-04 07:13:10,937 [WARNING] - Audio input error (OSError): No Default Input Device Available - Likely no microphone in sandbox.
2025-06-04 07:13:10,937 [INFO] - No command received or error in listening.
2025-06-04 07:13:10,957 [WARNING] - Audio input error (OSError): No Default Input Device Available - Likely no microphone in sandbox.
2025-06-04 07:13:10,957 [INFO] - No command received or error in listening.
2025-06-04 07:13:10,975 [WARNING] - Audio input error (OSError): No Default Input Device Available - Likely no microphone in sandbox.
2025-06-04 07:13:10,975 [INFO] - No command received or error in listening.
2025-06-04 07:13:10,994 [WARNING] - Audio input error (OSError): No Default Input Device Available - Likely no microphone in sandbox.
2025-06-04 07:13:10,994 [INFO] - No command received or error in listening.
2025-06-04 07:13:11,012 [WARNING] - Audio input error (OSError): No Default Input Device Available - Likely no microphone in sandbox.
2025-06-04 07:13:11,012 [INFO] - No command received or error in listening.
2025-06-04 07:13:11,031 [WARNING] - Audio input error (OSError): No Default Input Device Available - Likely no microphone in sandbox.
2025-06-04 07:13:11,031 [INFO] - No command received or error in listening.
2025-06-04 07:13:11,048 [WARNING] - Audio input error (OSError): No Default Input Device Available - Likely no microphone in sandbox.
2025-06-04 07:13:11,048 [INFO] - No command received or error in listening.
2025-06-04 07:13:11,066 [WARNING] - Audio input error (OSError): No Default Input Device Available - Likely no microphone in sandbox.
2025-06-04 07:13:11,066 [INFO] - No command received or error in listening.
2025-06-04 07:13:11,084 [WARNING] - Audio input error (OSError): No Default Input Device Available - Likely no microphone in sandbox.
2025-06-04 07:13:11,084 [INFO] - No command received or error in listening.
2025-06-04 07:13:11,102 [WARNING] - Audio input error (OSError): No Default Input Device Available - Likely no microphone in sandbox.
2025-06-04 07:13:11,102 [INFO] - No command received or error in listening.
2025-06-04 07:13:11,119 [WARNING] - Audio input error (OSError): No Default Input Device Available - Likely no microphone in sandbox.
2025-06-04 07:13:11,119 [INFO] - No command received or error in listening.
2025-06-04 07:13:11,137 [WARNING] - Audio input error (OSError): No Default Input Device Available - Likely no microphone in sandbox.
2025-06-04 07:13:11,137 [INFO] - No command received or error in listening.
2025-06-04 07:13:11,156 [WARNING] - Audio input error (OSError): No Default Input Device Available - Likely no microphone in sandbox.
2025-06-04 07:13:11,156 [INFO] - No command received or error in listening.
2025-06-04 07:13:11,174 [WARNING] - Audio input error (OSError): No Default Input Device Available - Likely no microphone in sandbox.
2025-06-04 07:13:11,174 [INFO] - No command received or error in listening.
2025-06-04 07:13:11,194 [WARNING] - Audio input error (OSError): No Default Input Device Available - Likely no microphone in sandbox.
2025-06-04 07:13:11,194 [INFO] - No command received or error in listening.
2025-06-04 07:13:11,211 [WARNING] - Audio input error (OSError): No Default Input Device Available - Likely no microphone in sandbox.
2025-06-04 07:13:11,211 [INFO] - No command received or error in listening.
2025-06-04 07:13:11,229 [WARNING] - Audio input error (OSError): No Default Input Device Available - Likely no microphone in sandbox.
2025-06-04 07:13:11,229 [INFO] - No command received or error in listening.
2025-06-04 07:13:11,246 [WARNING] - Audio input error (OSError): No Default Input Device Available - Likely no microphone in sandbox.
2025-06-04 07:13:11,246 [INFO] - No command received or error in listening.
2025-06-04 07:13:11,264 [WARNING] - Audio input error (OSError): No Default Input Device Available - Likely no microphone in sandbox.
2025-06-04 07:13:11,264 [INFO] - No command received or error in listening.
2025-06-04 07:13:11,281 [WARNING] - Audio input error (OSError): No Default Input Device Available - Likely no microphone in sandbox.
2025-06-04 07:13:11,281 [INFO] - No command received or error in listening.
2025-06-04 07:13:11,299 [WARNING] - Audio input error (OSError): No Default Input Device Available - Likely no microphone in sandbox.
2025-06-04 07:13:11,299 [INFO] - No command received or error in listening.
2025-06-04 07:13:11,318 [WARNING] - Audio input error (OSError): No Default Input Device Available - Likely no microphone in sandbox.
2025-06-04 07:13:11,318 [INFO] - No command received or error in listening.
2025-06-04 07:13:11,336 [WARNING] - Audio input error (OSError): No Default Input Device Available - Likely no microphone in sandbox.
2025-06-04 07:13:11,336 [INFO] - No command received or error in listening.
2025-06-04 07:13:11,353 [WARNING] - Audio input error (OSError): No Default Input Device Available - Likely no microphone in sandbox.
2025-06-04 07:13:11,353 [INFO] - No command received or error in listening.
2025-06-04 07:13:11,371 [WARNING] - Audio input error (OSError): No Default Input Device Available - Likely no microphone in sandbox.
2025-06-04 07:13:11,371 [INFO] - No command received or error in listening.
2025-06-04 07:13:11,388 [WARNING] - Audio input error (OSError): No Default Input Device Available - Likely no microphone in sandbox.
2025-06-04 07:13:11,388 [INFO] - No command received or error in listening.
2025-06-04 07:13:11,405 [WARNING] - Audio input error (OSError): No Default Input Device Available - Likely no microphone in sandbox.
2025-06-04 07:13:11,405 [INFO] - No command received or error in listening.
2025-06-04 07:13:11,423 [WARNING] - Audio input error (OSError): No Default Input Device Available - Likely no microphone in sandbox.
2025-06-04 07:13:11,423 [INFO] - No command received or error in listening.
2025-06-04 07:13:11,440 [WARNING] - Audio input error (OSError): No Default Input Device Available - Likely no microphone in sandbox.
2025-06-04 07:13:11,441 [INFO] - No command received or error in listening.
2025-06-04 07:13:11,458 [WARNING] - Audio input error (OSError): No Default Input Device Available - Likely no microphone in sandbox.
2025-06-04 07:13:11,458 [INFO] - No command received or error in listening.
2025-06-04 07:13:11,475 [WARNING] - Audio input error (OSError): No Default Input Device Available - Likely no microphone in sandbox.
2025-06-04 07:13:11,475 [INFO] - No command received or error in listening.
2025-06-04 07:13:11,492 [WARNING] - Audio input error (OSError): No Default Input Device Available - Likely no microphone in sandbox.
2025-06-04 07:13:11,493 [INFO] - No command received or error in listening.
2025-06-04 07:13:11,510 [WARNING] - Audio input error (OSError): No Default Input Device Available - Likely no microphone in sandbox.
2025-06-04 07:13:11,510 [INFO] - No command received or error in listening.
2025-06-04 07:13:11,528 [WARNING] - Audio input error (OSError): No Default Input Device Available - Likely no microphone in sandbox.
2025-06-04 07:13:11,528 [INFO] - No command received or error in listening.
2025-06-04 07:13:11,545 [WARNING] - Audio input error (OSError): No Default Input Device Available - Likely no microphone in sandbox.
2025-06-04 07:13:11,545 [INFO] - No command received or error in listening.
2025-06-04 07:13:11,563 [WARNING] - Audio input error (OSError): No Default Input Device Available - Likely no microphone in sandbox.
2025-06-04 07:13:11,563 [INFO] - No command received or error in listening.
2025-06-04 07:13:11,580 [WARNING] - Audio input error (OSError): No Default Input Device Available - Likely no microphone in sandbox.
2025-06-04 07:13:11,580 [INFO] - No command received or error in listening.
2025-06-04 07:13:11,597 [WARNING] - Audio input error (OSError): No Default Input Device Available - Likely no microphone in sandbox.
2025-06-04 07:13:11,598 [INFO] - No command received or error in listening.
2025-06-04 07:13:11,615 [WARNING] - Audio input error (OSError): No Default Input Device Available - Likely no microphone in sandbox.
2025-06-04 07:13:11,615 [INFO] - No command received or error in listening.
2025-06-04 07:13:11,632 [WARNING] - Audio input error (OSError): No Default Input Device Available - Likely no microphone in sandbox.
2025-06-04 07:13:11,632 [INFO] - No command received or error in listening.
2025-06-04 07:13:11,650 [WARNING] - Audio input error (OSError): No Default Input Device Available - Likely no microphone in sandbox.
2025-06-04 07:13:11,650 [INFO] - No command received or error in listening.
2025-06-04 07:13:11,667 [WARNING] - Audio input error (OSError): No Default Input Device Available - Likely no microphone in sandbox.
2025-06-04 07:13:11,667 [INFO] - No command received or error in listening.
2025-06-04 07:13:11,684 [WARNING] - Audio input error (OSError): No Default Input Device Available - Likely no microphone in sandbox.
2025-06-04 07:13:11,684 [INFO] - No command received or error in listening.
2025-06-04 07:13:11,701 [WARNING] - Audio input error (OSError): No Default Input Device Available - Likely no microphone in sandbox.
2025-06-04 07:13:11,702 [INFO] - No command received or error in listening.
2025-06-04 07:13:11,719 [WARNING] - Audio input error (OSError): No Default Input Device Available - Likely no microphone in sandbox.
2025-06-04 07:13:11,719 [INFO] - No command received or error in listening.
2025-06-04 07:13:11,736 [WARNING] - Audio input error (OSError): No Default Input Device Available - Likely no microphone in sandbox.
2025-06-04 07:13:11,736 [INFO] - No command received or error in listening.
2025-06-04 07:13:11,754 [WARNING] - Audio input error (OSError): No Default Input Device Available - Likely no microphone in sandbox.
2025-06-04 07:13:11,754 [INFO] - No command received or error in listening.
2025-06-04 07:13:11,770 [WARNING] - Audio input error (OSError): No Default Input Device Available - Likely no microphone in sandbox.
2025-06-04 07:13:11,771 [INFO] - No command received or error in listening.
2025-06-04 07:13:11,788 [WARNING] - Audio input error (OSError): No Default Input Device Available - Likely no microphone in sandbox.
2025-06-04 07:13:11,788 [INFO] - No command received or error in listening.
2025-06-04 07:13:11,805 [WARNING] - Audio input error (OSError): No Default Input Device Available - Likely no microphone in sandbox.
2025-06-04 07:13:11,805 [INFO] - No command received or error in listening.
2025-06-04 07:13:11,823 [WARNING] - Audio input error (OSError): No Default Input Device Available - Likely no microphone in sandbox.
2025-06-04 07:13:11,823 [INFO] - No command received or error in listening.
2025-06-04 07:13:11,840 [WARNING] - Audio input error (OSError): No Default Input Device Available - Likely no microphone in sandbox.
2025-06-04 07:13:11,840 [INFO] - No command received or error in listening.
2025-06-04 07:13:11,857 [WARNING] - Audio input error (OSError): No Default Input Device Available - Likely no microphone in sandbox.
2025-06-04 07:13:11,858 [INFO] - No command received or error in listening.
2025-06-04 07:13:11,875 [WARNING] - Audio input error (OSError): No Default Input Device Available - Likely no microphone in sandbox.
2025-06-04 07:13:11,875 [INFO] - No command received or error in listening.
2025-06-04 07:13:11,892 [WARNING] - Audio input error (OSError): No Default Input Device Available - Likely no microphone in sandbox.
2025-06-04 07:13:11,892 [INFO] - No command received or error in listening.
2025-06-04 07:13:11,909 [WARNING] - Audio input error (OSError): No Default Input Device Available - Likely no microphone in sandbox.
2025-06-04 07:13:11,910 [INFO] - No command received or error in listening.
2025-06-04 07:13:11,927 [WARNING] - Audio input error (OSError): No Default Input Device Available - Likely no microphone in sandbox.
2025-06-04 07:13:11,927 [INFO] - No command received or error in listening.
2025-06-04 07:13:11,944 [WARNING] - Audio input error (OSError): No Default Input Device Available - Likely no microphone in sandbox.
2025-06-04 07:13:11,944 [INFO] - No command received or error in listening.
2025-06-04 07:13:11,962 [WARNING] - Audio input error (OSError): No Default Input Device Available - Likely no microphone in sandbox.
2025-06-04 07:13:11,962 [INFO] - No command received or error in listening.
2025-06-04 07:13:11,979 [WARNING] - Audio input error (OSError): No Default Input Device Available - Likely no microphone in sandbox.
2025-06-04 07:13:11,979 [INFO] - No command received or error in listening.
2025-06-04 07:13:11,997 [WARNING] - Audio input error (OSError): No Default Input Device Available - Likely no microphone in sandbox.
2025-06-04 07:13:11,997 [INFO] - No command received or error in listening.
2025-06-04 07:13:12,014 [WARNING] - Audio input error (OSError): No Default Input Device Available - Likely no microphone in sandbox.
2025-06-04 07:13:12,014 [INFO] - No command received or error in listening.
2025-06-04 07:13:12,031 [WARNING] - Audio input error (OSError): No Default Input Device Available - Likely no microphone in sandbox.
2025-06-04 07:13:12,032 [INFO] - No command received or error in listening.
2025-06-04 07:13:12,049 [WARNING] - Audio input error (OSError): No Default Input Device Available - Likely no microphone in sandbox.
2025-06-04 07:13:12,049 [INFO] - No command received or error in listening.
2025-06-04 07:13:12,066 [WARNING] - Audio input error (OSError): No Default Input Device Available - Likely no microphone in sandbox.
2025-06-04 07:13:12,066 [INFO] - No command received or error in listening.
2025-06-04 07:13:12,084 [WARNING] - Audio input error (OSError): No Default Input Device Available - Likely no microphone in sandbox.
2025-06-04 07:13:12,084 [INFO] - No command received or error in listening.
2025-06-04 07:13:12,101 [WARNING] - Audio input error (OSError): No Default Input Device Available - Likely no microphone in sandbox.
2025-06-04 07:13:12,102 [INFO] - No command received or error in listening.
2025-06-04 07:13:12,119 [WARNING] - Audio input error (OSError): No Default Input Device Available - Likely no microphone in sandbox.
2025-06-04 07:13:12,119 [INFO] - No command received or error in listening.
2025-06-04 07:13:12,136 [WARNING] - Audio input error (OSError): No Default Input Device Available - Likely no microphone in sandbox.
2025-06-04 07:13:12,137 [INFO] - No command received or error in listening.
2025-06-04 07:13:12,154 [WARNING] - Audio input error (OSError): No Default Input Device Available - Likely no microphone in sandbox.
2025-06-04 07:13:12,154 [INFO] - No command received or error in listening.
2025-06-04 07:13:12,171 [WARNING] - Audio input error (OSError): No Default Input Device Available - Likely no microphone in sandbox.
2025-06-04 07:13:12,171 [INFO] - No command received or error in listening.
2025-06-04 07:13:12,189 [WARNING] - Audio input error (OSError): No Default Input Device Available - Likely no microphone in sandbox.
2025-06-04 07:13:12,189 [INFO] - No command received or error in listening.
2025-06-04 07:13:12,206 [WARNING] - Audio input error (OSError): No Default Input Device Available - Likely no microphone in sandbox.
2025-06-04 07:13:12,206 [INFO] - No command received or error in listening.
2025-06-04 07:13:12,224 [WARNING] - Audio input error (OSError): No Default Input Device Available - Likely no microphone in sandbox.
2025-06-04 07:13:12,224 [INFO] - No command received or error in listening.
2025-06-04 07:13:12,241 [WARNING] - Audio input error (OSError): No Default Input Device Available - Likely no microphone in sandbox.
2025-06-04 07:13:12,241 [INFO] - No command received or error in listening.
2025-06-04 07:13:12,258 [WARNING] - Audio input error (OSError): No Default Input Device Available - Likely no microphone in sandbox.
2025-06-04 07:13:12,258 [INFO] - No command received or error in listening.
2025-06-04 07:13:12,276 [WARNING] - Audio input error (OSError): No Default Input Device Available - Likely no microphone in sandbox.
2025-06-04 07:13:12,276 [INFO] - No command received or error in listening.
2025-06-04 07:13:12,293 [WARNING] - Audio input error (OSError): No Default Input Device Available - Likely no microphone in sandbox.
2025-06-04 07:13:12,293 [INFO] - No command received or error in listening.
2025-06-04 07:13:12,311 [WARNING] - Audio input error (OSError): No Default Input Device Available - Likely no microphone in sandbox.
2025-06-04 07:13:12,311 [INFO] - No command received or error in listening.
2025-06-04 07:13:12,328 [WARNING] - Audio input error (OSError): No Default Input Device Available - Likely no microphone in sandbox.
2025-06-04 07:13:12,328 [INFO] - No command received or error in listening.
2025-06-04 07:13:12,345 [WARNING] - Audio input error (OSError): No Default Input Device Available - Likely no microphone in sandbox.
2025-06-04 07:13:12,346 [INFO] - No command received or error in listening.
2025-06-04 07:13:12,363 [WARNING] - Audio input error (OSError): No Default Input Device Available - Likely no microphone in sandbox.
2025-06-04 07:13:12,363 [INFO] - No command received or error in listening.
2025-06-04 07:13:12,380 [WARNING] - Audio input error (OSError): No Default Input Device Available - Likely no microphone in sandbox.
2025-06-04 07:13:12,380 [INFO] - No command received or error in listening.
2025-06-04 07:13:12,397 [WARNING] - Audio input error (OSError): No Default Input Device Available - Likely no microphone in sandbox.
2025-06-04 07:13:12,397 [INFO] - No command received or error in listening.
2025-06-04 07:13:12,415 [WARNING] - Audio input error (OSError): No Default Input Device Available - Likely no microphone in sandbox.
2025-06-04 07:13:12,415 [INFO] - No command received or error in listening.
2025-06-04 07:13:12,432 [WARNING] - Audio input error (OSError): No Default Input Device Available - Likely no microphone in sandbox.
2025-06-04 07:13:12,432 [INFO] - No command received or error in listening.
2025-06-04 07:13:12,449 [WARNING] - Audio input error (OSError): No Default Input Device Available - Likely no microphone in sandbox.
2025-06-04 07:13:12,450 [INFO] - No command received or error in listening.
2025-06-04 07:13:12,468 [WARNING] - Audio input error (OSError): No Default Input Device Available - Likely no microphone in sandbox.
2025-06-04 07:13:12,468 [INFO] - No command received or error in listening.
2025-06-04 07:13:12,485 [WARNING] - Audio input error (OSError): No Default Input Device Available - Likely no microphone in sandbox.
2025-06-04 07:13:12,485 [INFO] - No command received or error in listening.
2025-06-04 07:13:12,503 [WARNING] - Audio input error (OSError): No Default Input Device Available - Likely no microphone in sandbox.
2025-06-04 07:13:12,503 [INFO] - No command received or error in listening.
2025-06-04 07:13:12,520 [WARNING] - Audio input error (OSError): No Default Input Device Available - Likely no microphone in sandbox.
2025-06-04 07:13:12,520 [INFO] - No command received or error in listening.
2025-06-04 07:13:12,537 [WARNING] - Audio input error (OSError): No Default Input Device Available - Likely no microphone in sandbox.
2025-06-04 07:13:12,538 [INFO] - No command received or error in listening.
2025-06-04 07:13:12,555 [WARNING] - Audio input error (OSError): No Default Input Device Available - Likely no microphone in sandbox.
2025-06-04 07:13:12,555 [INFO] - No command received or error in listening.
2025-06-04 07:13:12,573 [WARNING] - Audio input error (OSError): No Default Input Device Available - Likely no microphone in sandbox.
2025-06-04 07:13:12,573 [INFO] - No command received or error in listening.
2025-06-04 07:13:12,590 [WARNING] - Audio input error (OSError): No Default Input Device Available - Likely no microphone in sandbox.
2025-06-04 07:13:12,590 [INFO] - No command received or error in listening.
2025-06-04 07:13:12,607 [WARNING] - Audio input error (OSError): No Default Input Device Available - Likely no microphone in sandbox.
2025-06-04 07:13:12,608 [INFO] - No command received or error in listening.
2025-06-04 07:13:12,625 [WARNING] - Audio input error (OSError): No Default Input Device Available - Likely no microphone in sandbox.
2025-06-04 07:13:12,625 [INFO] - No command received or error in listening.
2025-06-04 07:13:12,643 [WARNING] - Audio input error (OSError): No Default Input Device Available - Likely no microphone in sandbox.
2025-06-04 07:13:12,643 [INFO] - No command received or error in listening.
2025-06-04 07:13:12,660 [WARNING] - Audio input error (OSError): No Default Input Device Available - Likely no microphone in sandbox.
2025-06-04 07:13:12,660 [INFO] - No command received or error in listening.
2025-06-04 07:13:12,677 [WARNING] - Audio input error (OSError): No Default Input Device Available - Likely no microphone in sandbox.
2025-06-04 07:13:12,678 [INFO] - No command received or error in listening.
2025-06-04 07:13:12,695 [WARNING] - Audio input error (OSError): No Default Input Device Available - Likely no microphone in sandbox.
2025-06-04 07:13:12,695 [INFO] - No command received or error in listening.
2025-06-04 07:13:12,712 [WARNING] - Audio input error (OSError): No Default Input Device Available - Likely no microphone in sandbox.
2025-06-04 07:13:12,713 [INFO] - No command received or error in listening.
2025-06-04 07:13:12,730 [WARNING] - Audio input error (OSError): No Default Input Device Available - Likely no microphone in sandbox.
2025-06-04 07:13:12,730 [INFO] - No command received or error in listening.
2025-06-04 07:13:12,747 [WARNING] - Audio input error (OSError): No Default Input Device Available - Likely no microphone in sandbox.
2025-06-04 07:13:12,747 [INFO] - No command received or error in listening.
2025-06-04 07:13:12,765 [WARNING] - Audio input error (OSError): No Default Input Device Available - Likely no microphone in sandbox.
2025-06-04 07:13:12,765 [INFO] - No command received or error in listening.
2025-06-04 07:13:12,782 [WARNING] - Audio input error (OSError): No Default Input Device Available - Likely no microphone in sandbox.
2025-06-04 07:13:12,782 [INFO] - No command received or error in listening.
2025-06-04 07:13:12,800 [WARNING] - Audio input error (OSError): No Default Input Device Available - Likely no microphone in sandbox.
2025-06-04 07:13:12,800 [INFO] - No command received or error in listening.
2025-06-04 07:13:12,817 [WARNING] - Audio input error (OSError): No Default Input Device Available - Likely no microphone in sandbox.
2025-06-04 07:13:12,818 [INFO] - No command received or error in listening.
2025-06-04 07:13:12,835 [WARNING] - Audio input error (OSError): No Default Input Device Available - Likely no microphone in sandbox.
2025-06-04 07:13:12,835 [INFO] - No command received or error in listening.
2025-06-04 07:13:12,852 [WARNING] - Audio input error (OSError): No Default Input Device Available - Likely no microphone in sandbox.
2025-06-04 07:13:12,853 [INFO] - No command received or error in listening.
2025-06-04 07:13:12,870 [WARNING] - Audio input error (OSError): No Default Input Device Available - Likely no microphone in sandbox.
2025-06-04 07:13:12,870 [INFO] - No command received or error in listening.
2025-06-04 07:13:12,887 [WARNING] - Audio input error (OSError): No Default Input Device Available - Likely no microphone in sandbox.
2025-06-04 07:13:12,887 [INFO] - No command received or error in listening.
2025-06-04 07:13:12,905 [WARNING] - Audio input error (OSError): No Default Input Device Available - Likely no microphone in sandbox.
2025-06-04 07:13:12,905 [INFO] - No command received or error in listening.
2025-06-04 07:13:12,922 [WARNING] - Audio input error (OSError): No Default Input Device Available - Likely no microphone in sandbox.
2025-06-04 07:13:12,922 [INFO] - No command received or error in listening.
2025-06-04 07:13:12,940 [WARNING] - Audio input error (OSError): No Default Input Device Available - Likely no microphone in sandbox.
2025-06-04 07:13:12,940 [INFO] - No command received or error in listening.
2025-06-04 07:13:12,957 [WARNING] - Audio input error (OSError): No Default Input Device Available - Likely no microphone in sandbox.
2025-06-04 07:13:12,957 [INFO] - No command received or error in listening.
2025-06-04 07:13:12,975 [WARNING] - Audio input error (OSError): No Default Input Device Available - Likely no microphone in sandbox.
2025-06-04 07:13:12,975 [INFO] - No command received or error in listening.
2025-06-04 07:13:12,992 [WARNING] - Audio input error (OSError): No Default Input Device Available - Likely no microphone in sandbox.
2025-06-04 07:13:12,992 [INFO] - No command received or error in listening.
2025-06-04 07:13:13,009 [WARNING] - Audio input error (OSError): No Default Input Device Available - Likely no microphone in sandbox.
2025-06-04 07:13:13,010 [INFO] - No command received or error in listening.
2025-06-04 07:13:13,027 [WARNING] - Audio input error (OSError): No Default Input Device Available - Likely no microphone in sandbox.
2025-06-04 07:13:13,027 [INFO] - No command received or error in listening.
2025-06-04 07:13:13,044 [WARNING] - Audio input error (OSError): No Default Input Device Available - Likely no microphone in sandbox.
2025-06-04 07:13:13,045 [INFO] - No command received or error in listening.
2025-06-04 07:13:13,062 [WARNING] - Audio input error (OSError): No Default Input Device Available - Likely no microphone in sandbox.
2025-06-04 07:13:13,062 [INFO] - No command received or error in listening.
2025-06-04 07:13:13,079 [WARNING] - Audio input error (OSError): No Default Input Device Available - Likely no microphone in sandbox.
2025-06-04 07:13:13,080 [INFO] - No command received or error in listening.
2025-06-04 07:13:13,097 [WARNING] - Audio input error (OSError): No Default Input Device Available - Likely no microphone in sandbox.
2025-06-04 07:13:13,097 [INFO] - No command received or error in listening.
2025-06-04 07:13:13,115 [WARNING] - Audio input error (OSError): No Default Input Device Available - Likely no microphone in sandbox.
2025-06-04 07:13:13,115 [INFO] - No command received or error in listening.
2025-06-04 07:13:13,132 [WARNING] - Audio input error (OSError): No Default Input Device Available - Likely no microphone in sandbox.
2025-06-04 07:13:13,133 [INFO] - No command received or error in listening.
2025-06-04 07:13:13,150 [WARNING] - Audio input error (OSError): No Default Input Device Available - Likely no microphone in sandbox.
2025-06-04 07:13:13,150 [INFO] - No command received or error in listening.
2025-06-04 07:13:13,168 [WARNING] - Audio input error (OSError): No Default Input Device Available - Likely no microphone in sandbox.
2025-06-04 07:13:13,169 [INFO] - No command received or error in listening.
2025-06-04 07:13:13,186 [WARNING] - Audio input error (OSError): No Default Input Device Available - Likely no microphone in sandbox.
2025-06-04 07:13:13,186 [INFO] - No command received or error in listening.
2025-06-04 07:13:13,204 [WARNING] - Audio input error (OSError): No Default Input Device Available - Likely no microphone in sandbox.
2025-06-04 07:13:13,204 [INFO] - No command received or error in listening.
2025-06-04 07:13:13,222 [WARNING] - Audio input error (OSError): No Default Input Device Available - Likely no microphone in sandbox.
2025-06-04 07:13:13,222 [INFO] - No command received or error in listening.
2025-06-04 07:13:13,239 [WARNING] - Audio input error (OSError): No Default Input Device Available - Likely no microphone in sandbox.
2025-06-04 07:13:13,240 [INFO] - No command received or error in listening.
2025-06-04 07:13:13,257 [WARNING] - Audio input error (OSError): No Default Input Device Available - Likely no microphone in sandbox.
2025-06-04 07:13:13,258 [INFO] - No command received or error in listening.
2025-06-04 07:13:13,276 [WARNING] - Audio input error (OSError): No Default Input Device Available - Likely no microphone in sandbox.
2025-06-04 07:13:13,276 [INFO] - No command received or error in listening.
2025-06-04 07:13:13,294 [WARNING] - Audio input error (OSError): No Default Input Device Available - Likely no microphone in sandbox.
2025-06-04 07:13:13,294 [INFO] - No command received or error in listening.
2025-06-04 07:13:13,312 [WARNING] - Audio input error (OSError): No Default Input Device Available - Likely no microphone in sandbox.
2025-06-04 07:13:13,313 [INFO] - No command received or error in listening.
2025-06-04 07:13:13,331 [WARNING] - Audio input error (OSError): No Default Input Device Available - Likely no microphone in sandbox.
2025-06-04 07:13:13,331 [INFO] - No command received or error in listening.
2025-06-04 07:13:13,349 [WARNING] - Audio input error (OSError): No Default Input Device Available - Likely no microphone in sandbox.
2025-06-04 07:13:13,349 [INFO] - No command received or error in listening.
2025-06-04 07:13:13,366 [WARNING] - Audio input error (OSError): No Default Input Device Available - Likely no microphone in sandbox.
2025-06-04 07:13:13,367 [INFO] - No command received or error in listening.
2025-06-04 07:13:13,384 [WARNING] - Audio input error (OSError): No Default Input Device Available - Likely no microphone in sandbox.
2025-06-04 07:13:13,384 [INFO] - No command received or error in listening.
2025-06-04 07:13:13,402 [WARNING] - Audio input error (OSError): No Default Input Device Available - Likely no microphone in sandbox.
2025-06-04 07:13:13,402 [INFO] - No command received or error in listening.
2025-06-04 07:13:13,419 [WARNING] - Audio input error (OSError): No Default Input Device Available - Likely no microphone in sandbox.
2025-06-04 07:13:13,420 [INFO] - No command received or error in listening.
2025-06-04 07:13:13,438 [WARNING] - Audio input error (OSError): No Default Input Device Available - Likely no microphone in sandbox.
2025-06-04 07:13:13,438 [INFO] - No command received or error in listening.
2025-06-04 07:13:13,455 [WARNING] - Audio input error (OSError): No Default Input Device Available - Likely no microphone in sandbox.
2025-06-04 07:13:13,455 [INFO] - No command received or error in listening.
2025-06-04 07:13:13,480 [WARNING] - Audio input error (OSError): No Default Input Device Available - Likely no microphone in sandbox.
2025-06-04 07:13:13,481 [INFO] - No command received or error in listening.
2025-06-04 07:13:13,499 [WARNING] - Audio input error (OSError): No Default Input Device Available - Likely no microphone in sandbox.
2025-06-04 07:13:13,499 [INFO] - No command received or error in listening.
2025-06-04 07:13:13,516 [WARNING] - Audio input error (OSError): No Default Input Device Available - Likely no microphone in sandbox.
2025-06-04 07:13:13,517 [INFO] - No command received or error in listening.
2025-06-04 07:13:13,534 [WARNING] - Audio input error (OSError): No Default Input Device Available - Likely no microphone in sandbox.
2025-06-04 07:13:13,535 [INFO] - No command received or error in listening.
2025-06-04 07:13:13,552 [WARNING] - Audio input error (OSError): No Default Input Device Available - Likely no microphone in sandbox.
2025-06-04 07:13:13,552 [INFO] - No command received or error in listening.
2025-06-04 07:13:13,570 [WARNING] - Audio input error (OSError): No Default Input Device Available - Likely no microphone in sandbox.
2025-06-04 07:13:13,570 [INFO] - No command received or error in listening.
2025-06-04 07:13:13,588 [WARNING] - Audio input error (OSError): No Default Input Device Available - Likely no microphone in sandbox.
2025-06-04 07:13:13,588 [INFO] - No command received or error in listening.
2025-06-04 07:13:13,606 [WARNING] - Audio input error (OSError): No Default Input Device Available - Likely no microphone in sandbox.
2025-06-04 07:13:13,606 [INFO] - No command received or error in listening.
2025-06-04 07:13:13,624 [WARNING] - Audio input error (OSError): No Default Input Device Available - Likely no microphone in sandbox.
2025-06-04 07:13:13,624 [INFO] - No command received or error in listening.
2025-06-04 07:13:13,641 [WARNING] - Audio input error (OSError): No Default Input Device Available - Likely no microphone in sandbox.
2025-06-04 07:13:13,641 [INFO] - No command received or error in listening.
2025-06-04 07:13:13,659 [WARNING] - Audio input error (OSError): No Default Input Device Available - Likely no microphone in sandbox.
2025-06-04 07:13:13,659 [INFO] - No command received or error in listening.
2025-06-04 07:13:13,677 [WARNING] - Audio input error (OSError): No Default Input Device Available - Likely no microphone in sandbox.
2025-06-04 07:13:13,677 [INFO] - No command received or error in listening.
2025-06-04 07:13:13,695 [WARNING] - Audio input error (OSError): No Default Input Device Available - Likely no microphone in sandbox.
2025-06-04 07:13:13,695 [INFO] - No command received or error in listening.
2025-06-04 07:13:13,713 [WARNING] - Audio input error (OSError): No Default Input Device Available - Likely no microphone in sandbox.
2025-06-04 07:13:13,713 [INFO] - No command received or error in listening.
2025-06-04 07:13:13,730 [WARNING] - Audio input error (OSError): No Default Input Device Available - Likely no microphone in sandbox.
2025-06-04 07:13:13,730 [INFO] - No command received or error in listening.
2025-06-04 07:13:13,748 [WARNING] - Audio input error (OSError): No Default Input Device Available - Likely no microphone in sandbox.
2025-06-04 07:13:13,748 [INFO] - No command received or error in listening.
2025-06-04 07:13:13,766 [WARNING] - Audio input error (OSError): No Default Input Device Available - Likely no microphone in sandbox.
2025-06-04 07:13:13,766 [INFO] - No command received or error in listening.
2025-06-04 07:13:13,784 [WARNING] - Audio input error (OSError): No Default Input Device Available - Likely no microphone in sandbox.
2025-06-04 07:13:13,784 [INFO] - No command received or error in listening.
2025-06-04 07:13:13,801 [WARNING] - Audio input error (OSError): No Default Input Device Available - Likely no microphone in sandbox.
2025-06-04 07:13:13,802 [INFO] - No command received or error in listening.
2025-06-04 07:13:13,819 [WARNING] - Audio input error (OSError): No Default Input Device Available - Likely no microphone in sandbox.
2025-06-04 07:13:13,819 [INFO] - No command received or error in listening.
2025-06-04 07:13:13,837 [WARNING] - Audio input error (OSError): No Default Input Device Available - Likely no microphone in sandbox.
2025-06-04 07:13:13,837 [INFO] - No command received or error in listening.
2025-06-04 07:13:13,855 [WARNING] - Audio input error (OSError): No Default Input Device Available - Likely no microphone in sandbox.
2025-06-04 07:13:13,855 [INFO] - No command received or error in listening.
2025-06-04 07:13:13,872 [WARNING] - Audio input error (OSError): No Default Input Device Available - Likely no microphone in sandbox.
2025-06-04 07:13:13,872 [INFO] - No command received or error in listening.
2025-06-04 07:13:13,890 [WARNING] - Audio input error (OSError): No Default Input Device Available - Likely no microphone in sandbox.
2025-06-04 07:13:13,890 [INFO] - No command received or error in listening.
2025-06-04 07:13:13,907 [WARNING] - Audio input error (OSError): No Default Input Device Available - Likely no microphone in sandbox.
2025-06-04 07:13:13,907 [INFO] - No command received or error in listening.
2025-06-04 07:13:13,926 [WARNING] - Audio input error (OSError): No Default Input Device Available - Likely no microphone in sandbox.
2025-06-04 07:13:13,926 [INFO] - No command received or error in listening.
2025-06-04 07:13:13,944 [WARNING] - Audio input error (OSError): No Default Input Device Available - Likely no microphone in sandbox.
2025-06-04 07:13:13,944 [INFO] - No command received or error in listening.
2025-06-04 07:13:13,963 [WARNING] - Audio input error (OSError): No Default Input Device Available - Likely no microphone in sandbox.
2025-06-04 07:13:13,963 [INFO] - No command received or error in listening.
2025-06-04 07:13:13,980 [WARNING] - Audio input error (OSError): No Default Input Device Available - Likely no microphone in sandbox.
2025-06-04 07:13:13,981 [INFO] - No command received or error in listening.
2025-06-04 07:13:13,998 [WARNING] - Audio input error (OSError): No Default Input Device Available - Likely no microphone in sandbox.
2025-06-04 07:13:13,998 [INFO] - No command received or error in listening.
2025-06-04 07:13:14,016 [WARNING] - Audio input error (OSError): No Default Input Device Available - Likely no microphone in sandbox.
2025-06-04 07:13:14,016 [INFO] - No command received or error in listening.
2025-06-04 07:13:14,033 [WARNING] - Audio input error (OSError): No Default Input Device Available - Likely no microphone in sandbox.
2025-06-04 07:13:14,033 [INFO] - No command received or error in listening.
2025-06-04 07:13:14,051 [WARNING] - Audio input error (OSError): No Default Input Device Available - Likely no microphone in sandbox.
2025-06-04 07:13:14,051 [INFO] - No command received or error in listening.
2025-06-04 07:13:14,069 [WARNING] - Audio input error (OSError): No Default Input Device Available - Likely no microphone in sandbox.
2025-06-04 07:13:14,069 [INFO] - No command received or error in listening.
2025-06-04 07:13:14,088 [WARNING] - Audio input error (OSError): No Default Input Device Available - Likely no microphone in sandbox.
2025-06-04 07:13:14,088 [INFO] - No command received or error in listening.
2025-06-04 07:13:14,106 [WARNING] - Audio input error (OSError): No Default Input Device Available - Likely no microphone in sandbox.
2025-06-04 07:13:14,106 [INFO] - No command received or error in listening.
2025-06-04 07:13:14,125 [WARNING] - Audio input error (OSError): No Default Input Device Available - Likely no microphone in sandbox.
2025-06-04 07:13:14,125 [INFO] - No command received or error in listening.
2025-06-04 07:13:14,143 [WARNING] - Audio input error (OSError): No Default Input Device Available - Likely no microphone in sandbox.
2025-06-04 07:13:14,143 [INFO] - No command received or error in listening.
2025-06-04 07:13:14,162 [WARNING] - Audio input error (OSError): No Default Input Device Available - Likely no microphone in sandbox.
2025-06-04 07:13:14,162 [INFO] - No command received or error in listening.
2025-06-04 07:13:14,180 [WARNING] - Audio input error (OSError): No Default Input Device Available - Likely no microphone in sandbox.
2025-06-04 07:13:14,180 [INFO] - No command received or error in listening.
2025-06-04 07:13:14,198 [WARNING] - Audio input error (OSError): No Default Input Device Available - Likely no microphone in sandbox.
2025-06-04 07:13:14,198 [INFO] - No command received or error in listening.
2025-06-04 07:13:14,215 [WARNING] - Audio input error (OSError): No Default Input Device Available - Likely no microphone in sandbox.
2025-06-04 07:13:14,216 [INFO] - No command received or error in listening.
2025-06-04 07:13:14,233 [WARNING] - Audio input error (OSError): No Default Input Device Available - Likely no microphone in sandbox.
2025-06-04 07:13:14,233 [INFO] - No command received or error in listening.
2025-06-04 07:13:14,251 [WARNING] - Audio input error (OSError): No Default Input Device Available - Likely no microphone in sandbox.
2025-06-04 07:13:14,251 [INFO] - No command received or error in listening.
2025-06-04 07:13:14,269 [WARNING] - Audio input error (OSError): No Default Input Device Available - Likely no microphone in sandbox.
2025-06-04 07:13:14,270 [INFO] - No command received or error in listening.
2025-06-04 07:13:14,287 [WARNING] - Audio input error (OSError): No Default Input Device Available - Likely no microphone in sandbox.
2025-06-04 07:13:14,287 [INFO] - No command received or error in listening.
2025-06-04 07:13:14,305 [WARNING] - Audio input error (OSError): No Default Input Device Available - Likely no microphone in sandbox.
2025-06-04 07:13:14,306 [INFO] - No command received or error in listening.
2025-06-04 07:13:14,323 [WARNING] - Audio input error (OSError): No Default Input Device Available - Likely no microphone in sandbox.
2025-06-04 07:13:14,323 [INFO] - No command received or error in listening.
2025-06-04 07:13:14,341 [WARNING] - Audio input error (OSError): No Default Input Device Available - Likely no microphone in sandbox.
2025-06-04 07:13:14,341 [INFO] - No command received or error in listening.
2025-06-04 07:13:14,359 [WARNING] - Audio input error (OSError): No Default Input Device Available - Likely no microphone in sandbox.
2025-06-04 07:13:14,359 [INFO] - No command received or error in listening.
2025-06-04 07:13:14,377 [WARNING] - Audio input error (OSError): No Default Input Device Available - Likely no microphone in sandbox.
2025-06-04 07:13:14,377 [INFO] - No command received or error in listening.
2025-06-04 07:13:14,395 [WARNING] - Audio input error (OSError): No Default Input Device Available - Likely no microphone in sandbox.
2025-06-04 07:13:14,395 [INFO] - No command received or error in listening.
2025-06-04 07:13:14,412 [WARNING] - Audio input error (OSError): No Default Input Device Available - Likely no microphone in sandbox.
2025-06-04 07:13:14,413 [INFO] - No command received or error in listening.
2025-06-04 07:13:14,430 [WARNING] - Audio input error (OSError): No Default Input Device Available - Likely no microphone in sandbox.
2025-06-04 07:13:14,430 [INFO] - No command received or error in listening.
2025-06-04 07:13:14,448 [WARNING] - Audio input error (OSError): No Default Input Device Available - Likely no microphone in sandbox.
2025-06-04 07:13:14,448 [INFO] - No command received or error in listening.
2025-06-04 07:13:14,465 [WARNING] - Audio input error (OSError): No Default Input Device Available - Likely no microphone in sandbox.
2025-06-04 07:13:14,466 [INFO] - No command received or error in listening.
2025-06-04 07:13:14,483 [WARNING] - Audio input error (OSError): No Default Input Device Available - Likely no microphone in sandbox.
2025-06-04 07:13:14,483 [INFO] - No command received or error in listening.
2025-06-04 07:13:14,501 [WARNING] - Audio input error (OSError): No Default Input Device Available - Likely no microphone in sandbox.
2025-06-04 07:13:14,501 [INFO] - No command received or error in listening.
2025-06-04 07:13:14,519 [WARNING] - Audio input error (OSError): No Default Input Device Available - Likely no microphone in sandbox.
2025-06-04 07:13:14,519 [INFO] - No command received or error in listening.
2025-06-04 07:13:14,536 [WARNING] - Audio input error (OSError): No Default Input Device Available - Likely no microphone in sandbox.
2025-06-04 07:13:14,536 [INFO] - No command received or error in listening.
2025-06-04 07:13:14,554 [WARNING] - Audio input error (OSError): No Default Input Device Available - Likely no microphone in sandbox.
2025-06-04 07:13:14,554 [INFO] - No command received or error in listening.
2025-06-04 07:13:14,571 [WARNING] - Audio input error (OSError): No Default Input Device Available - Likely no microphone in sandbox.
2025-06-04 07:13:14,572 [INFO] - No command received or error in listening.
2025-06-04 07:13:14,589 [WARNING] - Audio input error (OSError): No Default Input Device Available - Likely no microphone in sandbox.
2025-06-04 07:13:14,589 [INFO] - No command received or error in listening.
2025-06-04 07:13:14,606 [WARNING] - Audio input error (OSError): No Default Input Device Available - Likely no microphone in sandbox.
2025-06-04 07:13:14,606 [INFO] - No command received or error in listening.
2025-06-04 07:13:14,624 [WARNING] - Audio input error (OSError): No Default Input Device Available - Likely no microphone in sandbox.
2025-06-04 07:13:14,624 [INFO] - No command received or error in listening.
2025-06-04 07:13:14,641 [WARNING] - Audio input error (OSError): No Default Input Device Available - Likely no microphone in sandbox.
2025-06-04 07:13:14,641 [INFO] - No command received or error in listening.
2025-06-04 07:13:14,658 [WARNING] - Audio input error (OSError): No Default Input Device Available - Likely no microphone in sandbox.
2025-06-04 07:13:14,659 [INFO] - No command received or error in listening.
2025-06-04 07:13:14,676 [WARNING] - Audio input error (OSError): No Default Input Device Available - Likely no microphone in sandbox.
2025-06-04 07:13:14,676 [INFO] - No command received or error in listening.
2025-06-04 07:13:14,693 [WARNING] - Audio input error (OSError): No Default Input Device Available - Likely no microphone in sandbox.
2025-06-04 07:13:14,694 [INFO] - No command received or error in listening.
2025-06-04 07:13:14,711 [WARNING] - Audio input error (OSError): No Default Input Device Available - Likely no microphone in sandbox.
2025-06-04 07:13:14,711 [INFO] - No command received or error in listening.
2025-06-04 07:13:14,728 [WARNING] - Audio input error (OSError): No Default Input Device Available - Likely no microphone in sandbox.
2025-06-04 07:13:14,728 [INFO] - No command received or error in listening.
2025-06-04 07:13:14,746 [WARNING] - Audio input error (OSError): No Default Input Device Available - Likely no microphone in sandbox.
2025-06-04 07:13:14,746 [INFO] - No command received or error in listening.
2025-06-04 07:13:14,763 [WARNING] - Audio input error (OSError): No Default Input Device Available - Likely no microphone in sandbox.
2025-06-04 07:13:14,764 [INFO] - No command received or error in listening.
2025-06-04 07:13:14,781 [WARNING] - Audio input error (OSError): No Default Input Device Available - Likely no microphone in sandbox.
2025-06-04 07:13:14,781 [INFO] - No command received or error in listening.
2025-06-04 07:13:14,798 [WARNING] - Audio input error (OSError): No Default Input Device Available - Likely no microphone in sandbox.
2025-06-04 07:13:14,798 [INFO] - No command received or error in listening.
2025-06-04 07:13:14,816 [WARNING] - Audio input error (OSError): No Default Input Device Available - Likely no microphone in sandbox.
2025-06-04 07:13:14,816 [INFO] - No command received or error in listening.
2025-06-04 07:13:14,834 [WARNING] - Audio input error (OSError): No Default Input Device Available - Likely no microphone in sandbox.
2025-06-04 07:13:14,834 [INFO] - No command received or error in listening.
2025-06-04 07:13:14,851 [WARNING] - Audio input error (OSError): No Default Input Device Available - Likely no microphone in sandbox.
2025-06-04 07:13:14,851 [INFO] - No command received or error in listening.
2025-06-04 07:13:14,869 [WARNING] - Audio input error (OSError): No Default Input Device Available - Likely no microphone in sandbox.
2025-06-04 07:13:14,869 [INFO] - No command received or error in listening.
2025-06-04 07:13:14,886 [WARNING] - Audio input error (OSError): No Default Input Device Available - Likely no microphone in sandbox.
2025-06-04 07:13:14,887 [INFO] - No command received or error in listening.
2025-06-04 07:13:14,904 [WARNING] - Audio input error (OSError): No Default Input Device Available - Likely no microphone in sandbox.
2025-06-04 07:13:14,904 [INFO] - No command received or error in listening.
2025-06-04 07:13:14,922 [WARNING] - Audio input error (OSError): No Default Input Device Available - Likely no microphone in sandbox.
2025-06-04 07:13:14,922 [INFO] - No command received or error in listening.
2025-06-04 07:13:14,939 [WARNING] - Audio input error (OSError): No Default Input Device Available - Likely no microphone in sandbox.
2025-06-04 07:13:14,939 [INFO] - No command received or error in listening.
2025-06-04 07:13:14,957 [WARNING] - Audio input error (OSError): No Default Input Device Available - Likely no microphone in sandbox.
2025-06-04 07:13:14,957 [INFO] - No command received or error in listening.
2025-06-04 07:13:14,975 [WARNING] - Audio input error (OSError): No Default Input Device Available - Likely no microphone in sandbox.
2025-06-04 07:13:14,975 [INFO] - No command received or error in listening.
2025-06-04 07:13:14,992 [WARNING] - Audio input error (OSError): No Default Input Device Available - Likely no microphone in sandbox.
2025-06-04 07:13:14,992 [INFO] - No command received or error in listening.
2025-06-04 07:13:15,010 [WARNING] - Audio input error (OSError): No Default Input Device Available - Likely no microphone in sandbox.
2025-06-04 07:13:15,010 [INFO] - No command received or error in listening.
2025-06-04 07:13:15,028 [WARNING] - Audio input error (OSError): No Default Input Device Available - Likely no microphone in sandbox.
2025-06-04 07:13:15,028 [INFO] - No command received or error in listening.
2025-06-04 07:13:15,045 [WARNING] - Audio input error (OSError): No Default Input Device Available - Likely no microphone in sandbox.
2025-06-04 07:13:15,045 [INFO] - No command received or error in listening.
2025-06-04 07:13:15,063 [WARNING] - Audio input error (OSError): No Default Input Device Available - Likely no microphone in sandbox.
2025-06-04 07:13:15,063 [INFO] - No command received or error in listening.
2025-06-04 07:13:15,080 [WARNING] - Audio input error (OSError): No Default Input Device Available - Likely no microphone in sandbox.
2025-06-04 07:13:15,080 [INFO] - No command received or error in listening.
2025-06-04 07:13:15,098 [WARNING] - Audio input error (OSError): No Default Input Device Available - Likely no microphone in sandbox.
2025-06-04 07:13:15,098 [INFO] - No command received or error in listening.
2025-06-04 07:13:15,115 [WARNING] - Audio input error (OSError): No Default Input Device Available - Likely no microphone in sandbox.
2025-06-04 07:13:15,116 [INFO] - No command received or error in listening.
2025-06-04 07:13:15,133 [WARNING] - Audio input error (OSError): No Default Input Device Available - Likely no microphone in sandbox.
2025-06-04 07:13:15,133 [INFO] - No command received or error in listening.
2025-06-04 07:13:15,150 [WARNING] - Audio input error (OSError): No Default Input Device Available - Likely no microphone in sandbox.
2025-06-04 07:13:15,150 [INFO] - No command received or error in listening.
2025-06-04 07:13:15,168 [WARNING] - Audio input error (OSError): No Default Input Device Available - Likely no microphone in sandbox.
2025-06-04 07:13:15,168 [INFO] - No command received or error in listening.
2025-06-04 07:13:15,185 [WARNING] - Audio input error (OSError): No Default Input Device Available - Likely no microphone in sandbox.
2025-06-04 07:13:15,185 [INFO] - No command received or error in listening.
2025-06-04 07:13:15,203 [WARNING] - Audio input error (OSError): No Default Input Device Available - Likely no microphone in sandbox.
2025-06-04 07:13:15,203 [INFO] - No command received or error in listening.
2025-06-04 07:13:15,220 [WARNING] - Audio input error (OSError): No Default Input Device Available - Likely no microphone in sandbox.
2025-06-04 07:13:15,220 [INFO] - No command received or error in listening.
2025-06-04 07:13:15,238 [WARNING] - Audio input error (OSError): No Default Input Device Available - Likely no microphone in sandbox.
2025-06-04 07:13:15,238 [INFO] - No command received or error in listening.
2025-06-04 07:13:15,256 [WARNING] - Audio input error (OSError): No Default Input Device Available - Likely no microphone in sandbox.
2025-06-04 07:13:15,256 [INFO] - No command received or error in listening.
2025-06-04 07:13:15,274 [WARNING] - Audio input error (OSError): No Default Input Device Available - Likely no microphone in sandbox.
2025-06-04 07:13:15,274 [INFO] - No command received or error in listening.
2025-06-04 07:13:15,291 [WARNING] - Audio input error (OSError): No Default Input Device Available - Likely no microphone in sandbox.
2025-06-04 07:13:15,292 [INFO] - No command received or error in listening.
2025-06-04 07:13:15,309 [WARNING] - Audio input error (OSError): No Default Input Device Available - Likely no microphone in sandbox.
2025-06-04 07:13:15,309 [INFO] - No command received or error in listening.
2025-06-04 07:13:15,326 [WARNING] - Audio input error (OSError): No Default Input Device Available - Likely no microphone in sandbox.
2025-06-04 07:13:15,326 [INFO] - No command received or error in listening.
2025-06-04 07:13:15,344 [WARNING] - Audio input error (OSError): No Default Input Device Available - Likely no microphone in sandbox.
2025-06-04 07:13:15,344 [INFO] - No command received or error in listening.
2025-06-04 07:13:15,361 [WARNING] - Audio input error (OSError): No Default Input Device Available - Likely no microphone in sandbox.
2025-06-04 07:13:15,361 [INFO] - No command received or error in listening.
2025-06-04 07:13:15,379 [WARNING] - Audio input error (OSError): No Default Input Device Available - Likely no microphone in sandbox.
2025-06-04 07:13:15,379 [INFO] - No command received or error in listening.
2025-06-04 07:13:15,396 [WARNING] - Audio input error (OSError): No Default Input Device Available - Likely no microphone in sandbox.
2025-06-04 07:13:15,396 [INFO] - No command received or error in listening.
2025-06-04 07:13:15,414 [WARNING] - Audio input error (OSError): No Default Input Device Available - Likely no microphone in sandbox.
2025-06-04 07:13:15,414 [INFO] - No command received or error in listening.
2025-06-04 07:13:15,431 [WARNING] - Audio input error (OSError): No Default Input Device Available - Likely no microphone in sandbox.
2025-06-04 07:13:15,432 [INFO] - No command received or error in listening.
2025-06-04 07:13:15,449 [WARNING] - Audio input error (OSError): No Default Input Device Available - Likely no microphone in sandbox.
2025-06-04 07:13:15,449 [INFO] - No command received or error in listening.
2025-06-04 07:13:15,466 [WARNING] - Audio input error (OSError): No Default Input Device Available - Likely no microphone in sandbox.
2025-06-04 07:13:15,467 [INFO] - No command received or error in listening.
2025-06-04 07:13:15,484 [WARNING] - Audio input error (OSError): No Default Input Device Available - Likely no microphone in sandbox.
2025-06-04 07:13:15,484 [INFO] - No command received or error in listening.
2025-06-04 07:13:15,502 [WARNING] - Audio input error (OSError): No Default Input Device Available - Likely no microphone in sandbox.
2025-06-04 07:13:15,502 [INFO] - No command received or error in listening.
2025-06-04 07:13:15,519 [WARNING] - Audio input error (OSError): No Default Input Device Available - Likely no microphone in sandbox.
2025-06-04 07:13:15,520 [INFO] - No command received or error in listening.
2025-06-04 07:13:15,537 [WARNING] - Audio input error (OSError): No Default Input Device Available - Likely no microphone in sandbox.
2025-06-04 07:13:15,537 [INFO] - No command received or error in listening.
2025-06-04 07:13:15,555 [WARNING] - Audio input error (OSError): No Default Input Device Available - Likely no microphone in sandbox.
2025-06-04 07:13:15,555 [INFO] - No command received or error in listening.
2025-06-04 07:13:15,572 [WARNING] - Audio input error (OSError): No Default Input Device Available - Likely no microphone in sandbox.
2025-06-04 07:13:15,573 [INFO] - No command received or error in listening.
2025-06-04 07:13:15,590 [WARNING] - Audio input error (OSError): No Default Input Device Available - Likely no microphone in sandbox.
2025-06-04 07:13:15,590 [INFO] - No command received or error in listening.
2025-06-04 07:13:15,608 [WARNING] - Audio input error (OSError): No Default Input Device Available - Likely no microphone in sandbox.
2025-06-04 07:13:15,608 [INFO] - No command received or error in listening.
2025-06-04 07:13:15,625 [WARNING] - Audio input error (OSError): No Default Input Device Available - Likely no microphone in sandbox.
2025-06-04 07:13:15,625 [INFO] - No command received or error in listening.
2025-06-04 07:13:15,643 [WARNING] - Audio input error (OSError): No Default Input Device Available - Likely no microphone in sandbox.
2025-06-04 07:13:15,643 [INFO] - No command received or error in listening.
2025-06-04 07:13:15,660 [WARNING] - Audio input error (OSError): No Default Input Device Available - Likely no microphone in sandbox.
2025-06-04 07:13:15,660 [INFO] - No command received or error in listening.
2025-06-04 07:13:15,678 [WARNING] - Audio input error (OSError): No Default Input Device Available - Likely no microphone in sandbox.
2025-06-04 07:13:15,678 [INFO] - No command received or error in listening.
2025-06-04 07:13:15,695 [WARNING] - Audio input error (OSError): No Default Input Device Available - Likely no microphone in sandbox.
2025-06-04 07:13:15,696 [INFO] - No command received or error in listening.
2025-06-04 07:13:15,713 [WARNING] - Audio input error (OSError): No Default Input Device Available - Likely no microphone in sandbox.
2025-06-04 07:13:15,713 [INFO] - No command received or error in listening.
2025-06-04 07:13:15,731 [WARNING] - Audio input error (OSError): No Default Input Device Available - Likely no microphone in sandbox.
2025-06-04 07:13:15,731 [INFO] - No command received or error in listening.
2025-06-04 07:13:15,748 [WARNING] - Audio input error (OSError): No Default Input Device Available - Likely no microphone in sandbox.
2025-06-04 07:13:15,748 [INFO] - No command received or error in listening.
2025-06-04 07:13:15,766 [WARNING] - Audio input error (OSError): No Default Input Device Available - Likely no microphone in sandbox.
2025-06-04 07:13:15,766 [INFO] - No command received or error in listening.
2025-06-04 07:13:15,783 [WARNING] - Audio input error (OSError): No Default Input Device Available - Likely no microphone in sandbox.
2025-06-04 07:13:15,783 [INFO] - No command received or error in listening.
2025-06-04 07:13:15,801 [WARNING] - Audio input error (OSError): No Default Input Device Available - Likely no microphone in sandbox.
2025-06-04 07:13:15,801 [INFO] - No command received or error in listening.
2025-06-04 07:13:15,819 [WARNING] - Audio input error (OSError): No Default Input Device Available - Likely no microphone in sandbox.
2025-06-04 07:13:15,819 [INFO] - No command received or error in listening.
2025-06-04 07:13:15,837 [WARNING] - Audio input error (OSError): No Default Input Device Available - Likely no microphone in sandbox.
2025-06-04 07:13:15,837 [INFO] - No command received or error in listening.
2025-06-04 07:13:15,854 [WARNING] - Audio input error (OSError): No Default Input Device Available - Likely no microphone in sandbox.
2025-06-04 07:13:15,854 [INFO] - No command received or error in listening.
2025-06-04 07:13:15,872 [WARNING] - Audio input error (OSError): No Default Input Device Available - Likely no microphone in sandbox.
2025-06-04 07:13:15,872 [INFO] - No command received or error in listening.
2025-06-04 07:13:15,889 [WARNING] - Audio input error (OSError): No Default Input Device Available - Likely no microphone in sandbox.
2025-06-04 07:13:15,890 [INFO] - No command received or error in listening.
2025-06-04 07:13:15,907 [WARNING] - Audio input error (OSError): No Default Input Device Available - Likely no microphone in sandbox.
2025-06-04 07:13:15,907 [INFO] - No command received or error in listening.
2025-06-04 07:13:15,924 [WARNING] - Audio input error (OSError): No Default Input Device Available - Likely no microphone in sandbox.
2025-06-04 07:13:15,924 [INFO] - No command received or error in listening.
2025-06-04 07:13:15,942 [WARNING] - Audio input error (OSError): No Default Input Device Available - Likely no microphone in sandbox.
2025-06-04 07:13:15,942 [INFO] - No command received or error in listening.
2025-06-04 07:13:15,959 [WARNING] - Audio input error (OSError): No Default Input Device Available - Likely no microphone in sandbox.
2025-06-04 07:13:15,959 [INFO] - No command received or error in listening.
2025-06-04 07:13:15,977 [WARNING] - Audio input error (OSError): No Default Input Device Available - Likely no microphone in sandbox.
2025-06-04 07:13:15,977 [INFO] - No command received or error in listening.
2025-06-04 07:13:15,995 [WARNING] - Audio input error (OSError): No Default Input Device Available - Likely no microphone in sandbox.
2025-06-04 07:13:15,995 [INFO] - No command received or error in listening.
2025-06-04 07:13:16,012 [WARNING] - Audio input error (OSError): No Default Input Device Available - Likely no microphone in sandbox.
2025-06-04 07:13:16,012 [INFO] - No command received or error in listening.
2025-06-04 07:13:16,030 [WARNING] - Audio input error (OSError): No Default Input Device Available - Likely no microphone in sandbox.
2025-06-04 07:13:16,030 [INFO] - No command received or error in listening.
2025-06-04 07:13:16,048 [WARNING] - Audio input error (OSError): No Default Input Device Available - Likely no microphone in sandbox.
2025-06-04 07:13:16,048 [INFO] - No command received or error in listening.
2025-06-04 07:13:16,065 [WARNING] - Audio input error (OSError): No Default Input Device Available - Likely no microphone in sandbox.
2025-06-04 07:13:16,065 [INFO] - No command received or error in listening.
2025-06-04 07:13:16,082 [WARNING] - Audio input error (OSError): No Default Input Device Available - Likely no microphone in sandbox.
2025-06-04 07:13:16,083 [INFO] - No command received or error in listening.
2025-06-04 07:13:16,100 [WARNING] - Audio input error (OSError): No Default Input Device Available - Likely no microphone in sandbox.
2025-06-04 07:13:16,100 [INFO] - No command received or error in listening.
2025-06-04 07:13:16,118 [WARNING] - Audio input error (OSError): No Default Input Device Available - Likely no microphone in sandbox.
2025-06-04 07:13:16,118 [INFO] - No command received or error in listening.
2025-06-04 07:13:16,137 [WARNING] - Audio input error (OSError): No Default Input Device Available - Likely no microphone in sandbox.
2025-06-04 07:13:16,137 [INFO] - No command received or error in listening.
2025-06-04 07:13:16,155 [WARNING] - Audio input error (OSError): No Default Input Device Available - Likely no microphone in sandbox.
2025-06-04 07:13:16,155 [INFO] - No command received or error in listening.
2025-06-04 07:13:16,172 [WARNING] - Audio input error (OSError): No Default Input Device Available - Likely no microphone in sandbox.
2025-06-04 07:13:16,172 [INFO] - No command received or error in listening.
2025-06-04 07:13:16,190 [WARNING] - Audio input error (OSError): No Default Input Device Available - Likely no microphone in sandbox.
2025-06-04 07:13:16,190 [INFO] - No command received or error in listening.
2025-06-04 07:13:16,207 [WARNING] - Audio input error (OSError): No Default Input Device Available - Likely no microphone in sandbox.
2025-06-04 07:13:16,208 [INFO] - No command received or error in listening.
2025-06-04 07:13:16,225 [WARNING] - Audio input error (OSError): No Default Input Device Available - Likely no microphone in sandbox.
2025-06-04 07:13:16,225 [INFO] - No command received or error in listening.
2025-06-04 07:13:16,242 [WARNING] - Audio input error (OSError): No Default Input Device Available - Likely no microphone in sandbox.
2025-06-04 07:13:16,243 [INFO] - No command received or error in listening.
2025-06-04 07:13:16,260 [WARNING] - Audio input error (OSError): No Default Input Device Available - Likely no microphone in sandbox.
2025-06-04 07:13:16,260 [INFO] - No command received or error in listening.
2025-06-04 07:13:16,277 [WARNING] - Audio input error (OSError): No Default Input Device Available - Likely no microphone in sandbox.
2025-06-04 07:13:16,278 [INFO] - No command received or error in listening.
2025-06-04 07:13:16,295 [WARNING] - Audio input error (OSError): No Default Input Device Available - Likely no microphone in sandbox.
2025-06-04 07:13:16,295 [INFO] - No command received or error in listening.
2025-06-04 07:13:16,312 [WARNING] - Audio input error (OSError): No Default Input Device Available - Likely no microphone in sandbox.
2025-06-04 07:13:16,312 [INFO] - No command received or error in listening.
2025-06-04 07:13:16,330 [WARNING] - Audio input error (OSError): No Default Input Device Available - Likely no microphone in sandbox.
2025-06-04 07:13:16,330 [INFO] - No command received or error in listening.
2025-06-04 07:13:16,347 [WARNING] - Audio input error (OSError): No Default Input Device Available - Likely no microphone in sandbox.
2025-06-04 07:13:16,347 [INFO] - No command received or error in listening.
2025-06-04 07:13:16,365 [WARNING] - Audio input error (OSError): No Default Input Device Available - Likely no microphone in sandbox.
2025-06-04 07:13:16,365 [INFO] - No command received or error in listening.
2025-06-04 07:13:16,382 [WARNING] - Audio input error (OSError): No Default Input Device Available - Likely no microphone in sandbox.
2025-06-04 07:13:16,382 [INFO] - No command received or error in listening.
2025-06-04 07:13:16,399 [WARNING] - Audio input error (OSError): No Default Input Device Available - Likely no microphone in sandbox.
2025-06-04 07:13:16,400 [INFO] - No command received or error in listening.
2025-06-04 07:13:16,417 [WARNING] - Audio input error (OSError): No Default Input Device Available - Likely no microphone in sandbox.
2025-06-04 07:13:16,418 [INFO] - No command received or error in listening.
2025-06-04 07:13:16,435 [WARNING] - Audio input error (OSError): No Default Input Device Available - Likely no microphone in sandbox.
2025-06-04 07:13:16,435 [INFO] - No command received or error in listening.
2025-06-04 07:13:16,452 [WARNING] - Audio input error (OSError): No Default Input Device Available - Likely no microphone in sandbox.
2025-06-04 07:13:16,453 [INFO] - No command received or error in listening.
2025-06-04 07:13:16,470 [WARNING] - Audio input error (OSError): No Default Input Device Available - Likely no microphone in sandbox.
2025-06-04 07:13:16,470 [INFO] - No command received or error in listening.
2025-06-04 07:13:16,488 [WARNING] - Audio input error (OSError): No Default Input Device Available - Likely no microphone in sandbox.
2025-06-04 07:13:16,488 [INFO] - No command received or error in listening.
2025-06-04 07:13:16,505 [WARNING] - Audio input error (OSError): No Default Input Device Available - Likely no microphone in sandbox.
2025-06-04 07:13:16,506 [INFO] - No command received or error in listening.
2025-06-04 07:13:16,523 [WARNING] - Audio input error (OSError): No Default Input Device Available - Likely no microphone in sandbox.
2025-06-04 07:13:16,523 [INFO] - No command received or error in listening.
2025-06-04 07:13:16,541 [WARNING] - Audio input error (OSError): No Default Input Device Available - Likely no microphone in sandbox.
2025-06-04 07:13:16,541 [INFO] - No command received or error in listening.
2025-06-04 07:13:16,558 [WARNING] - Audio input error (OSError): No Default Input Device Available - Likely no microphone in sandbox.
2025-06-04 07:13:16,558 [INFO] - No command received or error in listening.
2025-06-04 07:13:16,576 [WARNING] - Audio input error (OSError): No Default Input Device Available - Likely no microphone in sandbox.
2025-06-04 07:13:16,576 [INFO] - No command received or error in listening.
2025-06-04 07:13:16,594 [WARNING] - Audio input error (OSError): No Default Input Device Available - Likely no microphone in sandbox.
2025-06-04 07:13:16,594 [INFO] - No command received or error in listening.
2025-06-04 07:13:16,611 [WARNING] - Audio input error (OSError): No Default Input Device Available - Likely no microphone in sandbox.
2025-06-04 07:13:16,611 [INFO] - No command received or error in listening.
2025-06-04 07:13:16,629 [WARNING] - Audio input error (OSError): No Default Input Device Available - Likely no microphone in sandbox.
2025-06-04 07:13:16,629 [INFO] - No command received or error in listening.
2025-06-04 07:13:16,647 [WARNING] - Audio input error (OSError): No Default Input Device Available - Likely no microphone in sandbox.
2025-06-04 07:13:16,647 [INFO] - No command received or error in listening.
2025-06-04 07:13:16,664 [WARNING] - Audio input error (OSError): No Default Input Device Available - Likely no microphone in sandbox.
2025-06-04 07:13:16,664 [INFO] - No command received or error in listening.
2025-06-04 07:13:16,682 [WARNING] - Audio input error (OSError): No Default Input Device Available - Likely no microphone in sandbox.
2025-06-04 07:13:16,682 [INFO] - No command received or error in listening.
2025-06-04 07:13:16,699 [WARNING] - Audio input error (OSError): No Default Input Device Available - Likely no microphone in sandbox.
2025-06-04 07:13:16,699 [INFO] - No command received or error in listening.
2025-06-04 07:13:16,717 [WARNING] - Audio input error (OSError): No Default Input Device Available - Likely no microphone in sandbox.
2025-06-04 07:13:16,717 [INFO] - No command received or error in listening.
2025-06-04 07:13:16,734 [WARNING] - Audio input error (OSError): No Default Input Device Available - Likely no microphone in sandbox.
2025-06-04 07:13:16,734 [INFO] - No command received or error in listening.
2025-06-04 07:13:16,752 [WARNING] - Audio input error (OSError): No Default Input Device Available - Likely no microphone in sandbox.
2025-06-04 07:13:16,752 [INFO] - No command received or error in listening.
2025-06-04 07:13:16,770 [WARNING] - Audio input error (OSError): No Default Input Device Available - Likely no microphone in sandbox.
2025-06-04 07:13:16,770 [INFO] - No command received or error in listening.
2025-06-04 07:13:16,788 [WARNING] - Audio input error (OSError): No Default Input Device Available - Likely no microphone in sandbox.
2025-06-04 07:13:16,788 [INFO] - No command received or error in listening.
2025-06-04 07:13:16,805 [WARNING] - Audio input error (OSError): No Default Input Device Available - Likely no microphone in sandbox.
2025-06-04 07:13:16,806 [INFO] - No command received or error in listening.
2025-06-04 07:13:16,823 [WARNING] - Audio input error (OSError): No Default Input Device Available - Likely no microphone in sandbox.
2025-06-04 07:13:16,823 [INFO] - No command received or error in listening.
2025-06-04 07:13:16,841 [WARNING] - Audio input error (OSError): No Default Input Device Available - Likely no microphone in sandbox.
2025-06-04 07:13:16,841 [INFO] - No command received or error in listening.
2025-06-04 07:13:16,859 [WARNING] - Audio input error (OSError): No Default Input Device Available - Likely no microphone in sandbox.
2025-06-04 07:13:16,859 [INFO] - No command received or error in listening.
2025-06-04 07:13:16,876 [WARNING] - Audio input error (OSError): No Default Input Device Available - Likely no microphone in sandbox.
2025-06-04 07:13:16,876 [INFO] - No command received or error in listening.
2025-06-04 07:13:16,894 [WARNING] - Audio input error (OSError): No Default Input Device Available - Likely no microphone in sandbox.
2025-06-04 07:13:16,894 [INFO] - No command received or error in listening.
2025-06-04 07:13:16,912 [WARNING] - Audio input error (OSError): No Default Input Device Available - Likely no microphone in sandbox.
2025-06-04 07:13:16,912 [INFO] - No command received or error in listening.
2025-06-04 07:13:16,929 [WARNING] - Audio input error (OSError): No Default Input Device Available - Likely no microphone in sandbox.
2025-06-04 07:13:16,929 [INFO] - No command received or error in listening.
2025-06-04 07:13:16,947 [WARNING] - Audio input error (OSError): No Default Input Device Available - Likely no microphone in sandbox.
2025-06-04 07:13:16,947 [INFO] - No command received or error in listening.
2025-06-04 07:13:16,964 [WARNING] - Audio input error (OSError): No Default Input Device Available - Likely no microphone in sandbox.
2025-06-04 07:13:16,964 [INFO] - No command received or error in listening.
2025-06-04 07:13:16,982 [WARNING] - Audio input error (OSError): No Default Input Device Available - Likely no microphone in sandbox.
2025-06-04 07:13:16,982 [INFO] - No command received or error in listening.
2025-06-04 07:13:16,999 [WARNING] - Audio input error (OSError): No Default Input Device Available - Likely no microphone in sandbox.
2025-06-04 07:13:16,999 [INFO] - No command received or error in listening.
2025-06-04 07:13:17,017 [WARNING] - Audio input error (OSError): No Default Input Device Available - Likely no microphone in sandbox.
2025-06-04 07:13:17,017 [INFO] - No command received or error in listening.
2025-06-04 07:13:17,034 [WARNING] - Audio input error (OSError): No Default Input Device Available - Likely no microphone in sandbox.
2025-06-04 07:13:17,035 [INFO] - No command received or error in listening.
2025-06-04 07:13:17,052 [WARNING] - Audio input error (OSError): No Default Input Device Available - Likely no microphone in sandbox.
2025-06-04 07:13:17,052 [INFO] - No command received or error in listening.
2025-06-04 07:13:17,069 [WARNING] - Audio input error (OSError): No Default Input Device Available - Likely no microphone in sandbox.
2025-06-04 07:13:17,070 [INFO] - No command received or error in listening.
2025-06-04 07:13:17,087 [WARNING] - Audio input error (OSError): No Default Input Device Available - Likely no microphone in sandbox.
2025-06-04 07:13:17,087 [INFO] - No command received or error in listening.
2025-06-04 07:13:17,105 [WARNING] - Audio input error (OSError): No Default Input Device Available - Likely no microphone in sandbox.
2025-06-04 07:13:17,105 [INFO] - No command received or error in listening.
2025-06-04 07:13:17,122 [WARNING] - Audio input error (OSError): No Default Input Device Available - Likely no microphone in sandbox.
2025-06-04 07:13:17,123 [INFO] - No command received or error in listening.
2025-06-04 07:13:17,140 [WARNING] - Audio input error (OSError): No Default Input Device Available - Likely no microphone in sandbox.
2025-06-04 07:13:17,140 [INFO] - No command received or error in listening.
2025-06-04 07:13:17,158 [WARNING] - Audio input error (OSError): No Default Input Device Available - Likely no microphone in sandbox.
2025-06-04 07:13:17,158 [INFO] - No command received or error in listening.
2025-06-04 07:13:17,175 [WARNING] - Audio input error (OSError): No Default Input Device Available - Likely no microphone in sandbox.
2025-06-04 07:13:17,175 [INFO] - No command received or error in listening.
2025-06-04 07:13:17,193 [WARNING] - Audio input error (OSError): No Default Input Device Available - Likely no microphone in sandbox.
2025-06-04 07:13:17,193 [INFO] - No command received or error in listening.
2025-06-04 07:13:17,211 [WARNING] - Audio input error (OSError): No Default Input Device Available - Likely no microphone in sandbox.
2025-06-04 07:13:17,211 [INFO] - No command received or error in listening.
2025-06-04 07:13:17,228 [WARNING] - Audio input error (OSError): No Default Input Device Available - Likely no microphone in sandbox.
2025-06-04 07:13:17,229 [INFO] - No command received or error in listening.
2025-06-04 07:13:17,246 [WARNING] - Audio input error (OSError): No Default Input Device Available - Likely no microphone in sandbox.
2025-06-04 07:13:17,246 [INFO] - No command received or error in listening.
2025-06-04 07:13:17,264 [WARNING] - Audio input error (OSError): No Default Input Device Available - Likely no microphone in sandbox.
2025-06-04 07:13:17,264 [INFO] - No command received or error in listening.
2025-06-04 07:13:17,282 [WARNING] - Audio input error (OSError): No Default Input Device Available - Likely no microphone in sandbox.
2025-06-04 07:13:17,282 [INFO] - No command received or error in listening.
2025-06-04 07:13:17,299 [WARNING] - Audio input error (OSError): No Default Input Device Available - Likely no microphone in sandbox.
2025-06-04 07:13:17,299 [INFO] - No command received or error in listening.
2025-06-04 07:13:17,317 [WARNING] - Audio input error (OSError): No Default Input Device Available - Likely no microphone in sandbox.
2025-06-04 07:13:17,317 [INFO] - No command received or error in listening.
2025-06-04 07:13:17,334 [WARNING] - Audio input error (OSError): No Default Input Device Available - Likely no microphone in sandbox.
2025-06-04 07:13:17,334 [INFO] - No command received or error in listening.
2025-06-04 07:13:17,352 [WARNING] - Audio input error (OSError): No Default Input Device Available - Likely no microphone in sandbox.
2025-06-04 07:13:17,352 [INFO] - No command received or error in listening.
2025-06-04 07:13:17,369 [WARNING] - Audio input error (OSError): No Default Input Device Available - Likely no microphone in sandbox.
2025-06-04 07:13:17,369 [INFO] - No command received or error in listening.
2025-06-04 07:13:17,387 [WARNING] - Audio input error (OSError): No Default Input Device Available - Likely no microphone in sandbox.
2025-06-04 07:13:17,387 [INFO] - No command received or error in listening.
2025-06-04 07:13:17,404 [WARNING] - Audio input error (OSError): No Default Input Device Available - Likely no microphone in sandbox.
2025-06-04 07:13:17,404 [INFO] - No command received or error in listening.
2025-06-04 07:13:17,422 [WARNING] - Audio input error (OSError): No Default Input Device Available - Likely no microphone in sandbox.
2025-06-04 07:13:17,422 [INFO] - No command received or error in listening.
2025-06-04 07:13:17,440 [WARNING] - Audio input error (OSError): No Default Input Device Available - Likely no microphone in sandbox.
2025-06-04 07:13:17,440 [INFO] - No command received or error in listening.
2025-06-04 07:13:17,457 [WARNING] - Audio input error (OSError): No Default Input Device Available - Likely no microphone in sandbox.
2025-06-04 07:13:17,458 [INFO] - No command received or error in listening.
2025-06-04 07:13:17,475 [WARNING] - Audio input error (OSError): No Default Input Device Available - Likely no microphone in sandbox.
2025-06-04 07:13:17,475 [INFO] - No command received or error in listening.
2025-06-04 07:13:17,492 [WARNING] - Audio input error (OSError): No Default Input Device Available - Likely no microphone in sandbox.
2025-06-04 07:13:17,493 [INFO] - No command received or error in listening.
2025-06-04 07:13:17,510 [WARNING] - Audio input error (OSError): No Default Input Device Available - Likely no microphone in sandbox.
2025-06-04 07:13:17,510 [INFO] - No command received or error in listening.
2025-06-04 07:13:17,528 [WARNING] - Audio input error (OSError): No Default Input Device Available - Likely no microphone in sandbox.
2025-06-04 07:13:17,528 [INFO] - No command received or error in listening.
2025-06-04 07:13:17,545 [WARNING] - Audio input error (OSError): No Default Input Device Available - Likely no microphone in sandbox.
2025-06-04 07:13:17,545 [INFO] - No command received or error in listening.
2025-06-04 07:13:17,563 [WARNING] - Audio input error (OSError): No Default Input Device Available - Likely no microphone in sandbox.
2025-06-04 07:13:17,563 [INFO] - No command received or error in listening.
2025-06-04 07:13:17,580 [WARNING] - Audio input error (OSError): No Default Input Device Available - Likely no microphone in sandbox.
2025-06-04 07:13:17,581 [INFO] - No command received or error in listening.
2025-06-04 07:13:17,598 [WARNING] - Audio input error (OSError): No Default Input Device Available - Likely no microphone in sandbox.
2025-06-04 07:13:17,598 [INFO] - No command received or error in listening.
2025-06-04 07:13:17,616 [WARNING] - Audio input error (OSError): No Default Input Device Available - Likely no microphone in sandbox.
2025-06-04 07:13:17,616 [INFO] - No command received or error in listening.
2025-06-04 07:13:17,634 [WARNING] - Audio input error (OSError): No Default Input Device Available - Likely no microphone in sandbox.
2025-06-04 07:13:17,634 [INFO] - No command received or error in listening.
2025-06-04 07:13:17,651 [WARNING] - Audio input error (OSError): No Default Input Device Available - Likely no microphone in sandbox.
2025-06-04 07:13:17,651 [INFO] - No command received or error in listening.
2025-06-04 07:13:17,669 [WARNING] - Audio input error (OSError): No Default Input Device Available - Likely no microphone in sandbox.
2025-06-04 07:13:17,669 [INFO] - No command received or error in listening.
2025-06-04 07:13:17,687 [WARNING] - Audio input error (OSError): No Default Input Device Available - Likely no microphone in sandbox.
2025-06-04 07:13:17,687 [INFO] - No command received or error in listening.
2025-06-04 07:13:17,704 [WARNING] - Audio input error (OSError): No Default Input Device Available - Likely no microphone in sandbox.
2025-06-04 07:13:17,704 [INFO] - No command received or error in listening.
2025-06-04 07:13:17,722 [WARNING] - Audio input error (OSError): No Default Input Device Available - Likely no microphone in sandbox.
2025-06-04 07:13:17,722 [INFO] - No command received or error in listening.
2025-06-04 07:13:17,740 [WARNING] - Audio input error (OSError): No Default Input Device Available - Likely no microphone in sandbox.
2025-06-04 07:13:17,740 [INFO] - No command received or error in listening.
2025-06-04 07:13:17,757 [WARNING] - Audio input error (OSError): No Default Input Device Available - Likely no microphone in sandbox.
2025-06-04 07:13:17,758 [INFO] - No command received or error in listening.
2025-06-04 07:13:17,775 [WARNING] - Audio input error (OSError): No Default Input Device Available - Likely no microphone in sandbox.
2025-06-04 07:13:17,775 [INFO] - No command received or error in listening.
2025-06-04 07:13:17,793 [WARNING] - Audio input error (OSError): No Default Input Device Available - Likely no microphone in sandbox.
2025-06-04 07:13:17,793 [INFO] - No command received or error in listening.
2025-06-04 07:13:17,811 [WARNING] - Audio input error (OSError): No Default Input Device Available - Likely no microphone in sandbox.
2025-06-04 07:13:17,811 [INFO] - No command received or error in listening.
2025-06-04 07:13:17,828 [WARNING] - Audio input error (OSError): No Default Input Device Available - Likely no microphone in sandbox.
2025-06-04 07:13:17,828 [INFO] - No command received or error in listening.
2025-06-04 07:13:17,846 [WARNING] - Audio input error (OSError): No Default Input Device Available - Likely no microphone in sandbox.
2025-06-04 07:13:17,846 [INFO] - No command received or error in listening.
2025-06-04 07:13:17,863 [WARNING] - Audio input error (OSError): No Default Input Device Available - Likely no microphone in sandbox.
2025-06-04 07:13:17,863 [INFO] - No command received or error in listening.
2025-06-04 07:13:17,880 [WARNING] - Audio input error (OSError): No Default Input Device Available - Likely no microphone in sandbox.
2025-06-04 07:13:17,881 [INFO] - No command received or error in listening.
2025-06-04 07:13:17,898 [WARNING] - Audio input error (OSError): No Default Input Device Available - Likely no microphone in sandbox.
2025-06-04 07:13:17,898 [INFO] - No command received or error in listening.
2025-06-04 07:13:17,916 [WARNING] - Audio input error (OSError): No Default Input Device Available - Likely no microphone in sandbox.
2025-06-04 07:13:17,916 [INFO] - No command received or error in listening.
2025-06-04 07:13:17,933 [WARNING] - Audio input error (OSError): No Default Input Device Available - Likely no microphone in sandbox.
2025-06-04 07:13:17,934 [INFO] - No command received or error in listening.
2025-06-04 07:13:17,951 [WARNING] - Audio input error (OSError): No Default Input Device Available - Likely no microphone in sandbox.
2025-06-04 07:13:17,951 [INFO] - No command received or error in listening.
2025-06-04 07:13:17,969 [WARNING] - Audio input error (OSError): No Default Input Device Available - Likely no microphone in sandbox.
2025-06-04 07:13:17,969 [INFO] - No command received or error in listening.
2025-06-04 07:13:17,986 [WARNING] - Audio input error (OSError): No Default Input Device Available - Likely no microphone in sandbox.
2025-06-04 07:13:17,986 [INFO] - No command received or error in listening.
2025-06-04 07:13:18,003 [WARNING] - Audio input error (OSError): No Default Input Device Available - Likely no microphone in sandbox.
2025-06-04 07:13:18,004 [INFO] - No command received or error in listening.
2025-06-04 07:13:18,021 [WARNING] - Audio input error (OSError): No Default Input Device Available - Likely no microphone in sandbox.
2025-06-04 07:13:18,021 [INFO] - No command received or error in listening.
2025-06-04 07:13:18,041 [WARNING] - Audio input error (OSError): No Default Input Device Available - Likely no microphone in sandbox.
2025-06-04 07:13:18,041 [INFO] - No command received or error in listening.
2025-06-04 07:13:18,061 [WARNING] - Audio input error (OSError): No Default Input Device Available - Likely no microphone in sandbox.
2025-06-04 07:13:18,061 [INFO] - No command received or error in listening.
2025-06-04 07:13:18,081 [WARNING] - Audio input error (OSError): No Default Input Device Available - Likely no microphone in sandbox.
2025-06-04 07:13:18,081 [INFO] - No command received or error in listening.
2025-06-04 07:13:18,098 [WARNING] - Audio input error (OSError): No Default Input Device Available - Likely no microphone in sandbox.
2025-06-04 07:13:18,099 [INFO] - No command received or error in listening.
2025-06-04 07:13:18,116 [WARNING] - Audio input error (OSError): No Default Input Device Available - Likely no microphone in sandbox.
2025-06-04 07:13:18,116 [INFO] - No command received or error in listening.
2025-06-04 07:13:18,136 [WARNING] - Audio input error (OSError): No Default Input Device Available - Likely no microphone in sandbox.
2025-06-04 07:13:18,136 [INFO] - No command received or error in listening.
2025-06-04 07:13:18,154 [WARNING] - Audio input error (OSError): No Default Input Device Available - Likely no microphone in sandbox.
2025-06-04 07:13:18,154 [INFO] - No command received or error in listening.
2025-06-04 07:13:18,171 [WARNING] - Audio input error (OSError): No Default Input Device Available - Likely no microphone in sandbox.
2025-06-04 07:13:18,171 [INFO] - No command received or error in listening.
2025-06-04 07:13:18,189 [WARNING] - Audio input error (OSError): No Default Input Device Available - Likely no microphone in sandbox.
2025-06-04 07:13:18,189 [INFO] - No command received or error in listening.
2025-06-04 07:13:18,207 [WARNING] - Audio input error (OSError): No Default Input Device Available - Likely no microphone in sandbox.
2025-06-04 07:13:18,207 [INFO] - No command received or error in listening.
2025-06-04 07:13:18,224 [WARNING] - Audio input error (OSError): No Default Input Device Available - Likely no microphone in sandbox.
2025-06-04 07:13:18,225 [INFO] - No command received or error in listening.
2025-06-04 07:13:18,242 [WARNING] - Audio input error (OSError): No Default Input Device Available - Likely no microphone in sandbox.
2025-06-04 07:13:18,243 [INFO] - No command received or error in listening.
2025-06-04 07:13:18,260 [WARNING] - Audio input error (OSError): No Default Input Device Available - Likely no microphone in sandbox.
2025-06-04 07:13:18,260 [INFO] - No command received or error in listening.
2025-06-04 07:13:18,280 [WARNING] - Audio input error (OSError): No Default Input Device Available - Likely no microphone in sandbox.
2025-06-04 07:13:18,280 [INFO] - No command received or error in listening.
2025-06-04 07:13:18,297 [WARNING] - Audio input error (OSError): No Default Input Device Available - Likely no microphone in sandbox.
2025-06-04 07:13:18,298 [INFO] - No command received or error in listening.
2025-06-04 07:13:18,315 [WARNING] - Audio input error (OSError): No Default Input Device Available - Likely no microphone in sandbox.
2025-06-04 07:13:18,315 [INFO] - No command received or error in listening.
2025-06-04 07:13:18,333 [WARNING] - Audio input error (OSError): No Default Input Device Available - Likely no microphone in sandbox.
2025-06-04 07:13:18,333 [INFO] - No command received or error in listening.
2025-06-04 07:13:18,350 [WARNING] - Audio input error (OSError): No Default Input Device Available - Likely no microphone in sandbox.
2025-06-04 07:13:18,351 [INFO] - No command received or error in listening.
2025-06-04 07:13:18,368 [WARNING] - Audio input error (OSError): No Default Input Device Available - Likely no microphone in sandbox.
2025-06-04 07:13:18,368 [INFO] - No command received or error in listening.
2025-06-04 07:13:18,385 [WARNING] - Audio input error (OSError): No Default Input Device Available - Likely no microphone in sandbox.
2025-06-04 07:13:18,386 [INFO] - No command received or error in listening.
2025-06-04 07:13:18,403 [WARNING] - Audio input error (OSError): No Default Input Device Available - Likely no microphone in sandbox.
2025-06-04 07:13:18,403 [INFO] - No command received or error in listening.
2025-06-04 07:13:18,420 [WARNING] - Audio input error (OSError): No Default Input Device Available - Likely no microphone in sandbox.
2025-06-04 07:13:18,420 [INFO] - No command received or error in listening.
2025-06-04 07:13:18,437 [WARNING] - Audio input error (OSError): No Default Input Device Available - Likely no microphone in sandbox.
2025-06-04 07:13:18,437 [INFO] - No command received or error in listening.
2025-06-04 07:13:18,455 [WARNING] - Audio input error (OSError): No Default Input Device Available - Likely no microphone in sandbox.
2025-06-04 07:13:18,455 [INFO] - No command received or error in listening.
2025-06-04 07:13:18,472 [WARNING] - Audio input error (OSError): No Default Input Device Available - Likely no microphone in sandbox.
2025-06-04 07:13:18,472 [INFO] - No command received or error in listening.
2025-06-04 07:13:18,490 [WARNING] - Audio input error (OSError): No Default Input Device Available - Likely no microphone in sandbox.
2025-06-04 07:13:18,490 [INFO] - No command received or error in listening.
2025-06-04 07:13:18,507 [WARNING] - Audio input error (OSError): No Default Input Device Available - Likely no microphone in sandbox.
2025-06-04 07:13:18,507 [INFO] - No command received or error in listening.
2025-06-04 07:13:18,525 [WARNING] - Audio input error (OSError): No Default Input Device Available - Likely no microphone in sandbox.
2025-06-04 07:13:18,525 [INFO] - No command received or error in listening.
2025-06-04 07:13:18,543 [WARNING] - Audio input error (OSError): No Default Input Device Available - Likely no microphone in sandbox.
2025-06-04 07:13:18,543 [INFO] - No command received or error in listening.
2025-06-04 07:13:18,560 [WARNING] - Audio input error (OSError): No Default Input Device Available - Likely no microphone in sandbox.
2025-06-04 07:13:18,560 [INFO] - No command received or error in listening.
2025-06-04 07:13:18,577 [WARNING] - Audio input error (OSError): No Default Input Device Available - Likely no microphone in sandbox.
2025-06-04 07:13:18,578 [INFO] - No command received or error in listening.
2025-06-04 07:13:18,595 [WARNING] - Audio input error (OSError): No Default Input Device Available - Likely no microphone in sandbox.
2025-06-04 07:13:18,596 [INFO] - No command received or error in listening.
2025-06-04 07:13:18,616 [WARNING] - Audio input error (OSError): No Default Input Device Available - Likely no microphone in sandbox.
2025-06-04 07:13:18,616 [INFO] - No command received or error in listening.
2025-06-04 07:13:18,633 [WARNING] - Audio input error (OSError): No Default Input Device Available - Likely no microphone in sandbox.
2025-06-04 07:13:18,634 [INFO] - No command received or error in listening.
2025-06-04 07:13:18,651 [WARNING] - Audio input error (OSError): No Default Input Device Available - Likely no microphone in sandbox.
2025-06-04 07:13:18,651 [INFO] - No command received or error in listening.
2025-06-04 07:13:18,668 [WARNING] - Audio input error (OSError): No Default Input Device Available - Likely no microphone in sandbox.
2025-06-04 07:13:18,668 [INFO] - No command received or error in listening.
2025-06-04 07:13:18,686 [WARNING] - Audio input error (OSError): No Default Input Device Available - Likely no microphone in sandbox.
2025-06-04 07:13:18,686 [INFO] - No command received or error in listening.
2025-06-04 07:13:18,705 [WARNING] - Audio input error (OSError): No Default Input Device Available - Likely no microphone in sandbox.
2025-06-04 07:13:18,705 [INFO] - No command received or error in listening.
2025-06-04 07:13:18,724 [WARNING] - Audio input error (OSError): No Default Input Device Available - Likely no microphone in sandbox.
2025-06-04 07:13:18,725 [INFO] - No command received or error in listening.
2025-06-04 07:13:18,744 [WARNING] - Audio input error (OSError): No Default Input Device Available - Likely no microphone in sandbox.
2025-06-04 07:13:18,744 [INFO] - No command received or error in listening.
2025-06-04 07:13:18,762 [WARNING] - Audio input error (OSError): No Default Input Device Available - Likely no microphone in sandbox.
2025-06-04 07:13:18,762 [INFO] - No command received or error in listening.
2025-06-04 07:13:18,781 [WARNING] - Audio input error (OSError): No Default Input Device Available - Likely no microphone in sandbox.
2025-06-04 07:13:18,782 [INFO] - No command received or error in listening.
2025-06-04 07:13:18,799 [WARNING] - Audio input error (OSError): No Default Input Device Available - Likely no microphone in sandbox.
2025-06-04 07:13:18,799 [INFO] - No command received or error in listening.
2025-06-04 07:13:18,817 [WARNING] - Audio input error (OSError): No Default Input Device Available - Likely no microphone in sandbox.
2025-06-04 07:13:18,817 [INFO] - No command received or error in listening.
2025-06-04 07:13:18,835 [WARNING] - Audio input error (OSError): No Default Input Device Available - Likely no microphone in sandbox.
2025-06-04 07:13:18,835 [INFO] - No command received or error in listening.
2025-06-04 07:13:18,852 [WARNING] - Audio input error (OSError): No Default Input Device Available - Likely no microphone in sandbox.
2025-06-04 07:13:18,852 [INFO] - No command received or error in listening.
2025-06-04 07:13:18,870 [WARNING] - Audio input error (OSError): No Default Input Device Available - Likely no microphone in sandbox.
2025-06-04 07:13:18,870 [INFO] - No command received or error in listening.
2025-06-04 07:13:18,888 [WARNING] - Audio input error (OSError): No Default Input Device Available - Likely no microphone in sandbox.
2025-06-04 07:13:18,888 [INFO] - No command received or error in listening.
2025-06-04 07:13:18,905 [WARNING] - Audio input error (OSError): No Default Input Device Available - Likely no microphone in sandbox.
2025-06-04 07:13:18,906 [INFO] - No command received or error in listening.
2025-06-04 07:13:18,925 [WARNING] - Audio input error (OSError): No Default Input Device Available - Likely no microphone in sandbox.
2025-06-04 07:13:18,926 [INFO] - No command received or error in listening.
2025-06-04 07:13:18,945 [WARNING] - Audio input error (OSError): No Default Input Device Available - Likely no microphone in sandbox.
2025-06-04 07:13:18,946 [INFO] - No command received or error in listening.
2025-06-04 07:13:18,963 [WARNING] - Audio input error (OSError): No Default Input Device Available - Likely no microphone in sandbox.
2025-06-04 07:13:18,963 [INFO] - No command received or error in listening.
2025-06-04 07:13:18,981 [WARNING] - Audio input error (OSError): No Default Input Device Available - Likely no microphone in sandbox.
2025-06-04 07:13:18,981 [INFO] - No command received or error in listening.
2025-06-04 07:13:19,000 [WARNING] - Audio input error (OSError): No Default Input Device Available - Likely no microphone in sandbox.
2025-06-04 07:13:19,001 [INFO] - No command received or error in listening.
2025-06-04 07:13:19,018 [WARNING] - Audio input error (OSError): No Default Input Device Available - Likely no microphone in sandbox.
2025-06-04 07:13:19,018 [INFO] - No command received or error in listening.
2025-06-04 07:13:19,036 [WARNING] - Audio input error (OSError): No Default Input Device Available - Likely no microphone in sandbox.
2025-06-04 07:13:19,036 [INFO] - No command received or error in listening.
2025-06-04 07:13:19,054 [WARNING] - Audio input error (OSError): No Default Input Device Available - Likely no microphone in sandbox.
2025-06-04 07:13:19,054 [INFO] - No command received or error in listening.
2025-06-04 07:13:19,073 [WARNING] - Audio input error (OSError): No Default Input Device Available - Likely no microphone in sandbox.
2025-06-04 07:13:19,073 [INFO] - No command received or error in listening.
2025-06-04 07:13:19,091 [WARNING] - Audio input error (OSError): No Default Input Device Available - Likely no microphone in sandbox.
2025-06-04 07:13:19,091 [INFO] - No command received or error in listening.
2025-06-04 07:13:19,109 [WARNING] - Audio input error (OSError): No Default Input Device Available - Likely no microphone in sandbox.
2025-06-04 07:13:19,109 [INFO] - No command received or error in listening.
2025-06-04 07:13:19,126 [WARNING] - Audio input error (OSError): No Default Input Device Available - Likely no microphone in sandbox.
2025-06-04 07:13:19,127 [INFO] - No command received or error in listening.
2025-06-04 07:13:19,144 [WARNING] - Audio input error (OSError): No Default Input Device Available - Likely no microphone in sandbox.
2025-06-04 07:13:19,144 [INFO] - No command received or error in listening.
2025-06-04 07:13:19,164 [WARNING] - Audio input error (OSError): No Default Input Device Available - Likely no microphone in sandbox.
2025-06-04 07:13:19,164 [INFO] - No command received or error in listening.
2025-06-04 07:13:19,182 [WARNING] - Audio input error (OSError): No Default Input Device Available - Likely no microphone in sandbox.
2025-06-04 07:13:19,182 [INFO] - No command received or error in listening.
2025-06-04 07:13:19,199 [WARNING] - Audio input error (OSError): No Default Input Device Available - Likely no microphone in sandbox.
2025-06-04 07:13:19,200 [INFO] - No command received or error in listening.
2025-06-04 07:13:19,219 [WARNING] - Audio input error (OSError): No Default Input Device Available - Likely no microphone in sandbox.
2025-06-04 07:13:19,219 [INFO] - No command received or error in listening.
2025-06-04 07:13:19,237 [WARNING] - Audio input error (OSError): No Default Input Device Available - Likely no microphone in sandbox.
2025-06-04 07:13:19,238 [INFO] - No command received or error in listening.
2025-06-04 07:13:19,255 [WARNING] - Audio input error (OSError): No Default Input Device Available - Likely no microphone in sandbox.
2025-06-04 07:13:19,255 [INFO] - No command received or error in listening.
2025-06-04 07:13:19,272 [WARNING] - Audio input error (OSError): No Default Input Device Available - Likely no microphone in sandbox.
2025-06-04 07:13:19,273 [INFO] - No command received or error in listening.
2025-06-04 07:13:19,292 [WARNING] - Audio input error (OSError): No Default Input Device Available - Likely no microphone in sandbox.
2025-06-04 07:13:19,292 [INFO] - No command received or error in listening.
2025-06-04 07:13:19,310 [WARNING] - Audio input error (OSError): No Default Input Device Available - Likely no microphone in sandbox.
2025-06-04 07:13:19,310 [INFO] - No command received or error in listening.
2025-06-04 07:13:19,328 [WARNING] - Audio input error (OSError): No Default Input Device Available - Likely no microphone in sandbox.
2025-06-04 07:13:19,328 [INFO] - No command received or error in listening.
2025-06-04 07:13:19,345 [WARNING] - Audio input error (OSError): No Default Input Device Available - Likely no microphone in sandbox.
2025-06-04 07:13:19,345 [INFO] - No command received or error in listening.
2025-06-04 07:13:19,365 [WARNING] - Audio input error (OSError): No Default Input Device Available - Likely no microphone in sandbox.
2025-06-04 07:13:19,365 [INFO] - No command received or error in listening.
2025-06-04 07:13:19,384 [WARNING] - Audio input error (OSError): No Default Input Device Available - Likely no microphone in sandbox.
2025-06-04 07:13:19,384 [INFO] - No command received or error in listening.
2025-06-04 07:13:19,402 [WARNING] - Audio input error (OSError): No Default Input Device Available - Likely no microphone in sandbox.
2025-06-04 07:13:19,403 [INFO] - No command received or error in listening.
2025-06-04 07:13:19,420 [WARNING] - Audio input error (OSError): No Default Input Device Available - Likely no microphone in sandbox.
2025-06-04 07:13:19,420 [INFO] - No command received or error in listening.
2025-06-04 07:13:19,438 [WARNING] - Audio input error (OSError): No Default Input Device Available - Likely no microphone in sandbox.
2025-06-04 07:13:19,438 [INFO] - No command received or error in listening.
2025-06-04 07:13:19,455 [WARNING] - Audio input error (OSError): No Default Input Device Available - Likely no microphone in sandbox.
2025-06-04 07:13:19,455 [INFO] - No command received or error in listening.
2025-06-04 07:13:19,475 [WARNING] - Audio input error (OSError): No Default Input Device Available - Likely no microphone in sandbox.
2025-06-04 07:13:19,475 [INFO] - No command received or error in listening.
2025-06-04 07:13:19,493 [WARNING] - Audio input error (OSError): No Default Input Device Available - Likely no microphone in sandbox.
2025-06-04 07:13:19,493 [INFO] - No command received or error in listening.
2025-06-04 07:13:19,512 [WARNING] - Audio input error (OSError): No Default Input Device Available - Likely no microphone in sandbox.
2025-06-04 07:13:19,512 [INFO] - No command received or error in listening.
2025-06-04 07:13:19,530 [WARNING] - Audio input error (OSError): No Default Input Device Available - Likely no microphone in sandbox.
2025-06-04 07:13:19,530 [INFO] - No command received or error in listening.
2025-06-04 07:13:19,547 [WARNING] - Audio input error (OSError): No Default Input Device Available - Likely no microphone in sandbox.
2025-06-04 07:13:19,547 [INFO] - No command received or error in listening.
2025-06-04 07:13:19,564 [WARNING] - Audio input error (OSError): No Default Input Device Available - Likely no microphone in sandbox.
2025-06-04 07:13:19,565 [INFO] - No command received or error in listening.
2025-06-04 07:13:19,582 [WARNING] - Audio input error (OSError): No Default Input Device Available - Likely no microphone in sandbox.
2025-06-04 07:13:19,582 [INFO] - No command received or error in listening.
2025-06-04 07:13:19,600 [WARNING] - Audio input error (OSError): No Default Input Device Available - Likely no microphone in sandbox.
2025-06-04 07:13:19,600 [INFO] - No command received or error in listening.
2025-06-04 07:13:19,617 [WARNING] - Audio input error (OSError): No Default Input Device Available - Likely no microphone in sandbox.
2025-06-04 07:13:19,617 [INFO] - No command received or error in listening.
2025-06-04 07:13:19,635 [WARNING] - Audio input error (OSError): No Default Input Device Available - Likely no microphone in sandbox.
2025-06-04 07:13:19,635 [INFO] - No command received or error in listening.
2025-06-04 07:13:19,654 [WARNING] - Audio input error (OSError): No Default Input Device Available - Likely no microphone in sandbox.
2025-06-04 07:13:19,654 [INFO] - No command received or error in listening.
2025-06-04 07:13:19,672 [WARNING] - Audio input error (OSError): No Default Input Device Available - Likely no microphone in sandbox.
2025-06-04 07:13:19,672 [INFO] - No command received or error in listening.
2025-06-04 07:13:19,689 [WARNING] - Audio input error (OSError): No Default Input Device Available - Likely no microphone in sandbox.
2025-06-04 07:13:19,690 [INFO] - No command received or error in listening.
2025-06-04 07:13:19,707 [WARNING] - Audio input error (OSError): No Default Input Device Available - Likely no microphone in sandbox.
2025-06-04 07:13:19,707 [INFO] - No command received or error in listening.
2025-06-04 07:13:19,724 [WARNING] - Audio input error (OSError): No Default Input Device Available - Likely no microphone in sandbox.
2025-06-04 07:13:19,724 [INFO] - No command received or error in listening.
2025-06-04 07:13:19,741 [WARNING] - Audio input error (OSError): No Default Input Device Available - Likely no microphone in sandbox.
2025-06-04 07:13:19,742 [INFO] - No command received or error in listening.
2025-06-04 07:13:19,759 [WARNING] - Audio input error (OSError): No Default Input Device Available - Likely no microphone in sandbox.
2025-06-04 07:13:19,759 [INFO] - No command received or error in listening.
2025-06-04 07:13:19,776 [WARNING] - Audio input error (OSError): No Default Input Device Available - Likely no microphone in sandbox.
2025-06-04 07:13:19,776 [INFO] - No command received or error in listening.
2025-06-04 07:13:19,793 [WARNING] - Audio input error (OSError): No Default Input Device Available - Likely no microphone in sandbox.
2025-06-04 07:13:19,794 [INFO] - No command received or error in listening.
2025-06-04 07:13:19,811 [WARNING] - Audio input error (OSError): No Default Input Device Available - Likely no microphone in sandbox.
2025-06-04 07:13:19,811 [INFO] - No command received or error in listening.
2025-06-04 07:13:19,828 [WARNING] - Audio input error (OSError): No Default Input Device Available - Likely no microphone in sandbox.
2025-06-04 07:13:19,828 [INFO] - No command received or error in listening.
2025-06-04 07:13:19,846 [WARNING] - Audio input error (OSError): No Default Input Device Available - Likely no microphone in sandbox.
2025-06-04 07:13:19,846 [INFO] - No command received or error in listening.
2025-06-04 07:13:19,863 [WARNING] - Audio input error (OSError): No Default Input Device Available - Likely no microphone in sandbox.
2025-06-04 07:13:19,864 [INFO] - No command received or error in listening.
2025-06-04 07:13:19,881 [WARNING] - Audio input error (OSError): No Default Input Device Available - Likely no microphone in sandbox.
2025-06-04 07:13:19,881 [INFO] - No command received or error in listening.
2025-06-04 07:13:19,898 [WARNING] - Audio input error (OSError): No Default Input Device Available - Likely no microphone in sandbox.
2025-06-04 07:13:19,898 [INFO] - No command received or error in listening.
2025-06-04 07:13:19,916 [WARNING] - Audio input error (OSError): No Default Input Device Available - Likely no microphone in sandbox.
2025-06-04 07:13:19,916 [INFO] - No command received or error in listening.
2025-06-04 07:13:19,933 [WARNING] - Audio input error (OSError): No Default Input Device Available - Likely no microphone in sandbox.
2025-06-04 07:13:19,934 [INFO] - No command received or error in listening.
2025-06-04 07:13:19,951 [WARNING] - Audio input error (OSError): No Default Input Device Available - Likely no microphone in sandbox.
2025-06-04 07:13:19,951 [INFO] - No command received or error in listening.
2025-06-04 07:13:19,969 [WARNING] - Audio input error (OSError): No Default Input Device Available - Likely no microphone in sandbox.
2025-06-04 07:13:19,969 [INFO] - No command received or error in listening.
2025-06-04 07:13:19,986 [WARNING] - Audio input error (OSError): No Default Input Device Available - Likely no microphone in sandbox.
2025-06-04 07:13:19,986 [INFO] - No command received or error in listening.
2025-06-04 07:13:20,004 [WARNING] - Audio input error (OSError): No Default Input Device Available - Likely no microphone in sandbox.
2025-06-04 07:13:20,004 [INFO] - No command received or error in listening.
2025-06-04 07:13:20,021 [WARNING] - Audio input error (OSError): No Default Input Device Available - Likely no microphone in sandbox.
2025-06-04 07:13:20,021 [INFO] - No command received or error in listening.
2025-06-04 07:13:20,039 [WARNING] - Audio input error (OSError): No Default Input Device Available - Likely no microphone in sandbox.
2025-06-04 07:13:20,039 [INFO] - No command received or error in listening.
2025-06-04 07:13:20,056 [WARNING] - Audio input error (OSError): No Default Input Device Available - Likely no microphone in sandbox.
2025-06-04 07:13:20,056 [INFO] - No command received or error in listening.
2025-06-04 07:13:20,073 [WARNING] - Audio input error (OSError): No Default Input Device Available - Likely no microphone in sandbox.
2025-06-04 07:13:20,073 [INFO] - No command received or error in listening.
2025-06-04 07:13:20,091 [WARNING] - Audio input error (OSError): No Default Input Device Available - Likely no microphone in sandbox.
2025-06-04 07:13:20,091 [INFO] - No command received or error in listening.
2025-06-04 07:13:20,108 [WARNING] - Audio input error (OSError): No Default Input Device Available - Likely no microphone in sandbox.
2025-06-04 07:13:20,108 [INFO] - No command received or error in listening.
2025-06-04 07:13:20,126 [WARNING] - Audio input error (OSError): No Default Input Device Available - Likely no microphone in sandbox.
2025-06-04 07:13:20,126 [INFO] - No command received or error in listening.
2025-06-04 07:13:20,144 [WARNING] - Audio input error (OSError): No Default Input Device Available - Likely no microphone in sandbox.
2025-06-04 07:13:20,144 [INFO] - No command received or error in listening.
2025-06-04 07:13:20,161 [WARNING] - Audio input error (OSError): No Default Input Device Available - Likely no microphone in sandbox.
2025-06-04 07:13:20,162 [INFO] - No command received or error in listening.
2025-06-04 07:13:20,181 [WARNING] - Audio input error (OSError): No Default Input Device Available - Likely no microphone in sandbox.
2025-06-04 07:13:20,181 [INFO] - No command received or error in listening.
2025-06-04 07:13:20,199 [WARNING] - Audio input error (OSError): No Default Input Device Available - Likely no microphone in sandbox.
2025-06-04 07:13:20,199 [INFO] - No command received or error in listening.
2025-06-04 07:13:20,217 [WARNING] - Audio input error (OSError): No Default Input Device Available - Likely no microphone in sandbox.
2025-06-04 07:13:20,217 [INFO] - No command received or error in listening.
2025-06-04 07:13:20,236 [WARNING] - Audio input error (OSError): No Default Input Device Available - Likely no microphone in sandbox.
2025-06-04 07:13:20,236 [INFO] - No command received or error in listening.
2025-06-04 07:13:20,256 [WARNING] - Audio input error (OSError): No Default Input Device Available - Likely no microphone in sandbox.
2025-06-04 07:13:20,256 [INFO] - No command received or error in listening.
2025-06-04 07:13:20,273 [WARNING] - Audio input error (OSError): No Default Input Device Available - Likely no microphone in sandbox.
2025-06-04 07:13:20,274 [INFO] - No command received or error in listening.
2025-06-04 07:13:20,291 [WARNING] - Audio input error (OSError): No Default Input Device Available - Likely no microphone in sandbox.
2025-06-04 07:13:20,291 [INFO] - No command received or error in listening.
2025-06-04 07:13:20,311 [WARNING] - Audio input error (OSError): No Default Input Device Available - Likely no microphone in sandbox.
2025-06-04 07:13:20,311 [INFO] - No command received or error in listening.
2025-06-04 07:13:20,328 [WARNING] - Audio input error (OSError): No Default Input Device Available - Likely no microphone in sandbox.
2025-06-04 07:13:20,328 [INFO] - No command received or error in listening.
2025-06-04 07:13:20,346 [WARNING] - Audio input error (OSError): No Default Input Device Available - Likely no microphone in sandbox.
2025-06-04 07:13:20,346 [INFO] - No command received or error in listening.
2025-06-04 07:13:20,364 [WARNING] - Audio input error (OSError): No Default Input Device Available - Likely no microphone in sandbox.
2025-06-04 07:13:20,364 [INFO] - No command received or error in listening.
2025-06-04 07:13:20,381 [WARNING] - Audio input error (OSError): No Default Input Device Available - Likely no microphone in sandbox.
2025-06-04 07:13:20,381 [INFO] - No command received or error in listening.
2025-06-04 07:13:20,399 [WARNING] - Audio input error (OSError): No Default Input Device Available - Likely no microphone in sandbox.
2025-06-04 07:13:20,399 [INFO] - No command received or error in listening.
2025-06-04 07:13:20,416 [WARNING] - Audio input error (OSError): No Default Input Device Available - Likely no microphone in sandbox.
2025-06-04 07:13:20,417 [INFO] - No command received or error in listening.
2025-06-04 07:13:20,434 [WARNING] - Audio input error (OSError): No Default Input Device Available - Likely no microphone in sandbox.
2025-06-04 07:13:20,434 [INFO] - No command received or error in listening.
2025-06-04 07:13:20,452 [WARNING] - Audio input error (OSError): No Default Input Device Available - Likely no microphone in sandbox.
2025-06-04 07:13:20,452 [INFO] - No command received or error in listening.
2025-06-04 07:13:20,469 [WARNING] - Audio input error (OSError): No Default Input Device Available - Likely no microphone in sandbox.
2025-06-04 07:13:20,469 [INFO] - No command received or error in listening.
2025-06-04 07:13:20,487 [WARNING] - Audio input error (OSError): No Default Input Device Available - Likely no microphone in sandbox.
2025-06-04 07:13:20,487 [INFO] - No command received or error in listening.
2025-06-04 07:13:20,504 [WARNING] - Audio input error (OSError): No Default Input Device Available - Likely no microphone in sandbox.
2025-06-04 07:13:20,505 [INFO] - No command received or error in listening.
2025-06-04 07:13:20,522 [WARNING] - Audio input error (OSError): No Default Input Device Available - Likely no microphone in sandbox.
2025-06-04 07:13:20,522 [INFO] - No command received or error in listening.
2025-06-04 07:13:20,540 [WARNING] - Audio input error (OSError): No Default Input Device Available - Likely no microphone in sandbox.
2025-06-04 07:13:20,540 [INFO] - No command received or error in listening.
2025-06-04 07:13:20,557 [WARNING] - Audio input error (OSError): No Default Input Device Available - Likely no microphone in sandbox.
2025-06-04 07:13:20,558 [INFO] - No command received or error in listening.
2025-06-04 07:13:20,575 [WARNING] - Audio input error (OSError): No Default Input Device Available - Likely no microphone in sandbox.
2025-06-04 07:13:20,575 [INFO] - No command received or error in listening.
2025-06-04 07:13:20,592 [WARNING] - Audio input error (OSError): No Default Input Device Available - Likely no microphone in sandbox.
2025-06-04 07:13:20,592 [INFO] - No command received or error in listening.
2025-06-04 07:13:20,609 [WARNING] - Audio input error (OSError): No Default Input Device Available - Likely no microphone in sandbox.
2025-06-04 07:13:20,610 [INFO] - No command received or error in listening.
2025-06-04 07:13:20,627 [WARNING] - Audio input error (OSError): No Default Input Device Available - Likely no microphone in sandbox.
2025-06-04 07:13:20,627 [INFO] - No command received or error in listening.
2025-06-04 07:13:20,644 [WARNING] - Audio input error (OSError): No Default Input Device Available - Likely no microphone in sandbox.
2025-06-04 07:13:20,644 [INFO] - No command received or error in listening.
2025-06-04 07:13:20,663 [WARNING] - Audio input error (OSError): No Default Input Device Available - Likely no microphone in sandbox.
2025-06-04 07:13:20,663 [INFO] - No command received or error in listening.
2025-06-04 07:13:20,680 [WARNING] - Audio input error (OSError): No Default Input Device Available - Likely no microphone in sandbox.
2025-06-04 07:13:20,680 [INFO] - No command received or error in listening.
2025-06-04 07:13:20,698 [WARNING] - Audio input error (OSError): No Default Input Device Available - Likely no microphone in sandbox.
2025-06-04 07:13:20,698 [INFO] - No command received or error in listening.
2025-06-04 07:13:20,715 [WARNING] - Audio input error (OSError): No Default Input Device Available - Likely no microphone in sandbox.
2025-06-04 07:13:20,715 [INFO] - No command received or error in listening.
2025-06-04 07:13:20,732 [WARNING] - Audio input error (OSError): No Default Input Device Available - Likely no microphone in sandbox.
2025-06-04 07:13:20,733 [INFO] - No command received or error in listening.
2025-06-04 07:13:20,750 [WARNING] - Audio input error (OSError): No Default Input Device Available - Likely no microphone in sandbox.
2025-06-04 07:13:20,750 [INFO] - No command received or error in listening.
2025-06-04 07:13:20,768 [WARNING] - Audio input error (OSError): No Default Input Device Available - Likely no microphone in sandbox.
2025-06-04 07:13:20,768 [INFO] - No command received or error in listening.
2025-06-04 07:13:20,785 [WARNING] - Audio input error (OSError): No Default Input Device Available - Likely no microphone in sandbox.
2025-06-04 07:13:20,785 [INFO] - No command received or error in listening.
2025-06-04 07:13:20,803 [WARNING] - Audio input error (OSError): No Default Input Device Available - Likely no microphone in sandbox.
2025-06-04 07:13:20,803 [INFO] - No command received or error in listening.
2025-06-04 07:13:20,820 [WARNING] - Audio input error (OSError): No Default Input Device Available - Likely no microphone in sandbox.
2025-06-04 07:13:20,820 [INFO] - No command received or error in listening.
2025-06-04 07:13:20,838 [WARNING] - Audio input error (OSError): No Default Input Device Available - Likely no microphone in sandbox.
2025-06-04 07:13:20,838 [INFO] - No command received or error in listening.
2025-06-04 07:13:20,855 [WARNING] - Audio input error (OSError): No Default Input Device Available - Likely no microphone in sandbox.
2025-06-04 07:13:20,855 [INFO] - No command received or error in listening.
2025-06-04 07:13:20,873 [WARNING] - Audio input error (OSError): No Default Input Device Available - Likely no microphone in sandbox.
2025-06-04 07:13:20,873 [INFO] - No command received or error in listening.
2025-06-04 07:13:20,890 [WARNING] - Audio input error (OSError): No Default Input Device Available - Likely no microphone in sandbox.
2025-06-04 07:13:20,890 [INFO] - No command received or error in listening.
2025-06-04 07:13:20,908 [WARNING] - Audio input error (OSError): No Default Input Device Available - Likely no microphone in sandbox.
2025-06-04 07:13:20,908 [INFO] - No command received or error in listening.
2025-06-04 07:13:20,925 [WARNING] - Audio input error (OSError): No Default Input Device Available - Likely no microphone in sandbox.
2025-06-04 07:13:20,926 [INFO] - No command received or error in listening.
2025-06-04 07:13:20,943 [WARNING] - Audio input error (OSError): No Default Input Device Available - Likely no microphone in sandbox.
2025-06-04 07:13:20,943 [INFO] - No command received or error in listening.
2025-06-04 07:13:20,960 [WARNING] - Audio input error (OSError): No Default Input Device Available - Likely no microphone in sandbox.
2025-06-04 07:13:20,961 [INFO] - No command received or error in listening.
2025-06-04 07:13:20,978 [WARNING] - Audio input error (OSError): No Default Input Device Available - Likely no microphone in sandbox.
2025-06-04 07:13:20,978 [INFO] - No command received or error in listening.
2025-06-04 07:13:20,996 [WARNING] - Audio input error (OSError): No Default Input Device Available - Likely no microphone in sandbox.
2025-06-04 07:13:20,996 [INFO] - No command received or error in listening.
2025-06-04 07:13:21,014 [WARNING] - Audio input error (OSError): No Default Input Device Available - Likely no microphone in sandbox.
2025-06-04 07:13:21,014 [INFO] - No command received or error in listening.
2025-06-04 07:13:21,031 [WARNING] - Audio input error (OSError): No Default Input Device Available - Likely no microphone in sandbox.
2025-06-04 07:13:21,031 [INFO] - No command received or error in listening.
2025-06-04 07:13:21,049 [WARNING] - Audio input error (OSError): No Default Input Device Available - Likely no microphone in sandbox.
2025-06-04 07:13:21,049 [INFO] - No command received or error in listening.
2025-06-04 07:13:21,066 [WARNING] - Audio input error (OSError): No Default Input Device Available - Likely no microphone in sandbox.
2025-06-04 07:13:21,066 [INFO] - No command received or error in listening.
2025-06-04 07:13:21,084 [WARNING] - Audio input error (OSError): No Default Input Device Available - Likely no microphone in sandbox.
2025-06-04 07:13:21,084 [INFO] - No command received or error in listening.
2025-06-04 07:13:21,101 [WARNING] - Audio input error (OSError): No Default Input Device Available - Likely no microphone in sandbox.
2025-06-04 07:13:21,101 [INFO] - No command received or error in listening.
2025-06-04 07:13:21,119 [WARNING] - Audio input error (OSError): No Default Input Device Available - Likely no microphone in sandbox.
2025-06-04 07:13:21,119 [INFO] - No command received or error in listening.
2025-06-04 07:13:21,136 [WARNING] - Audio input error (OSError): No Default Input Device Available - Likely no microphone in sandbox.
2025-06-04 07:13:21,136 [INFO] - No command received or error in listening.
2025-06-04 07:13:21,154 [WARNING] - Audio input error (OSError): No Default Input Device Available - Likely no microphone in sandbox.
2025-06-04 07:13:21,154 [INFO] - No command received or error in listening.
2025-06-04 07:13:21,171 [WARNING] - Audio input error (OSError): No Default Input Device Available - Likely no microphone in sandbox.
2025-06-04 07:13:21,171 [INFO] - No command received or error in listening.
2025-06-04 07:13:21,189 [WARNING] - Audio input error (OSError): No Default Input Device Available - Likely no microphone in sandbox.
2025-06-04 07:13:21,189 [INFO] - No command received or error in listening.
2025-06-04 07:13:21,206 [WARNING] - Audio input error (OSError): No Default Input Device Available - Likely no microphone in sandbox.
2025-06-04 07:13:21,206 [INFO] - No command received or error in listening.
2025-06-04 07:13:21,223 [WARNING] - Audio input error (OSError): No Default Input Device Available - Likely no microphone in sandbox.
2025-06-04 07:13:21,224 [INFO] - No command received or error in listening.
2025-06-04 07:13:21,241 [WARNING] - Audio input error (OSError): No Default Input Device Available - Likely no microphone in sandbox.
2025-06-04 07:13:21,241 [INFO] - No command received or error in listening.
2025-06-04 07:13:21,258 [WARNING] - Audio input error (OSError): No Default Input Device Available - Likely no microphone in sandbox.
2025-06-04 07:13:21,258 [INFO] - No command received or error in listening.
2025-06-04 07:13:21,276 [WARNING] - Audio input error (OSError): No Default Input Device Available - Likely no microphone in sandbox.
2025-06-04 07:13:21,276 [INFO] - No command received or error in listening.
2025-06-04 07:13:21,293 [WARNING] - Audio input error (OSError): No Default Input Device Available - Likely no microphone in sandbox.
2025-06-04 07:13:21,293 [INFO] - No command received or error in listening.
2025-06-04 07:13:21,311 [WARNING] - Audio input error (OSError): No Default Input Device Available - Likely no microphone in sandbox.
2025-06-04 07:13:21,311 [INFO] - No command received or error in listening.
2025-06-04 07:13:21,328 [WARNING] - Audio input error (OSError): No Default Input Device Available - Likely no microphone in sandbox.
2025-06-04 07:13:21,329 [INFO] - No command received or error in listening.
2025-06-04 07:13:21,346 [WARNING] - Audio input error (OSError): No Default Input Device Available - Likely no microphone in sandbox.
2025-06-04 07:13:21,346 [INFO] - No command received or error in listening.
2025-06-04 07:13:21,363 [WARNING] - Audio input error (OSError): No Default Input Device Available - Likely no microphone in sandbox.
2025-06-04 07:13:21,363 [INFO] - No command received or error in listening.
2025-06-04 07:13:21,381 [WARNING] - Audio input error (OSError): No Default Input Device Available - Likely no microphone in sandbox.
2025-06-04 07:13:21,381 [INFO] - No command received or error in listening.
2025-06-04 07:13:21,398 [WARNING] - Audio input error (OSError): No Default Input Device Available - Likely no microphone in sandbox.
2025-06-04 07:13:21,398 [INFO] - No command received or error in listening.
2025-06-04 07:13:21,416 [WARNING] - Audio input error (OSError): No Default Input Device Available - Likely no microphone in sandbox.
2025-06-04 07:13:21,416 [INFO] - No command received or error in listening.
2025-06-04 07:13:21,434 [WARNING] - Audio input error (OSError): No Default Input Device Available - Likely no microphone in sandbox.
2025-06-04 07:13:21,434 [INFO] - No command received or error in listening.
2025-06-04 07:13:21,451 [WARNING] - Audio input error (OSError): No Default Input Device Available - Likely no microphone in sandbox.
2025-06-04 07:13:21,451 [INFO] - No command received or error in listening.
2025-06-04 07:13:21,468 [WARNING] - Audio input error (OSError): No Default Input Device Available - Likely no microphone in sandbox.
2025-06-04 07:13:21,469 [INFO] - No command received or error in listening.
2025-06-04 07:13:21,486 [WARNING] - Audio input error (OSError): No Default Input Device Available - Likely no microphone in sandbox.
2025-06-04 07:13:21,486 [INFO] - No command received or error in listening.
2025-06-04 07:13:21,504 [WARNING] - Audio input error (OSError): No Default Input Device Available - Likely no microphone in sandbox.
2025-06-04 07:13:21,504 [INFO] - No command received or error in listening.
2025-06-04 07:13:21,521 [WARNING] - Audio input error (OSError): No Default Input Device Available - Likely no microphone in sandbox.
2025-06-04 07:13:21,522 [INFO] - No command received or error in listening.
2025-06-04 07:13:21,539 [WARNING] - Audio input error (OSError): No Default Input Device Available - Likely no microphone in sandbox.
2025-06-04 07:13:21,539 [INFO] - No command received or error in listening.
2025-06-04 07:13:21,556 [WARNING] - Audio input error (OSError): No Default Input Device Available - Likely no microphone in sandbox.
2025-06-04 07:13:21,556 [INFO] - No command received or error in listening.
2025-06-04 07:13:21,574 [WARNING] - Audio input error (OSError): No Default Input Device Available - Likely no microphone in sandbox.
2025-06-04 07:13:21,574 [INFO] - No command received or error in listening.
2025-06-04 07:13:21,591 [WARNING] - Audio input error (OSError): No Default Input Device Available - Likely no microphone in sandbox.
2025-06-04 07:13:21,591 [INFO] - No command received or error in listening.
2025-06-04 07:13:21,608 [WARNING] - Audio input error (OSError): No Default Input Device Available - Likely no microphone in sandbox.
2025-06-04 07:13:21,608 [INFO] - No command received or error in listening.
2025-06-04 07:13:21,626 [WARNING] - Audio input error (OSError): No Default Input Device Available - Likely no microphone in sandbox.
2025-06-04 07:13:21,626 [INFO] - No command received or error in listening.
2025-06-04 07:13:21,643 [WARNING] - Audio input error (OSError): No Default Input Device Available - Likely no microphone in sandbox.
2025-06-04 07:13:21,643 [INFO] - No command received or error in listening.
2025-06-04 07:13:21,661 [WARNING] - Audio input error (OSError): No Default Input Device Available - Likely no microphone in sandbox.
2025-06-04 07:13:21,661 [INFO] - No command received or error in listening.
2025-06-04 07:13:21,678 [WARNING] - Audio input error (OSError): No Default Input Device Available - Likely no microphone in sandbox.
2025-06-04 07:13:21,678 [INFO] - No command received or error in listening.
2025-06-04 07:13:21,696 [WARNING] - Audio input error (OSError): No Default Input Device Available - Likely no microphone in sandbox.
2025-06-04 07:13:21,696 [INFO] - No command received or error in listening.
2025-06-04 07:13:21,714 [WARNING] - Audio input error (OSError): No Default Input Device Available - Likely no microphone in sandbox.
2025-06-04 07:13:21,714 [INFO] - No command received or error in listening.
2025-06-04 07:13:21,731 [WARNING] - Audio input error (OSError): No Default Input Device Available - Likely no microphone in sandbox.
2025-06-04 07:13:21,731 [INFO] - No command received or error in listening.
2025-06-04 07:13:21,748 [WARNING] - Audio input error (OSError): No Default Input Device Available - Likely no microphone in sandbox.
2025-06-04 07:13:21,748 [INFO] - No command received or error in listening.
2025-06-04 07:13:21,765 [WARNING] - Audio input error (OSError): No Default Input Device Available - Likely no microphone in sandbox.
2025-06-04 07:13:21,766 [INFO] - No command received or error in listening.
2025-06-04 07:13:21,783 [WARNING] - Audio input error (OSError): No Default Input Device Available - Likely no microphone in sandbox.
2025-06-04 07:13:21,783 [INFO] - No command received or error in listening.
2025-06-04 07:13:21,800 [WARNING] - Audio input error (OSError): No Default Input Device Available - Likely no microphone in sandbox.
2025-06-04 07:13:21,800 [INFO] - No command received or error in listening.
2025-06-04 07:13:21,817 [WARNING] - Audio input error (OSError): No Default Input Device Available - Likely no microphone in sandbox.
2025-06-04 07:13:21,818 [INFO] - No command received or error in listening.
2025-06-04 07:13:21,835 [WARNING] - Audio input error (OSError): No Default Input Device Available - Likely no microphone in sandbox.
2025-06-04 07:13:21,835 [INFO] - No command received or error in listening.
2025-06-04 07:13:21,852 [WARNING] - Audio input error (OSError): No Default Input Device Available - Likely no microphone in sandbox.
2025-06-04 07:13:21,852 [INFO] - No command received or error in listening.
2025-06-04 07:13:21,870 [WARNING] - Audio input error (OSError): No Default Input Device Available - Likely no microphone in sandbox.
2025-06-04 07:13:21,870 [INFO] - No command received or error in listening.
2025-06-04 07:13:21,887 [WARNING] - Audio input error (OSError): No Default Input Device Available - Likely no microphone in sandbox.
2025-06-04 07:13:21,887 [INFO] - No command received or error in listening.
2025-06-04 07:13:21,905 [WARNING] - Audio input error (OSError): No Default Input Device Available - Likely no microphone in sandbox.
2025-06-04 07:13:21,905 [INFO] - No command received or error in listening.
2025-06-04 07:13:21,922 [WARNING] - Audio input error (OSError): No Default Input Device Available - Likely no microphone in sandbox.
2025-06-04 07:13:21,922 [INFO] - No command received or error in listening.
2025-06-04 07:13:21,939 [WARNING] - Audio input error (OSError): No Default Input Device Available - Likely no microphone in sandbox.
2025-06-04 07:13:21,939 [INFO] - No command received or error in listening.
2025-06-04 07:13:21,957 [WARNING] - Audio input error (OSError): No Default Input Device Available - Likely no microphone in sandbox.
2025-06-04 07:13:21,957 [INFO] - No command received or error in listening.
2025-06-04 07:13:21,974 [WARNING] - Audio input error (OSError): No Default Input Device Available - Likely no microphone in sandbox.
2025-06-04 07:13:21,974 [INFO] - No command received or error in listening.
2025-06-04 07:13:21,991 [WARNING] - Audio input error (OSError): No Default Input Device Available - Likely no microphone in sandbox.
2025-06-04 07:13:21,991 [INFO] - No command received or error in listening.
2025-06-04 07:13:22,008 [WARNING] - Audio input error (OSError): No Default Input Device Available - Likely no microphone in sandbox.
2025-06-04 07:13:22,009 [INFO] - No command received or error in listening.
2025-06-04 07:13:22,026 [WARNING] - Audio input error (OSError): No Default Input Device Available - Likely no microphone in sandbox.
2025-06-04 07:13:22,026 [INFO] - No command received or error in listening.
2025-06-04 07:13:22,044 [WARNING] - Audio input error (OSError): No Default Input Device Available - Likely no microphone in sandbox.
2025-06-04 07:13:22,044 [INFO] - No command received or error in listening.
2025-06-04 07:13:22,061 [WARNING] - Audio input error (OSError): No Default Input Device Available - Likely no microphone in sandbox.
2025-06-04 07:13:22,062 [INFO] - No command received or error in listening.
2025-06-04 07:13:22,079 [WARNING] - Audio input error (OSError): No Default Input Device Available - Likely no microphone in sandbox.
2025-06-04 07:13:22,079 [INFO] - No command received or error in listening.
2025-06-04 07:13:22,097 [WARNING] - Audio input error (OSError): No Default Input Device Available - Likely no microphone in sandbox.
2025-06-04 07:13:22,097 [INFO] - No command received or error in listening.
2025-06-04 07:13:22,114 [WARNING] - Audio input error (OSError): No Default Input Device Available - Likely no microphone in sandbox.
2025-06-04 07:13:22,114 [INFO] - No command received or error in listening.
2025-06-04 07:13:22,131 [WARNING] - Audio input error (OSError): No Default Input Device Available - Likely no microphone in sandbox.
2025-06-04 07:13:22,132 [INFO] - No command received or error in listening.
2025-06-04 07:13:22,149 [WARNING] - Audio input error (OSError): No Default Input Device Available - Likely no microphone in sandbox.
2025-06-04 07:13:22,149 [INFO] - No command received or error in listening.
2025-06-04 07:13:22,166 [WARNING] - Audio input error (OSError): No Default Input Device Available - Likely no microphone in sandbox.
2025-06-04 07:13:22,166 [INFO] - No command received or error in listening.
2025-06-04 07:13:22,184 [WARNING] - Audio input error (OSError): No Default Input Device Available - Likely no microphone in sandbox.
2025-06-04 07:13:22,184 [INFO] - No command received or error in listening.
2025-06-04 07:13:22,201 [WARNING] - Audio input error (OSError): No Default Input Device Available - Likely no microphone in sandbox.
2025-06-04 07:13:22,202 [INFO] - No command received or error in listening.
2025-06-04 07:13:22,219 [WARNING] - Audio input error (OSError): No Default Input Device Available - Likely no microphone in sandbox.
2025-06-04 07:13:22,219 [INFO] - No command received or error in listening.
2025-06-04 07:13:22,236 [WARNING] - Audio input error (OSError): No Default Input Device Available - Likely no microphone in sandbox.
2025-06-04 07:13:22,236 [INFO] - No command received or error in listening.
2025-06-04 07:13:22,254 [WARNING] - Audio input error (OSError): No Default Input Device Available - Likely no microphone in sandbox.
2025-06-04 07:13:22,254 [INFO] - No command received or error in listening.
2025-06-04 07:13:22,271 [WARNING] - Audio input error (OSError): No Default Input Device Available - Likely no microphone in sandbox.
2025-06-04 07:13:22,271 [INFO] - No command received or error in listening.
2025-06-04 07:13:22,288 [WARNING] - Audio input error (OSError): No Default Input Device Available - Likely no microphone in sandbox.
2025-06-04 07:13:22,288 [INFO] - No command received or error in listening.
2025-06-04 07:13:22,306 [WARNING] - Audio input error (OSError): No Default Input Device Available - Likely no microphone in sandbox.
2025-06-04 07:13:22,306 [INFO] - No command received or error in listening.
2025-06-04 07:13:22,323 [WARNING] - Audio input error (OSError): No Default Input Device Available - Likely no microphone in sandbox.
2025-06-04 07:13:22,323 [INFO] - No command received or error in listening.
2025-06-04 07:13:22,340 [WARNING] - Audio input error (OSError): No Default Input Device Available - Likely no microphone in sandbox.
2025-06-04 07:13:22,341 [INFO] - No command received or error in listening.
2025-06-04 07:13:22,358 [WARNING] - Audio input error (OSError): No Default Input Device Available - Likely no microphone in sandbox.
2025-06-04 07:13:22,358 [INFO] - No command received or error in listening.
2025-06-04 07:13:22,376 [WARNING] - Audio input error (OSError): No Default Input Device Available - Likely no microphone in sandbox.
2025-06-04 07:13:22,376 [INFO] - No command received or error in listening.
2025-06-04 07:13:22,393 [WARNING] - Audio input error (OSError): No Default Input Device Available - Likely no microphone in sandbox.
2025-06-04 07:13:22,393 [INFO] - No command received or error in listening.
2025-06-04 07:13:22,410 [WARNING] - Audio input error (OSError): No Default Input Device Available - Likely no microphone in sandbox.
2025-06-04 07:13:22,411 [INFO] - No command received or error in listening.
2025-06-04 07:13:22,428 [WARNING] - Audio input error (OSError): No Default Input Device Available - Likely no microphone in sandbox.
2025-06-04 07:13:22,428 [INFO] - No command received or error in listening.
2025-06-04 07:13:22,445 [WARNING] - Audio input error (OSError): No Default Input Device Available - Likely no microphone in sandbox.
2025-06-04 07:13:22,445 [INFO] - No command received or error in listening.
2025-06-04 07:13:22,463 [WARNING] - Audio input error (OSError): No Default Input Device Available - Likely no microphone in sandbox.
2025-06-04 07:13:22,463 [INFO] - No command received or error in listening.
2025-06-04 07:13:22,480 [WARNING] - Audio input error (OSError): No Default Input Device Available - Likely no microphone in sandbox.
2025-06-04 07:13:22,480 [INFO] - No command received or error in listening.
2025-06-04 07:13:22,497 [WARNING] - Audio input error (OSError): No Default Input Device Available - Likely no microphone in sandbox.
2025-06-04 07:13:22,497 [INFO] - No command received or error in listening.
2025-06-04 07:13:22,515 [WARNING] - Audio input error (OSError): No Default Input Device Available - Likely no microphone in sandbox.
2025-06-04 07:13:22,515 [INFO] - No command received or error in listening.
2025-06-04 07:13:22,532 [WARNING] - Audio input error (OSError): No Default Input Device Available - Likely no microphone in sandbox.
2025-06-04 07:13:22,532 [INFO] - No command received or error in listening.
2025-06-04 07:13:22,549 [WARNING] - Audio input error (OSError): No Default Input Device Available - Likely no microphone in sandbox.
2025-06-04 07:13:22,550 [INFO] - No command received or error in listening.
2025-06-04 07:13:22,567 [WARNING] - Audio input error (OSError): No Default Input Device Available - Likely no microphone in sandbox.
2025-06-04 07:13:22,567 [INFO] - No command received or error in listening.
2025-06-04 07:13:22,584 [WARNING] - Audio input error (OSError): No Default Input Device Available - Likely no microphone in sandbox.
2025-06-04 07:13:22,584 [INFO] - No command received or error in listening.
2025-06-04 07:13:22,602 [WARNING] - Audio input error (OSError): No Default Input Device Available - Likely no microphone in sandbox.
2025-06-04 07:13:22,602 [INFO] - No command received or error in listening.
2025-06-04 07:13:22,619 [WARNING] - Audio input error (OSError): No Default Input Device Available - Likely no microphone in sandbox.
2025-06-04 07:13:22,619 [INFO] - No command received or error in listening.
2025-06-04 07:13:22,637 [WARNING] - Audio input error (OSError): No Default Input Device Available - Likely no microphone in sandbox.
2025-06-04 07:13:22,637 [INFO] - No command received or error in listening.
2025-06-04 07:13:22,654 [WARNING] - Audio input error (OSError): No Default Input Device Available - Likely no microphone in sandbox.
2025-06-04 07:13:22,654 [INFO] - No command received or error in listening.
2025-06-04 07:13:22,672 [WARNING] - Audio input error (OSError): No Default Input Device Available - Likely no microphone in sandbox.
2025-06-04 07:13:22,672 [INFO] - No command received or error in listening.
2025-06-04 07:13:22,689 [WARNING] - Audio input error (OSError): No Default Input Device Available - Likely no microphone in sandbox.
2025-06-04 07:13:22,689 [INFO] - No command received or error in listening.
2025-06-04 07:13:22,706 [WARNING] - Audio input error (OSError): No Default Input Device Available - Likely no microphone in sandbox.
2025-06-04 07:13:22,707 [INFO] - No command received or error in listening.
2025-06-04 07:13:22,724 [WARNING] - Audio input error (OSError): No Default Input Device Available - Likely no microphone in sandbox.
2025-06-04 07:13:22,724 [INFO] - No command received or error in listening.
2025-06-04 07:13:22,741 [WARNING] - Audio input error (OSError): No Default Input Device Available - Likely no microphone in sandbox.
2025-06-04 07:13:22,742 [INFO] - No command received or error in listening.
2025-06-04 07:13:22,759 [WARNING] - Audio input error (OSError): No Default Input Device Available - Likely no microphone in sandbox.
2025-06-04 07:13:22,759 [INFO] - No command received or error in listening.
2025-06-04 07:13:22,776 [WARNING] - Audio input error (OSError): No Default Input Device Available - Likely no microphone in sandbox.
2025-06-04 07:13:22,776 [INFO] - No command received or error in listening.
2025-06-04 07:13:22,793 [WARNING] - Audio input error (OSError): No Default Input Device Available - Likely no microphone in sandbox.
2025-06-04 07:13:22,794 [INFO] - No command received or error in listening.
2025-06-04 07:13:22,811 [WARNING] - Audio input error (OSError): No Default Input Device Available - Likely no microphone in sandbox.
2025-06-04 07:13:22,811 [INFO] - No command received or error in listening.
2025-06-04 07:13:22,828 [WARNING] - Audio input error (OSError): No Default Input Device Available - Likely no microphone in sandbox.
2025-06-04 07:13:22,828 [INFO] - No command received or error in listening.
2025-06-04 07:13:22,846 [WARNING] - Audio input error (OSError): No Default Input Device Available - Likely no microphone in sandbox.
2025-06-04 07:13:22,846 [INFO] - No command received or error in listening.
2025-06-04 07:13:22,863 [WARNING] - Audio input error (OSError): No Default Input Device Available - Likely no microphone in sandbox.
2025-06-04 07:13:22,863 [INFO] - No command received or error in listening.
2025-06-04 07:13:22,881 [WARNING] - Audio input error (OSError): No Default Input Device Available - Likely no microphone in sandbox.
2025-06-04 07:13:22,881 [INFO] - No command received or error in listening.
2025-06-04 07:13:22,898 [WARNING] - Audio input error (OSError): No Default Input Device Available - Likely no microphone in sandbox.
2025-06-04 07:13:22,898 [INFO] - No command received or error in listening.
2025-06-04 07:13:22,916 [WARNING] - Audio input error (OSError): No Default Input Device Available - Likely no microphone in sandbox.
2025-06-04 07:13:22,916 [INFO] - No command received or error in listening.
2025-06-04 07:13:22,933 [WARNING] - Audio input error (OSError): No Default Input Device Available - Likely no microphone in sandbox.
2025-06-04 07:13:22,934 [INFO] - No command received or error in listening.
2025-06-04 07:13:22,951 [WARNING] - Audio input error (OSError): No Default Input Device Available - Likely no microphone in sandbox.
2025-06-04 07:13:22,951 [INFO] - No command received or error in listening.
2025-06-04 07:13:22,968 [WARNING] - Audio input error (OSError): No Default Input Device Available - Likely no microphone in sandbox.
2025-06-04 07:13:22,968 [INFO] - No command received or error in listening.
2025-06-04 07:13:22,986 [WARNING] - Audio input error (OSError): No Default Input Device Available - Likely no microphone in sandbox.
2025-06-04 07:13:22,986 [INFO] - No command received or error in listening.
2025-06-04 07:13:23,003 [WARNING] - Audio input error (OSError): No Default Input Device Available - Likely no microphone in sandbox.
2025-06-04 07:13:23,004 [INFO] - No command received or error in listening.
2025-06-04 07:13:23,021 [WARNING] - Audio input error (OSError): No Default Input Device Available - Likely no microphone in sandbox.
2025-06-04 07:13:23,021 [INFO] - No command received or error in listening.
2025-06-04 07:13:23,038 [WARNING] - Audio input error (OSError): No Default Input Device Available - Likely no microphone in sandbox.
2025-06-04 07:13:23,039 [INFO] - No command received or error in listening.
2025-06-04 07:13:23,056 [WARNING] - Audio input error (OSError): No Default Input Device Available - Likely no microphone in sandbox.
2025-06-04 07:13:23,056 [INFO] - No command received or error in listening.
2025-06-04 07:13:23,074 [WARNING] - Audio input error (OSError): No Default Input Device Available - Likely no microphone in sandbox.
2025-06-04 07:13:23,074 [INFO] - No command received or error in listening.
2025-06-04 07:13:23,091 [WARNING] - Audio input error (OSError): No Default Input Device Available - Likely no microphone in sandbox.
2025-06-04 07:13:23,091 [INFO] - No command received or error in listening.
2025-06-04 07:13:23,109 [WARNING] - Audio input error (OSError): No Default Input Device Available - Likely no microphone in sandbox.
2025-06-04 07:13:23,109 [INFO] - No command received or error in listening.
2025-06-04 07:13:23,126 [WARNING] - Audio input error (OSError): No Default Input Device Available - Likely no microphone in sandbox.
2025-06-04 07:13:23,126 [INFO] - No command received or error in listening.
2025-06-04 07:13:23,144 [WARNING] - Audio input error (OSError): No Default Input Device Available - Likely no microphone in sandbox.
2025-06-04 07:13:23,144 [INFO] - No command received or error in listening.
2025-06-04 07:13:23,161 [WARNING] - Audio input error (OSError): No Default Input Device Available - Likely no microphone in sandbox.
2025-06-04 07:13:23,162 [INFO] - No command received or error in listening.
2025-06-04 07:13:23,179 [WARNING] - Audio input error (OSError): No Default Input Device Available - Likely no microphone in sandbox.
2025-06-04 07:13:23,180 [INFO] - No command received or error in listening.
2025-06-04 07:13:23,197 [WARNING] - Audio input error (OSError): No Default Input Device Available - Likely no microphone in sandbox.
2025-06-04 07:13:23,197 [INFO] - No command received or error in listening.
2025-06-04 07:13:23,215 [WARNING] - Audio input error (OSError): No Default Input Device Available - Likely no microphone in sandbox.
2025-06-04 07:13:23,215 [INFO] - No command received or error in listening.
2025-06-04 07:13:23,232 [WARNING] - Audio input error (OSError): No Default Input Device Available - Likely no microphone in sandbox.
2025-06-04 07:13:23,232 [INFO] - No command received or error in listening.
2025-06-04 07:13:23,249 [WARNING] - Audio input error (OSError): No Default Input Device Available - Likely no microphone in sandbox.
2025-06-04 07:13:23,250 [INFO] - No command received or error in listening.
2025-06-04 07:13:23,267 [WARNING] - Audio input error (OSError): No Default Input Device Available - Likely no microphone in sandbox.
2025-06-04 07:13:23,267 [INFO] - No command received or error in listening.
2025-06-04 07:13:23,284 [WARNING] - Audio input error (OSError): No Default Input Device Available - Likely no microphone in sandbox.
2025-06-04 07:13:23,285 [INFO] - No command received or error in listening.
2025-06-04 07:13:23,302 [WARNING] - Audio input error (OSError): No Default Input Device Available - Likely no microphone in sandbox.
2025-06-04 07:13:23,302 [INFO] - No command received or error in listening.
2025-06-04 07:13:23,319 [WARNING] - Audio input error (OSError): No Default Input Device Available - Likely no microphone in sandbox.
2025-06-04 07:13:23,320 [INFO] - No command received or error in listening.
2025-06-04 07:13:23,337 [WARNING] - Audio input error (OSError): No Default Input Device Available - Likely no microphone in sandbox.
2025-06-04 07:13:23,337 [INFO] - No command received or error in listening.
2025-06-04 07:13:23,355 [WARNING] - Audio input error (OSError): No Default Input Device Available - Likely no microphone in sandbox.
2025-06-04 07:13:23,355 [INFO] - No command received or error in listening.
2025-06-04 07:13:23,372 [WARNING] - Audio input error (OSError): No Default Input Device Available - Likely no microphone in sandbox.
2025-06-04 07:13:23,372 [INFO] - No command received or error in listening.
2025-06-04 07:13:23,390 [WARNING] - Audio input error (OSError): No Default Input Device Available - Likely no microphone in sandbox.
2025-06-04 07:13:23,390 [INFO] - No command received or error in listening.
2025-06-04 07:13:23,408 [WARNING] - Audio input error (OSError): No Default Input Device Available - Likely no microphone in sandbox.
2025-06-04 07:13:23,408 [INFO] - No command received or error in listening.
2025-06-04 07:13:23,425 [WARNING] - Audio input error (OSError): No Default Input Device Available - Likely no microphone in sandbox.
2025-06-04 07:13:23,425 [INFO] - No command received or error in listening.
2025-06-04 07:13:23,443 [WARNING] - Audio input error (OSError): No Default Input Device Available - Likely no microphone in sandbox.
2025-06-04 07:13:23,443 [INFO] - No command received or error in listening.
2025-06-04 07:13:23,460 [WARNING] - Audio input error (OSError): No Default Input Device Available - Likely no microphone in sandbox.
2025-06-04 07:13:23,460 [INFO] - No command received or error in listening.
2025-06-04 07:13:23,478 [WARNING] - Audio input error (OSError): No Default Input Device Available - Likely no microphone in sandbox.
2025-06-04 07:13:23,478 [INFO] - No command received or error in listening.
2025-06-04 07:13:23,496 [WARNING] - Audio input error (OSError): No Default Input Device Available - Likely no microphone in sandbox.
2025-06-04 07:13:23,496 [INFO] - No command received or error in listening.
2025-06-04 07:13:23,513 [WARNING] - Audio input error (OSError): No Default Input Device Available - Likely no microphone in sandbox.
2025-06-04 07:13:23,513 [INFO] - No command received or error in listening.
2025-06-04 07:13:23,531 [WARNING] - Audio input error (OSError): No Default Input Device Available - Likely no microphone in sandbox.
2025-06-04 07:13:23,531 [INFO] - No command received or error in listening.
2025-06-04 07:13:23,548 [WARNING] - Audio input error (OSError): No Default Input Device Available - Likely no microphone in sandbox.
2025-06-04 07:13:23,548 [INFO] - No command received or error in listening.
2025-06-04 07:13:23,566 [WARNING] - Audio input error (OSError): No Default Input Device Available - Likely no microphone in sandbox.
2025-06-04 07:13:23,566 [INFO] - No command received or error in listening.
2025-06-04 07:13:23,583 [WARNING] - Audio input error (OSError): No Default Input Device Available - Likely no microphone in sandbox.
2025-06-04 07:13:23,583 [INFO] - No command received or error in listening.
2025-06-04 07:13:23,601 [WARNING] - Audio input error (OSError): No Default Input Device Available - Likely no microphone in sandbox.
2025-06-04 07:13:23,601 [INFO] - No command received or error in listening.
2025-06-04 07:13:23,618 [WARNING] - Audio input error (OSError): No Default Input Device Available - Likely no microphone in sandbox.
2025-06-04 07:13:23,618 [INFO] - No command received or error in listening.
2025-06-04 07:13:23,636 [WARNING] - Audio input error (OSError): No Default Input Device Available - Likely no microphone in sandbox.
2025-06-04 07:13:23,636 [INFO] - No command received or error in listening.
2025-06-04 07:13:23,653 [WARNING] - Audio input error (OSError): No Default Input Device Available - Likely no microphone in sandbox.
2025-06-04 07:13:23,653 [INFO] - No command received or error in listening.
2025-06-04 07:13:23,671 [WARNING] - Audio input error (OSError): No Default Input Device Available - Likely no microphone in sandbox.
2025-06-04 07:13:23,671 [INFO] - No command received or error in listening.
2025-06-04 07:13:23,688 [WARNING] - Audio input error (OSError): No Default Input Device Available - Likely no microphone in sandbox.
2025-06-04 07:13:23,688 [INFO] - No command received or error in listening.
2025-06-04 07:13:23,706 [WARNING] - Audio input error (OSError): No Default Input Device Available - Likely no microphone in sandbox.
2025-06-04 07:13:23,706 [INFO] - No command received or error in listening.
2025-06-04 07:13:23,723 [WARNING] - Audio input error (OSError): No Default Input Device Available - Likely no microphone in sandbox.
2025-06-04 07:13:23,723 [INFO] - No command received or error in listening.
2025-06-04 07:13:23,740 [WARNING] - Audio input error (OSError): No Default Input Device Available - Likely no microphone in sandbox.
2025-06-04 07:13:23,740 [INFO] - No command received or error in listening.
2025-06-04 07:13:23,758 [WARNING] - Audio input error (OSError): No Default Input Device Available - Likely no microphone in sandbox.
2025-06-04 07:13:23,758 [INFO] - No command received or error in listening.
2025-06-04 07:13:23,775 [WARNING] - Audio input error (OSError): No Default Input Device Available - Likely no microphone in sandbox.
2025-06-04 07:13:23,775 [INFO] - No command received or error in listening.
2025-06-04 07:13:23,792 [WARNING] - Audio input error (OSError): No Default Input Device Available - Likely no microphone in sandbox.
2025-06-04 07:13:23,793 [INFO] - No command received or error in listening.
2025-06-04 07:13:23,810 [WARNING] - Audio input error (OSError): No Default Input Device Available - Likely no microphone in sandbox.
2025-06-04 07:13:23,810 [INFO] - No command received or error in listening.
2025-06-04 07:13:23,828 [WARNING] - Audio input error (OSError): No Default Input Device Available - Likely no microphone in sandbox.
2025-06-04 07:13:23,828 [INFO] - No command received or error in listening.
2025-06-04 07:13:23,845 [WARNING] - Audio input error (OSError): No Default Input Device Available - Likely no microphone in sandbox.
2025-06-04 07:13:23,846 [INFO] - No command received or error in listening.
2025-06-04 07:13:23,863 [WARNING] - Audio input error (OSError): No Default Input Device Available - Likely no microphone in sandbox.
2025-06-04 07:13:23,863 [INFO] - No command received or error in listening.
2025-06-04 07:13:23,880 [WARNING] - Audio input error (OSError): No Default Input Device Available - Likely no microphone in sandbox.
2025-06-04 07:13:23,881 [INFO] - No command received or error in listening.
2025-06-04 07:13:23,898 [WARNING] - Audio input error (OSError): No Default Input Device Available - Likely no microphone in sandbox.
2025-06-04 07:13:23,898 [INFO] - No command received or error in listening.
2025-06-04 07:13:23,915 [WARNING] - Audio input error (OSError): No Default Input Device Available - Likely no microphone in sandbox.
2025-06-04 07:13:23,916 [INFO] - No command received or error in listening.
2025-06-04 07:13:23,933 [WARNING] - Audio input error (OSError): No Default Input Device Available - Likely no microphone in sandbox.
2025-06-04 07:13:23,933 [INFO] - No command received or error in listening.
2025-06-04 07:13:23,950 [WARNING] - Audio input error (OSError): No Default Input Device Available - Likely no microphone in sandbox.
2025-06-04 07:13:23,951 [INFO] - No command received or error in listening.
2025-06-04 07:13:23,968 [WARNING] - Audio input error (OSError): No Default Input Device Available - Likely no microphone in sandbox.
2025-06-04 07:13:23,968 [INFO] - No command received or error in listening.
2025-06-04 07:13:23,985 [WARNING] - Audio input error (OSError): No Default Input Device Available - Likely no microphone in sandbox.
2025-06-04 07:13:23,986 [INFO] - No command received or error in listening.
2025-06-04 07:13:24,003 [WARNING] - Audio input error (OSError): No Default Input Device Available - Likely no microphone in sandbox.
2025-06-04 07:13:24,003 [INFO] - No command received or error in listening.
2025-06-04 07:13:24,020 [WARNING] - Audio input error (OSError): No Default Input Device Available - Likely no microphone in sandbox.
2025-06-04 07:13:24,020 [INFO] - No command received or error in listening.
2025-06-04 07:13:24,038 [WARNING] - Audio input error (OSError): No Default Input Device Available - Likely no microphone in sandbox.
2025-06-04 07:13:24,038 [INFO] - No command received or error in listening.
2025-06-04 07:13:24,055 [WARNING] - Audio input error (OSError): No Default Input Device Available - Likely no microphone in sandbox.
2025-06-04 07:13:24,056 [INFO] - No command received or error in listening.
2025-06-04 07:13:24,073 [WARNING] - Audio input error (OSError): No Default Input Device Available - Likely no microphone in sandbox.
2025-06-04 07:13:24,073 [INFO] - No command received or error in listening.
2025-06-04 07:13:24,090 [WARNING] - Audio input error (OSError): No Default Input Device Available - Likely no microphone in sandbox.
2025-06-04 07:13:24,090 [INFO] - No command received or error in listening.
2025-06-04 07:13:24,108 [WARNING] - Audio input error (OSError): No Default Input Device Available - Likely no microphone in sandbox.
2025-06-04 07:13:24,108 [INFO] - No command received or error in listening.
2025-06-04 07:13:24,125 [WARNING] - Audio input error (OSError): No Default Input Device Available - Likely no microphone in sandbox.
2025-06-04 07:13:24,125 [INFO] - No command received or error in listening.
2025-06-04 07:13:24,142 [WARNING] - Audio input error (OSError): No Default Input Device Available - Likely no microphone in sandbox.
2025-06-04 07:13:24,143 [INFO] - No command received or error in listening.
2025-06-04 07:13:24,160 [WARNING] - Audio input error (OSError): No Default Input Device Available - Likely no microphone in sandbox.
2025-06-04 07:13:24,160 [INFO] - No command received or error in listening.
2025-06-04 07:13:24,177 [WARNING] - Audio input error (OSError): No Default Input Device Available - Likely no microphone in sandbox.
2025-06-04 07:13:24,178 [INFO] - No command received or error in listening.
2025-06-04 07:13:24,195 [WARNING] - Audio input error (OSError): No Default Input Device Available - Likely no microphone in sandbox.
2025-06-04 07:13:24,195 [INFO] - No command received or error in listening.
2025-06-04 07:13:24,212 [WARNING] - Audio input error (OSError): No Default Input Device Available - Likely no microphone in sandbox.
2025-06-04 07:13:24,212 [INFO] - No command received or error in listening.
2025-06-04 07:13:24,229 [WARNING] - Audio input error (OSError): No Default Input Device Available - Likely no microphone in sandbox.
2025-06-04 07:13:24,230 [INFO] - No command received or error in listening.
2025-06-04 07:13:24,247 [WARNING] - Audio input error (OSError): No Default Input Device Available - Likely no microphone in sandbox.
2025-06-04 07:13:24,247 [INFO] - No command received or error in listening.
2025-06-04 07:13:24,264 [WARNING] - Audio input error (OSError): No Default Input Device Available - Likely no microphone in sandbox.
2025-06-04 07:13:24,264 [INFO] - No command received or error in listening.
2025-06-04 07:13:24,282 [WARNING] - Audio input error (OSError): No Default Input Device Available - Likely no microphone in sandbox.
2025-06-04 07:13:24,282 [INFO] - No command received or error in listening.
2025-06-04 07:13:24,299 [WARNING] - Audio input error (OSError): No Default Input Device Available - Likely no microphone in sandbox.
2025-06-04 07:13:24,299 [INFO] - No command received or error in listening.
2025-06-04 07:13:24,316 [WARNING] - Audio input error (OSError): No Default Input Device Available - Likely no microphone in sandbox.
2025-06-04 07:13:24,317 [INFO] - No command received or error in listening.
2025-06-04 07:13:24,334 [WARNING] - Audio input error (OSError): No Default Input Device Available - Likely no microphone in sandbox.
2025-06-04 07:13:24,334 [INFO] - No command received or error in listening.
2025-06-04 07:13:24,351 [WARNING] - Audio input error (OSError): No Default Input Device Available - Likely no microphone in sandbox.
2025-06-04 07:13:24,351 [INFO] - No command received or error in listening.
2025-06-04 07:13:24,369 [WARNING] - Audio input error (OSError): No Default Input Device Available - Likely no microphone in sandbox.
2025-06-04 07:13:24,369 [INFO] - No command received or error in listening.
2025-06-04 07:13:24,386 [WARNING] - Audio input error (OSError): No Default Input Device Available - Likely no microphone in sandbox.
2025-06-04 07:13:24,386 [INFO] - No command received or error in listening.
2025-06-04 07:13:24,403 [WARNING] - Audio input error (OSError): No Default Input Device Available - Likely no microphone in sandbox.
2025-06-04 07:13:24,403 [INFO] - No command received or error in listening.
2025-06-04 07:13:24,421 [WARNING] - Audio input error (OSError): No Default Input Device Available - Likely no microphone in sandbox.
2025-06-04 07:13:24,421 [INFO] - No command received or error in listening.
2025-06-04 07:13:24,440 [WARNING] - Audio input error (OSError): No Default Input Device Available - Likely no microphone in sandbox.
2025-06-04 07:13:24,441 [INFO] - No command received or error in listening.
2025-06-04 07:13:24,461 [WARNING] - Audio input error (OSError): No Default Input Device Available - Likely no microphone in sandbox.
2025-06-04 07:13:24,461 [INFO] - No command received or error in listening.
2025-06-04 07:13:24,481 [WARNING] - Audio input error (OSError): No Default Input Device Available - Likely no microphone in sandbox.
2025-06-04 07:13:24,481 [INFO] - No command received or error in listening.
2025-06-04 07:13:24,501 [WARNING] - Audio input error (OSError): No Default Input Device Available - Likely no microphone in sandbox.
2025-06-04 07:13:24,501 [INFO] - No command received or error in listening.
2025-06-04 07:13:24,521 [WARNING] - Audio input error (OSError): No Default Input Device Available - Likely no microphone in sandbox.
2025-06-04 07:13:24,522 [INFO] - No command received or error in listening.
2025-06-04 07:13:24,542 [WARNING] - Audio input error (OSError): No Default Input Device Available - Likely no microphone in sandbox.
2025-06-04 07:13:24,542 [INFO] - No command received or error in listening.
2025-06-04 07:13:24,562 [WARNING] - Audio input error (OSError): No Default Input Device Available - Likely no microphone in sandbox.
2025-06-04 07:13:24,562 [INFO] - No command received or error in listening.
2025-06-04 07:13:24,581 [WARNING] - Audio input error (OSError): No Default Input Device Available - Likely no microphone in sandbox.
2025-06-04 07:13:24,582 [INFO] - No command received or error in listening.
2025-06-04 07:13:24,599 [WARNING] - Audio input error (OSError): No Default Input Device Available - Likely no microphone in sandbox.
2025-06-04 07:13:24,599 [INFO] - No command received or error in listening.
2025-06-04 07:13:24,616 [WARNING] - Audio input error (OSError): No Default Input Device Available - Likely no microphone in sandbox.
2025-06-04 07:13:24,616 [INFO] - No command received or error in listening.
2025-06-04 07:13:24,634 [WARNING] - Audio input error (OSError): No Default Input Device Available - Likely no microphone in sandbox.
2025-06-04 07:13:24,634 [INFO] - No command received or error in listening.
2025-06-04 07:13:24,652 [WARNING] - Audio input error (OSError): No Default Input Device Available - Likely no microphone in sandbox.
2025-06-04 07:13:24,652 [INFO] - No command received or error in listening.
2025-06-04 07:13:24,669 [WARNING] - Audio input error (OSError): No Default Input Device Available - Likely no microphone in sandbox.
2025-06-04 07:13:24,669 [INFO] - No command received or error in listening.
2025-06-04 07:13:24,687 [WARNING] - Audio input error (OSError): No Default Input Device Available - Likely no microphone in sandbox.
2025-06-04 07:13:24,687 [INFO] - No command received or error in listening.
2025-06-04 07:13:24,704 [WARNING] - Audio input error (OSError): No Default Input Device Available - Likely no microphone in sandbox.
2025-06-04 07:13:24,704 [INFO] - No command received or error in listening.
2025-06-04 07:13:24,721 [WARNING] - Audio input error (OSError): No Default Input Device Available - Likely no microphone in sandbox.
2025-06-04 07:13:24,722 [INFO] - No command received or error in listening.
2025-06-04 07:13:24,739 [WARNING] - Audio input error (OSError): No Default Input Device Available - Likely no microphone in sandbox.
2025-06-04 07:13:24,739 [INFO] - No command received or error in listening.
2025-06-04 07:13:24,756 [WARNING] - Audio input error (OSError): No Default Input Device Available - Likely no microphone in sandbox.
2025-06-04 07:13:24,756 [INFO] - No command received or error in listening.
2025-06-04 07:13:24,774 [WARNING] - Audio input error (OSError): No Default Input Device Available - Likely no microphone in sandbox.
2025-06-04 07:13:24,774 [INFO] - No command received or error in listening.
2025-06-04 07:13:24,791 [WARNING] - Audio input error (OSError): No Default Input Device Available - Likely no microphone in sandbox.
2025-06-04 07:13:24,791 [INFO] - No command received or error in listening.
2025-06-04 07:13:24,809 [WARNING] - Audio input error (OSError): No Default Input Device Available - Likely no microphone in sandbox.
2025-06-04 07:13:24,809 [INFO] - No command received or error in listening.
2025-06-04 07:13:24,826 [WARNING] - Audio input error (OSError): No Default Input Device Available - Likely no microphone in sandbox.
2025-06-04 07:13:24,826 [INFO] - No command received or error in listening.
2025-06-04 07:13:24,843 [WARNING] - Audio input error (OSError): No Default Input Device Available - Likely no microphone in sandbox.
2025-06-04 07:13:24,843 [INFO] - No command received or error in listening.
2025-06-04 07:13:24,860 [WARNING] - Audio input error (OSError): No Default Input Device Available - Likely no microphone in sandbox.
2025-06-04 07:13:24,861 [INFO] - No command received or error in listening.
2025-06-04 07:13:24,878 [WARNING] - Audio input error (OSError): No Default Input Device Available - Likely no microphone in sandbox.
2025-06-04 07:13:24,878 [INFO] - No command received or error in listening.
2025-06-04 07:13:24,895 [WARNING] - Audio input error (OSError): No Default Input Device Available - Likely no microphone in sandbox.
2025-06-04 07:13:24,895 [INFO] - No command received or error in listening.
2025-06-04 07:13:24,912 [WARNING] - Audio input error (OSError): No Default Input Device Available - Likely no microphone in sandbox.
2025-06-04 07:13:24,912 [INFO] - No command received or error in listening.
2025-06-04 07:13:24,930 [WARNING] - Audio input error (OSError): No Default Input Device Available - Likely no microphone in sandbox.
2025-06-04 07:13:24,930 [INFO] - No command received or error in listening.
2025-06-04 07:13:24,948 [WARNING] - Audio input error (OSError): No Default Input Device Available - Likely no microphone in sandbox.
2025-06-04 07:13:24,948 [INFO] - No command received or error in listening.
2025-06-04 07:13:24,965 [WARNING] - Audio input error (OSError): No Default Input Device Available - Likely no microphone in sandbox.
2025-06-04 07:13:24,966 [INFO] - No command received or error in listening.
2025-06-04 07:13:24,983 [WARNING] - Audio input error (OSError): No Default Input Device Available - Likely no microphone in sandbox.
2025-06-04 07:13:24,983 [INFO] - No command received or error in listening.
2025-06-04 07:13:25,000 [WARNING] - Audio input error (OSError): No Default Input Device Available - Likely no microphone in sandbox.
2025-06-04 07:13:25,000 [INFO] - No command received or error in listening.
2025-06-04 07:13:25,017 [WARNING] - Audio input error (OSError): No Default Input Device Available - Likely no microphone in sandbox.
2025-06-04 07:13:25,018 [INFO] - No command received or error in listening.
2025-06-04 07:13:25,035 [WARNING] - Audio input error (OSError): No Default Input Device Available - Likely no microphone in sandbox.
2025-06-04 07:13:25,035 [INFO] - No command received or error in listening.
2025-06-04 07:13:25,052 [WARNING] - Audio input error (OSError): No Default Input Device Available - Likely no microphone in sandbox.
2025-06-04 07:13:25,052 [INFO] - No command received or error in listening.
2025-06-04 07:13:25,070 [WARNING] - Audio input error (OSError): No Default Input Device Available - Likely no microphone in sandbox.
2025-06-04 07:13:25,070 [INFO] - No command received or error in listening.
2025-06-04 07:13:25,087 [WARNING] - Audio input error (OSError): No Default Input Device Available - Likely no microphone in sandbox.
2025-06-04 07:13:25,087 [INFO] - No command received or error in listening.
2025-06-04 07:13:25,104 [WARNING] - Audio input error (OSError): No Default Input Device Available - Likely no microphone in sandbox.
2025-06-04 07:13:25,105 [INFO] - No command received or error in listening.
2025-06-04 07:13:25,122 [WARNING] - Audio input error (OSError): No Default Input Device Available - Likely no microphone in sandbox.
2025-06-04 07:13:25,122 [INFO] - No command received or error in listening.
2025-06-04 07:13:25,140 [WARNING] - Audio input error (OSError): No Default Input Device Available - Likely no microphone in sandbox.
2025-06-04 07:13:25,140 [INFO] - No command received or error in listening.
2025-06-04 07:13:25,157 [WARNING] - Audio input error (OSError): No Default Input Device Available - Likely no microphone in sandbox.
2025-06-04 07:13:25,157 [INFO] - No command received or error in listening.
2025-06-04 07:13:25,175 [WARNING] - Audio input error (OSError): No Default Input Device Available - Likely no microphone in sandbox.
2025-06-04 07:13:25,175 [INFO] - No command received or error in listening.
2025-06-04 07:13:25,192 [WARNING] - Audio input error (OSError): No Default Input Device Available - Likely no microphone in sandbox.
2025-06-04 07:13:25,192 [INFO] - No command received or error in listening.
2025-06-04 07:13:25,210 [WARNING] - Audio input error (OSError): No Default Input Device Available - Likely no microphone in sandbox.
2025-06-04 07:13:25,210 [INFO] - No command received or error in listening.
2025-06-04 07:13:25,227 [WARNING] - Audio input error (OSError): No Default Input Device Available - Likely no microphone in sandbox.
2025-06-04 07:13:25,227 [INFO] - No command received or error in listening.
2025-06-04 07:13:25,244 [WARNING] - Audio input error (OSError): No Default Input Device Available - Likely no microphone in sandbox.
2025-06-04 07:13:25,244 [INFO] - No command received or error in listening.
2025-06-04 07:13:25,262 [WARNING] - Audio input error (OSError): No Default Input Device Available - Likely no microphone in sandbox.
2025-06-04 07:13:25,262 [INFO] - No command received or error in listening.
2025-06-04 07:13:25,279 [WARNING] - Audio input error (OSError): No Default Input Device Available - Likely no microphone in sandbox.
2025-06-04 07:13:25,279 [INFO] - No command received or error in listening.
2025-06-04 07:13:25,296 [WARNING] - Audio input error (OSError): No Default Input Device Available - Likely no microphone in sandbox.
2025-06-04 07:13:25,297 [INFO] - No command received or error in listening.
2025-06-04 07:13:25,314 [WARNING] - Audio input error (OSError): No Default Input Device Available - Likely no microphone in sandbox.
2025-06-04 07:13:25,314 [INFO] - No command received or error in listening.
2025-06-04 07:13:25,331 [WARNING] - Audio input error (OSError): No Default Input Device Available - Likely no microphone in sandbox.
2025-06-04 07:13:25,331 [INFO] - No command received or error in listening.
2025-06-04 07:13:25,349 [WARNING] - Audio input error (OSError): No Default Input Device Available - Likely no microphone in sandbox.
2025-06-04 07:13:25,349 [INFO] - No command received or error in listening.
2025-06-04 07:13:25,366 [WARNING] - Audio input error (OSError): No Default Input Device Available - Likely no microphone in sandbox.
2025-06-04 07:13:25,366 [INFO] - No command received or error in listening.
2025-06-04 07:13:25,384 [WARNING] - Audio input error (OSError): No Default Input Device Available - Likely no microphone in sandbox.
2025-06-04 07:13:25,384 [INFO] - No command received or error in listening.
2025-06-04 07:13:25,401 [WARNING] - Audio input error (OSError): No Default Input Device Available - Likely no microphone in sandbox.
2025-06-04 07:13:25,401 [INFO] - No command received or error in listening.
2025-06-04 07:13:25,419 [WARNING] - Audio input error (OSError): No Default Input Device Available - Likely no microphone in sandbox.
2025-06-04 07:13:25,419 [INFO] - No command received or error in listening.
2025-06-04 07:13:25,436 [WARNING] - Audio input error (OSError): No Default Input Device Available - Likely no microphone in sandbox.
2025-06-04 07:13:25,436 [INFO] - No command received or error in listening.
2025-06-04 07:13:25,453 [WARNING] - Audio input error (OSError): No Default Input Device Available - Likely no microphone in sandbox.
2025-06-04 07:13:25,454 [INFO] - No command received or error in listening.
2025-06-04 07:13:25,471 [WARNING] - Audio input error (OSError): No Default Input Device Available - Likely no microphone in sandbox.
2025-06-04 07:13:25,471 [INFO] - No command received or error in listening.
2025-06-04 07:13:25,488 [WARNING] - Audio input error (OSError): No Default Input Device Available - Likely no microphone in sandbox.
2025-06-04 07:13:25,488 [INFO] - No command received or error in listening.
2025-06-04 07:13:25,505 [WARNING] - Audio input error (OSError): No Default Input Device Available - Likely no microphone in sandbox.
2025-06-04 07:13:25,506 [INFO] - No command received or error in listening.
2025-06-04 07:13:25,523 [WARNING] - Audio input error (OSError): No Default Input Device Available - Likely no microphone in sandbox.
2025-06-04 07:13:25,523 [INFO] - No command received or error in listening.
2025-06-04 07:13:25,540 [WARNING] - Audio input error (OSError): No Default Input Device Available - Likely no microphone in sandbox.
2025-06-04 07:13:25,541 [INFO] - No command received or error in listening.
2025-06-04 07:13:25,558 [WARNING] - Audio input error (OSError): No Default Input Device Available - Likely no microphone in sandbox.
2025-06-04 07:13:25,558 [INFO] - No command received or error in listening.
2025-06-04 07:13:25,575 [WARNING] - Audio input error (OSError): No Default Input Device Available - Likely no microphone in sandbox.
2025-06-04 07:13:25,575 [INFO] - No command received or error in listening.
2025-06-04 07:13:25,592 [WARNING] - Audio input error (OSError): No Default Input Device Available - Likely no microphone in sandbox.
2025-06-04 07:13:25,592 [INFO] - No command received or error in listening.
2025-06-04 07:13:25,609 [WARNING] - Audio input error (OSError): No Default Input Device Available - Likely no microphone in sandbox.
2025-06-04 07:13:25,609 [INFO] - No command received or error in listening.
2025-06-04 07:13:25,627 [WARNING] - Audio input error (OSError): No Default Input Device Available - Likely no microphone in sandbox.
2025-06-04 07:13:25,627 [INFO] - No command received or error in listening.
2025-06-04 07:13:25,644 [WARNING] - Audio input error (OSError): No Default Input Device Available - Likely no microphone in sandbox.
2025-06-04 07:13:25,644 [INFO] - No command received or error in listening.
2025-06-04 07:13:25,661 [WARNING] - Audio input error (OSError): No Default Input Device Available - Likely no microphone in sandbox.
2025-06-04 07:13:25,661 [INFO] - No command received or error in listening.
2025-06-04 07:13:25,678 [WARNING] - Audio input error (OSError): No Default Input Device Available - Likely no microphone in sandbox.
2025-06-04 07:13:25,678 [INFO] - No command received or error in listening.
2025-06-04 07:13:25,695 [WARNING] - Audio input error (OSError): No Default Input Device Available - Likely no microphone in sandbox.
2025-06-04 07:13:25,696 [INFO] - No command received or error in listening.
2025-06-04 07:13:25,713 [WARNING] - Audio input error (OSError): No Default Input Device Available - Likely no microphone in sandbox.
2025-06-04 07:13:25,713 [INFO] - No command received or error in listening.
2025-06-04 07:13:25,730 [WARNING] - Audio input error (OSError): No Default Input Device Available - Likely no microphone in sandbox.
2025-06-04 07:13:25,730 [INFO] - No command received or error in listening.
2025-06-04 07:13:25,747 [WARNING] - Audio input error (OSError): No Default Input Device Available - Likely no microphone in sandbox.
2025-06-04 07:13:25,747 [INFO] - No command received or error in listening.
2025-06-04 07:13:25,764 [WARNING] - Audio input error (OSError): No Default Input Device Available - Likely no microphone in sandbox.
2025-06-04 07:13:25,764 [INFO] - No command received or error in listening.
2025-06-04 07:13:25,781 [WARNING] - Audio input error (OSError): No Default Input Device Available - Likely no microphone in sandbox.
2025-06-04 07:13:25,781 [INFO] - No command received or error in listening.
2025-06-04 07:13:25,799 [WARNING] - Audio input error (OSError): No Default Input Device Available - Likely no microphone in sandbox.
2025-06-04 07:13:25,799 [INFO] - No command received or error in listening.
2025-06-04 07:13:25,816 [WARNING] - Audio input error (OSError): No Default Input Device Available - Likely no microphone in sandbox.
2025-06-04 07:13:25,816 [INFO] - No command received or error in listening.
2025-06-04 07:13:25,832 [WARNING] - Audio input error (OSError): No Default Input Device Available - Likely no microphone in sandbox.
2025-06-04 07:13:25,833 [INFO] - No command received or error in listening.
2025-06-04 07:13:25,850 [WARNING] - Audio input error (OSError): No Default Input Device Available - Likely no microphone in sandbox.
2025-06-04 07:13:25,850 [INFO] - No command received or error in listening.
2025-06-04 07:13:25,867 [WARNING] - Audio input error (OSError): No Default Input Device Available - Likely no microphone in sandbox.
2025-06-04 07:13:25,867 [INFO] - No command received or error in listening.
2025-06-04 07:13:25,884 [WARNING] - Audio input error (OSError): No Default Input Device Available - Likely no microphone in sandbox.
2025-06-04 07:13:25,884 [INFO] - No command received or error in listening.
2025-06-04 07:13:25,901 [WARNING] - Audio input error (OSError): No Default Input Device Available - Likely no microphone in sandbox.
2025-06-04 07:13:25,901 [INFO] - No command received or error in listening.
2025-06-04 07:13:25,919 [WARNING] - Audio input error (OSError): No Default Input Device Available - Likely no microphone in sandbox.
2025-06-04 07:13:25,919 [INFO] - No command received or error in listening.
2025-06-04 07:13:25,936 [WARNING] - Audio input error (OSError): No Default Input Device Available - Likely no microphone in sandbox.
2025-06-04 07:13:25,936 [INFO] - No command received or error in listening.
2025-06-04 07:13:25,953 [WARNING] - Audio input error (OSError): No Default Input Device Available - Likely no microphone in sandbox.
2025-06-04 07:13:25,953 [INFO] - No command received or error in listening.
2025-06-04 07:13:25,971 [WARNING] - Audio input error (OSError): No Default Input Device Available - Likely no microphone in sandbox.
2025-06-04 07:13:25,971 [INFO] - No command received or error in listening.
2025-06-04 07:13:25,988 [WARNING] - Audio input error (OSError): No Default Input Device Available - Likely no microphone in sandbox.
2025-06-04 07:13:25,988 [INFO] - No command received or error in listening.
2025-06-04 07:13:26,005 [WARNING] - Audio input error (OSError): No Default Input Device Available - Likely no microphone in sandbox.
2025-06-04 07:13:26,005 [INFO] - No command received or error in listening.
2025-06-04 07:13:26,022 [WARNING] - Audio input error (OSError): No Default Input Device Available - Likely no microphone in sandbox.
2025-06-04 07:13:26,023 [INFO] - No command received or error in listening.
2025-06-04 07:13:26,040 [WARNING] - Audio input error (OSError): No Default Input Device Available - Likely no microphone in sandbox.
2025-06-04 07:13:26,040 [INFO] - No command received or error in listening.
2025-06-04 07:13:26,057 [WARNING] - Audio input error (OSError): No Default Input Device Available - Likely no microphone in sandbox.
2025-06-04 07:13:26,058 [INFO] - No command received or error in listening.
2025-06-04 07:13:26,075 [WARNING] - Audio input error (OSError): No Default Input Device Available - Likely no microphone in sandbox.
2025-06-04 07:13:26,075 [INFO] - No command received or error in listening.
2025-06-04 07:13:26,092 [WARNING] - Audio input error (OSError): No Default Input Device Available - Likely no microphone in sandbox.
2025-06-04 07:13:26,092 [INFO] - No command received or error in listening.
2025-06-04 07:13:26,109 [WARNING] - Audio input error (OSError): No Default Input Device Available - Likely no microphone in sandbox.
2025-06-04 07:13:26,109 [INFO] - No command received or error in listening.
2025-06-04 07:13:26,127 [WARNING] - Audio input error (OSError): No Default Input Device Available - Likely no microphone in sandbox.
2025-06-04 07:13:26,127 [INFO] - No command received or error in listening.
2025-06-04 07:13:26,144 [WARNING] - Audio input error (OSError): No Default Input Device Available - Likely no microphone in sandbox.
2025-06-04 07:13:26,144 [INFO] - No command received or error in listening.
2025-06-04 07:13:26,161 [WARNING] - Audio input error (OSError): No Default Input Device Available - Likely no microphone in sandbox.
2025-06-04 07:13:26,161 [INFO] - No command received or error in listening.
2025-06-04 07:13:26,179 [WARNING] - Audio input error (OSError): No Default Input Device Available - Likely no microphone in sandbox.
2025-06-04 07:13:26,179 [INFO] - No command received or error in listening.
2025-06-04 07:13:26,196 [WARNING] - Audio input error (OSError): No Default Input Device Available - Likely no microphone in sandbox.
2025-06-04 07:13:26,196 [INFO] - No command received or error in listening.
2025-06-04 07:13:26,213 [WARNING] - Audio input error (OSError): No Default Input Device Available - Likely no microphone in sandbox.
2025-06-04 07:13:26,214 [INFO] - No command received or error in listening.
2025-06-04 07:13:26,231 [WARNING] - Audio input error (OSError): No Default Input Device Available - Likely no microphone in sandbox.
2025-06-04 07:13:26,231 [INFO] - No command received or error in listening.
2025-06-04 07:13:26,248 [WARNING] - Audio input error (OSError): No Default Input Device Available - Likely no microphone in sandbox.
2025-06-04 07:13:26,248 [INFO] - No command received or error in listening.
2025-06-04 07:13:26,266 [WARNING] - Audio input error (OSError): No Default Input Device Available - Likely no microphone in sandbox.
2025-06-04 07:13:26,266 [INFO] - No command received or error in listening.
2025-06-04 07:13:26,283 [WARNING] - Audio input error (OSError): No Default Input Device Available - Likely no microphone in sandbox.
2025-06-04 07:13:26,283 [INFO] - No command received or error in listening.
2025-06-04 07:13:26,300 [WARNING] - Audio input error (OSError): No Default Input Device Available - Likely no microphone in sandbox.
2025-06-04 07:13:26,300 [INFO] - No command received or error in listening.
2025-06-04 07:13:26,318 [WARNING] - Audio input error (OSError): No Default Input Device Available - Likely no microphone in sandbox.
2025-06-04 07:13:26,318 [INFO] - No command received or error in listening.
2025-06-04 07:13:26,335 [WARNING] - Audio input error (OSError): No Default Input Device Available - Likely no microphone in sandbox.
2025-06-04 07:13:26,335 [INFO] - No command received or error in listening.
2025-06-04 07:13:26,352 [WARNING] - Audio input error (OSError): No Default Input Device Available - Likely no microphone in sandbox.
2025-06-04 07:13:26,352 [INFO] - No command received or error in listening.
2025-06-04 07:13:26,370 [WARNING] - Audio input error (OSError): No Default Input Device Available - Likely no microphone in sandbox.
2025-06-04 07:13:26,370 [INFO] - No command received or error in listening.
2025-06-04 07:13:26,387 [WARNING] - Audio input error (OSError): No Default Input Device Available - Likely no microphone in sandbox.
2025-06-04 07:13:26,387 [INFO] - No command received or error in listening.
2025-06-04 07:13:26,404 [WARNING] - Audio input error (OSError): No Default Input Device Available - Likely no microphone in sandbox.
2025-06-04 07:13:26,405 [INFO] - No command received or error in listening.
2025-06-04 07:13:26,422 [WARNING] - Audio input error (OSError): No Default Input Device Available - Likely no microphone in sandbox.
2025-06-04 07:13:26,422 [INFO] - No command received or error in listening.
2025-06-04 07:13:26,439 [WARNING] - Audio input error (OSError): No Default Input Device Available - Likely no microphone in sandbox.
2025-06-04 07:13:26,439 [INFO] - No command received or error in listening.
2025-06-04 07:13:26,457 [WARNING] - Audio input error (OSError): No Default Input Device Available - Likely no microphone in sandbox.
2025-06-04 07:13:26,457 [INFO] - No command received or error in listening.
2025-06-04 07:13:26,474 [WARNING] - Audio input error (OSError): No Default Input Device Available - Likely no microphone in sandbox.
2025-06-04 07:13:26,474 [INFO] - No command received or error in listening.
2025-06-04 07:13:26,492 [WARNING] - Audio input error (OSError): No Default Input Device Available - Likely no microphone in sandbox.
2025-06-04 07:13:26,492 [INFO] - No command received or error in listening.
2025-06-04 07:13:26,509 [WARNING] - Audio input error (OSError): No Default Input Device Available - Likely no microphone in sandbox.
2025-06-04 07:13:26,509 [INFO] - No command received or error in listening.
2025-06-04 07:13:26,527 [WARNING] - Audio input error (OSError): No Default Input Device Available - Likely no microphone in sandbox.
2025-06-04 07:13:26,527 [INFO] - No command received or error in listening.
2025-06-04 07:13:26,544 [WARNING] - Audio input error (OSError): No Default Input Device Available - Likely no microphone in sandbox.
2025-06-04 07:13:26,544 [INFO] - No command received or error in listening.
2025-06-04 07:13:26,561 [WARNING] - Audio input error (OSError): No Default Input Device Available - Likely no microphone in sandbox.
2025-06-04 07:13:26,562 [INFO] - No command received or error in listening.
2025-06-04 07:13:26,579 [WARNING] - Audio input error (OSError): No Default Input Device Available - Likely no microphone in sandbox.
2025-06-04 07:13:26,579 [INFO] - No command received or error in listening.
2025-06-04 07:13:26,597 [WARNING] - Audio input error (OSError): No Default Input Device Available - Likely no microphone in sandbox.
2025-06-04 07:13:26,597 [INFO] - No command received or error in listening.
2025-06-04 07:13:26,614 [WARNING] - Audio input error (OSError): No Default Input Device Available - Likely no microphone in sandbox.
2025-06-04 07:13:26,614 [INFO] - No command received or error in listening.
2025-06-04 07:13:26,631 [WARNING] - Audio input error (OSError): No Default Input Device Available - Likely no microphone in sandbox.
2025-06-04 07:13:26,631 [INFO] - No command received or error in listening.
2025-06-04 07:13:26,648 [WARNING] - Audio input error (OSError): No Default Input Device Available - Likely no microphone in sandbox.
2025-06-04 07:13:26,648 [INFO] - No command received or error in listening.
2025-06-04 07:13:26,666 [WARNING] - Audio input error (OSError): No Default Input Device Available - Likely no microphone in sandbox.
2025-06-04 07:13:26,666 [INFO] - No command received or error in listening.
2025-06-04 07:13:26,683 [WARNING] - Audio input error (OSError): No Default Input Device Available - Likely no microphone in sandbox.
2025-06-04 07:13:26,683 [INFO] - No command received or error in listening.
2025-06-04 07:13:26,700 [WARNING] - Audio input error (OSError): No Default Input Device Available - Likely no microphone in sandbox.
2025-06-04 07:13:26,700 [INFO] - No command received or error in listening.
2025-06-04 07:13:26,717 [WARNING] - Audio input error (OSError): No Default Input Device Available - Likely no microphone in sandbox.
2025-06-04 07:13:26,717 [INFO] - No command received or error in listening.
2025-06-04 07:13:26,734 [WARNING] - Audio input error (OSError): No Default Input Device Available - Likely no microphone in sandbox.
2025-06-04 07:13:26,735 [INFO] - No command received or error in listening.
2025-06-04 07:13:26,752 [WARNING] - Audio input error (OSError): No Default Input Device Available - Likely no microphone in sandbox.
2025-06-04 07:13:26,752 [INFO] - No command received or error in listening.
2025-06-04 07:13:26,769 [WARNING] - Audio input error (OSError): No Default Input Device Available - Likely no microphone in sandbox.
2025-06-04 07:13:26,769 [INFO] - No command received or error in listening.
2025-06-04 07:13:26,786 [WARNING] - Audio input error (OSError): No Default Input Device Available - Likely no microphone in sandbox.
2025-06-04 07:13:26,786 [INFO] - No command received or error in listening.
2025-06-04 07:13:26,803 [WARNING] - Audio input error (OSError): No Default Input Device Available - Likely no microphone in sandbox.
2025-06-04 07:13:26,804 [INFO] - No command received or error in listening.
2025-06-04 07:13:26,821 [WARNING] - Audio input error (OSError): No Default Input Device Available - Likely no microphone in sandbox.
2025-06-04 07:13:26,821 [INFO] - No command received or error in listening.
2025-06-04 07:13:26,839 [WARNING] - Audio input error (OSError): No Default Input Device Available - Likely no microphone in sandbox.
2025-06-04 07:13:26,839 [INFO] - No command received or error in listening.
2025-06-04 07:13:26,856 [WARNING] - Audio input error (OSError): No Default Input Device Available - Likely no microphone in sandbox.
2025-06-04 07:13:26,856 [INFO] - No command received or error in listening.
2025-06-04 07:13:26,873 [WARNING] - Audio input error (OSError): No Default Input Device Available - Likely no microphone in sandbox.
2025-06-04 07:13:26,873 [INFO] - No command received or error in listening.
2025-06-04 07:13:26,891 [WARNING] - Audio input error (OSError): No Default Input Device Available - Likely no microphone in sandbox.
2025-06-04 07:13:26,891 [INFO] - No command received or error in listening.
2025-06-04 07:13:26,908 [WARNING] - Audio input error (OSError): No Default Input Device Available - Likely no microphone in sandbox.
2025-06-04 07:13:26,908 [INFO] - No command received or error in listening.
2025-06-04 07:13:26,925 [WARNING] - Audio input error (OSError): No Default Input Device Available - Likely no microphone in sandbox.
2025-06-04 07:13:26,925 [INFO] - No command received or error in listening.
2025-06-04 07:13:26,943 [WARNING] - Audio input error (OSError): No Default Input Device Available - Likely no microphone in sandbox.
2025-06-04 07:13:26,943 [INFO] - No command received or error in listening.
2025-06-04 07:13:26,960 [WARNING] - Audio input error (OSError): No Default Input Device Available - Likely no microphone in sandbox.
2025-06-04 07:13:26,960 [INFO] - No command received or error in listening.
2025-06-04 07:13:26,977 [WARNING] - Audio input error (OSError): No Default Input Device Available - Likely no microphone in sandbox.
2025-06-04 07:13:26,978 [INFO] - No command received or error in listening.
2025-06-04 07:13:26,995 [WARNING] - Audio input error (OSError): No Default Input Device Available - Likely no microphone in sandbox.
2025-06-04 07:13:26,995 [INFO] - No command received or error in listening.
2025-06-04 07:13:27,012 [WARNING] - Audio input error (OSError): No Default Input Device Available - Likely no microphone in sandbox.
2025-06-04 07:13:27,012 [INFO] - No command received or error in listening.
2025-06-04 07:13:27,029 [WARNING] - Audio input error (OSError): No Default Input Device Available - Likely no microphone in sandbox.
2025-06-04 07:13:27,029 [INFO] - No command received or error in listening.
2025-06-04 07:13:27,046 [WARNING] - Audio input error (OSError): No Default Input Device Available - Likely no microphone in sandbox.
2025-06-04 07:13:27,047 [INFO] - No command received or error in listening.
2025-06-04 07:13:27,063 [WARNING] - Audio input error (OSError): No Default Input Device Available - Likely no microphone in sandbox.
2025-06-04 07:13:27,063 [INFO] - No command received or error in listening.
2025-06-04 07:13:27,081 [WARNING] - Audio input error (OSError): No Default Input Device Available - Likely no microphone in sandbox.
2025-06-04 07:13:27,081 [INFO] - No command received or error in listening.
2025-06-04 07:13:27,098 [WARNING] - Audio input error (OSError): No Default Input Device Available - Likely no microphone in sandbox.
2025-06-04 07:13:27,098 [INFO] - No command received or error in listening.
2025-06-04 07:13:27,115 [WARNING] - Audio input error (OSError): No Default Input Device Available - Likely no microphone in sandbox.
2025-06-04 07:13:27,115 [INFO] - No command received or error in listening.
2025-06-04 07:13:27,133 [WARNING] - Audio input error (OSError): No Default Input Device Available - Likely no microphone in sandbox.
2025-06-04 07:13:27,133 [INFO] - No command received or error in listening.
2025-06-04 07:13:27,150 [WARNING] - Audio input error (OSError): No Default Input Device Available - Likely no microphone in sandbox.
2025-06-04 07:13:27,150 [INFO] - No command received or error in listening.
2025-06-04 07:13:27,168 [WARNING] - Audio input error (OSError): No Default Input Device Available - Likely no microphone in sandbox.
2025-06-04 07:13:27,168 [INFO] - No command received or error in listening.
2025-06-04 07:13:27,185 [WARNING] - Audio input error (OSError): No Default Input Device Available - Likely no microphone in sandbox.
2025-06-04 07:13:27,185 [INFO] - No command received or error in listening.
2025-06-04 07:13:27,203 [WARNING] - Audio input error (OSError): No Default Input Device Available - Likely no microphone in sandbox.
2025-06-04 07:13:27,203 [INFO] - No command received or error in listening.
2025-06-04 07:13:27,220 [WARNING] - Audio input error (OSError): No Default Input Device Available - Likely no microphone in sandbox.
2025-06-04 07:13:27,220 [INFO] - No command received or error in listening.
2025-06-04 07:13:27,238 [WARNING] - Audio input error (OSError): No Default Input Device Available - Likely no microphone in sandbox.
2025-06-04 07:13:27,238 [INFO] - No command received or error in listening.
2025-06-04 07:13:27,255 [WARNING] - Audio input error (OSError): No Default Input Device Available - Likely no microphone in sandbox.
2025-06-04 07:13:27,255 [INFO] - No command received or error in listening.
2025-06-04 07:13:27,272 [WARNING] - Audio input error (OSError): No Default Input Device Available - Likely no microphone in sandbox.
2025-06-04 07:13:27,273 [INFO] - No command received or error in listening.
2025-06-04 07:13:27,290 [WARNING] - Audio input error (OSError): No Default Input Device Available - Likely no microphone in sandbox.
2025-06-04 07:13:27,290 [INFO] - No command received or error in listening.
2025-06-04 07:13:27,307 [WARNING] - Audio input error (OSError): No Default Input Device Available - Likely no microphone in sandbox.
2025-06-04 07:13:27,307 [INFO] - No command received or error in listening.
2025-06-04 07:13:27,325 [WARNING] - Audio input error (OSError): No Default Input Device Available - Likely no microphone in sandbox.
2025-06-04 07:13:27,325 [INFO] - No command received or error in listening.
2025-06-04 07:13:27,342 [WARNING] - Audio input error (OSError): No Default Input Device Available - Likely no microphone in sandbox.
2025-06-04 07:13:27,342 [INFO] - No command received or error in listening.
2025-06-04 07:13:27,359 [WARNING] - Audio input error (OSError): No Default Input Device Available - Likely no microphone in sandbox.
2025-06-04 07:13:27,360 [INFO] - No command received or error in listening.
2025-06-04 07:13:27,377 [WARNING] - Audio input error (OSError): No Default Input Device Available - Likely no microphone in sandbox.
2025-06-04 07:13:27,377 [INFO] - No command received or error in listening.
2025-06-04 07:13:27,394 [WARNING] - Audio input error (OSError): No Default Input Device Available - Likely no microphone in sandbox.
2025-06-04 07:13:27,394 [INFO] - No command received or error in listening.
2025-06-04 07:13:27,411 [WARNING] - Audio input error (OSError): No Default Input Device Available - Likely no microphone in sandbox.
2025-06-04 07:13:27,412 [INFO] - No command received or error in listening.
2025-06-04 07:13:27,429 [WARNING] - Audio input error (OSError): No Default Input Device Available - Likely no microphone in sandbox.
2025-06-04 07:13:27,429 [INFO] - No command received or error in listening.
2025-06-04 07:13:27,446 [WARNING] - Audio input error (OSError): No Default Input Device Available - Likely no microphone in sandbox.
2025-06-04 07:13:27,446 [INFO] - No command received or error in listening.
2025-06-04 07:13:27,464 [WARNING] - Audio input error (OSError): No Default Input Device Available - Likely no microphone in sandbox.
2025-06-04 07:13:27,464 [INFO] - No command received or error in listening.
2025-06-04 07:13:27,481 [WARNING] - Audio input error (OSError): No Default Input Device Available - Likely no microphone in sandbox.
2025-06-04 07:13:27,481 [INFO] - No command received or error in listening.
2025-06-04 07:13:27,499 [WARNING] - Audio input error (OSError): No Default Input Device Available - Likely no microphone in sandbox.
2025-06-04 07:13:27,499 [INFO] - No command received or error in listening.
2025-06-04 07:13:27,516 [WARNING] - Audio input error (OSError): No Default Input Device Available - Likely no microphone in sandbox.
2025-06-04 07:13:27,516 [INFO] - No command received or error in listening.
2025-06-04 07:13:27,533 [WARNING] - Audio input error (OSError): No Default Input Device Available - Likely no microphone in sandbox.
2025-06-04 07:13:27,534 [INFO] - No command received or error in listening.
2025-06-04 07:13:27,551 [WARNING] - Audio input error (OSError): No Default Input Device Available - Likely no microphone in sandbox.
2025-06-04 07:13:27,551 [INFO] - No command received or error in listening.
2025-06-04 07:13:27,568 [WARNING] - Audio input error (OSError): No Default Input Device Available - Likely no microphone in sandbox.
2025-06-04 07:13:27,568 [INFO] - No command received or error in listening.
2025-06-04 07:13:27,585 [WARNING] - Audio input error (OSError): No Default Input Device Available - Likely no microphone in sandbox.
2025-06-04 07:13:27,586 [INFO] - No command received or error in listening.
2025-06-04 07:13:27,603 [WARNING] - Audio input error (OSError): No Default Input Device Available - Likely no microphone in sandbox.
2025-06-04 07:13:27,603 [INFO] - No command received or error in listening.
2025-06-04 07:13:27,621 [WARNING] - Audio input error (OSError): No Default Input Device Available - Likely no microphone in sandbox.
2025-06-04 07:13:27,621 [INFO] - No command received or error in listening.
2025-06-04 07:13:27,638 [WARNING] - Audio input error (OSError): No Default Input Device Available - Likely no microphone in sandbox.
2025-06-04 07:13:27,638 [INFO] - No command received or error in listening.
2025-06-04 07:13:27,655 [WARNING] - Audio input error (OSError): No Default Input Device Available - Likely no microphone in sandbox.
2025-06-04 07:13:27,656 [INFO] - No command received or error in listening.
2025-06-04 07:13:27,673 [WARNING] - Audio input error (OSError): No Default Input Device Available - Likely no microphone in sandbox.
2025-06-04 07:13:27,673 [INFO] - No command received or error in listening.
2025-06-04 07:13:27,690 [WARNING] - Audio input error (OSError): No Default Input Device Available - Likely no microphone in sandbox.
2025-06-04 07:13:27,690 [INFO] - No command received or error in listening.
2025-06-04 07:13:27,707 [WARNING] - Audio input error (OSError): No Default Input Device Available - Likely no microphone in sandbox.
2025-06-04 07:13:27,707 [INFO] - No command received or error in listening.
2025-06-04 07:13:27,724 [WARNING] - Audio input error (OSError): No Default Input Device Available - Likely no microphone in sandbox.
2025-06-04 07:13:27,724 [INFO] - No command received or error in listening.
2025-06-04 07:13:27,741 [WARNING] - Audio input error (OSError): No Default Input Device Available - Likely no microphone in sandbox.
2025-06-04 07:13:27,741 [INFO] - No command received or error in listening.
2025-06-04 07:13:27,759 [WARNING] - Audio input error (OSError): No Default Input Device Available - Likely no microphone in sandbox.
2025-06-04 07:13:27,759 [INFO] - No command received or error in listening.
2025-06-04 07:13:27,776 [WARNING] - Audio input error (OSError): No Default Input Device Available - Likely no microphone in sandbox.
2025-06-04 07:13:27,776 [INFO] - No command received or error in listening.
2025-06-04 07:13:27,793 [WARNING] - Audio input error (OSError): No Default Input Device Available - Likely no microphone in sandbox.
2025-06-04 07:13:27,794 [INFO] - No command received or error in listening.
2025-06-04 07:13:27,811 [WARNING] - Audio input error (OSError): No Default Input Device Available - Likely no microphone in sandbox.
2025-06-04 07:13:27,811 [INFO] - No command received or error in listening.
2025-06-04 07:13:27,828 [WARNING] - Audio input error (OSError): No Default Input Device Available - Likely no microphone in sandbox.
2025-06-04 07:13:27,828 [INFO] - No command received or error in listening.
2025-06-04 07:13:27,845 [WARNING] - Audio input error (OSError): No Default Input Device Available - Likely no microphone in sandbox.
2025-06-04 07:13:27,846 [INFO] - No command received or error in listening.
2025-06-04 07:13:27,863 [WARNING] - Audio input error (OSError): No Default Input Device Available - Likely no microphone in sandbox.
2025-06-04 07:13:27,863 [INFO] - No command received or error in listening.
2025-06-04 07:13:27,880 [WARNING] - Audio input error (OSError): No Default Input Device Available - Likely no microphone in sandbox.
2025-06-04 07:13:27,880 [INFO] - No command received or error in listening.
2025-06-04 07:13:27,897 [WARNING] - Audio input error (OSError): No Default Input Device Available - Likely no microphone in sandbox.
2025-06-04 07:13:27,898 [INFO] - No command received or error in listening.
2025-06-04 07:13:27,915 [WARNING] - Audio input error (OSError): No Default Input Device Available - Likely no microphone in sandbox.
2025-06-04 07:13:27,915 [INFO] - No command received or error in listening.
2025-06-04 07:13:27,932 [WARNING] - Audio input error (OSError): No Default Input Device Available - Likely no microphone in sandbox.
2025-06-04 07:13:27,932 [INFO] - No command received or error in listening.
2025-06-04 07:13:27,949 [WARNING] - Audio input error (OSError): No Default Input Device Available - Likely no microphone in sandbox.
2025-06-04 07:13:27,949 [INFO] - No command received or error in listening.
2025-06-04 07:13:27,967 [WARNING] - Audio input error (OSError): No Default Input Device Available - Likely no microphone in sandbox.
2025-06-04 07:13:27,967 [INFO] - No command received or error in listening.
2025-06-04 07:13:27,984 [WARNING] - Audio input error (OSError): No Default Input Device Available - Likely no microphone in sandbox.
2025-06-04 07:13:27,984 [INFO] - No command received or error in listening.
2025-06-04 07:13:28,001 [WARNING] - Audio input error (OSError): No Default Input Device Available - Likely no microphone in sandbox.
2025-06-04 07:13:28,001 [INFO] - No command received or error in listening.
2025-06-04 07:13:28,018 [WARNING] - Audio input error (OSError): No Default Input Device Available - Likely no microphone in sandbox.
2025-06-04 07:13:28,018 [INFO] - No command received or error in listening.
2025-06-04 07:13:28,036 [WARNING] - Audio input error (OSError): No Default Input Device Available - Likely no microphone in sandbox.
2025-06-04 07:13:28,036 [INFO] - No command received or error in listening.
2025-06-04 07:13:28,054 [WARNING] - Audio input error (OSError): No Default Input Device Available - Likely no microphone in sandbox.
2025-06-04 07:13:28,055 [INFO] - No command received or error in listening.
2025-06-04 07:13:28,072 [WARNING] - Audio input error (OSError): No Default Input Device Available - Likely no microphone in sandbox.
2025-06-04 07:13:28,072 [INFO] - No command received or error in listening.
2025-06-04 07:13:28,089 [WARNING] - Audio input error (OSError): No Default Input Device Available - Likely no microphone in sandbox.
2025-06-04 07:13:28,089 [INFO] - No command received or error in listening.
2025-06-04 07:13:28,106 [WARNING] - Audio input error (OSError): No Default Input Device Available - Likely no microphone in sandbox.
2025-06-04 07:13:28,106 [INFO] - No command received or error in listening.
2025-06-04 07:13:28,124 [WARNING] - Audio input error (OSError): No Default Input Device Available - Likely no microphone in sandbox.
2025-06-04 07:13:28,124 [INFO] - No command received or error in listening.
2025-06-04 07:13:28,141 [WARNING] - Audio input error (OSError): No Default Input Device Available - Likely no microphone in sandbox.
2025-06-04 07:13:28,141 [INFO] - No command received or error in listening.
2025-06-04 07:13:28,158 [WARNING] - Audio input error (OSError): No Default Input Device Available - Likely no microphone in sandbox.
2025-06-04 07:13:28,159 [INFO] - No command received or error in listening.
2025-06-04 07:13:28,176 [WARNING] - Audio input error (OSError): No Default Input Device Available - Likely no microphone in sandbox.
2025-06-04 07:13:28,176 [INFO] - No command received or error in listening.
2025-06-04 07:13:28,193 [WARNING] - Audio input error (OSError): No Default Input Device Available - Likely no microphone in sandbox.
2025-06-04 07:13:28,194 [INFO] - No command received or error in listening.
2025-06-04 07:13:28,211 [WARNING] - Audio input error (OSError): No Default Input Device Available - Likely no microphone in sandbox.
2025-06-04 07:13:28,211 [INFO] - No command received or error in listening.
2025-06-04 07:13:28,228 [WARNING] - Audio input error (OSError): No Default Input Device Available - Likely no microphone in sandbox.
2025-06-04 07:13:28,228 [INFO] - No command received or error in listening.
2025-06-04 07:13:28,245 [WARNING] - Audio input error (OSError): No Default Input Device Available - Likely no microphone in sandbox.
2025-06-04 07:13:28,245 [INFO] - No command received or error in listening.
2025-06-04 07:13:28,263 [WARNING] - Audio input error (OSError): No Default Input Device Available - Likely no microphone in sandbox.
2025-06-04 07:13:28,263 [INFO] - No command received or error in listening.
2025-06-04 07:13:28,280 [WARNING] - Audio input error (OSError): No Default Input Device Available - Likely no microphone in sandbox.
2025-06-04 07:13:28,280 [INFO] - No command received or error in listening.
2025-06-04 07:13:28,298 [WARNING] - Audio input error (OSError): No Default Input Device Available - Likely no microphone in sandbox.
2025-06-04 07:13:28,298 [INFO] - No command received or error in listening.
2025-06-04 07:13:28,315 [WARNING] - Audio input error (OSError): No Default Input Device Available - Likely no microphone in sandbox.
2025-06-04 07:13:28,315 [INFO] - No command received or error in listening.
2025-06-04 07:13:28,332 [WARNING] - Audio input error (OSError): No Default Input Device Available - Likely no microphone in sandbox.
2025-06-04 07:13:28,332 [INFO] - No command received or error in listening.
2025-06-04 07:13:28,349 [WARNING] - Audio input error (OSError): No Default Input Device Available - Likely no microphone in sandbox.
2025-06-04 07:13:28,350 [INFO] - No command received or error in listening.
2025-06-04 07:13:28,367 [WARNING] - Audio input error (OSError): No Default Input Device Available - Likely no microphone in sandbox.
2025-06-04 07:13:28,367 [INFO] - No command received or error in listening.
2025-06-04 07:13:28,384 [WARNING] - Audio input error (OSError): No Default Input Device Available - Likely no microphone in sandbox.
2025-06-04 07:13:28,384 [INFO] - No command received or error in listening.
2025-06-04 07:13:28,401 [WARNING] - Audio input error (OSError): No Default Input Device Available - Likely no microphone in sandbox.
2025-06-04 07:13:28,402 [INFO] - No command received or error in listening.
2025-06-04 07:13:28,419 [WARNING] - Audio input error (OSError): No Default Input Device Available - Likely no microphone in sandbox.
2025-06-04 07:13:28,419 [INFO] - No command received or error in listening.
2025-06-04 07:13:28,436 [WARNING] - Audio input error (OSError): No Default Input Device Available - Likely no microphone in sandbox.
2025-06-04 07:13:28,436 [INFO] - No command received or error in listening.
2025-06-04 07:13:28,453 [WARNING] - Audio input error (OSError): No Default Input Device Available - Likely no microphone in sandbox.
2025-06-04 07:13:28,454 [INFO] - No command received or error in listening.
2025-06-04 07:13:28,471 [WARNING] - Audio input error (OSError): No Default Input Device Available - Likely no microphone in sandbox.
2025-06-04 07:13:28,471 [INFO] - No command received or error in listening.
2025-06-04 07:13:28,488 [WARNING] - Audio input error (OSError): No Default Input Device Available - Likely no microphone in sandbox.
2025-06-04 07:13:28,488 [INFO] - No command received or error in listening.
2025-06-04 07:13:28,505 [WARNING] - Audio input error (OSError): No Default Input Device Available - Likely no microphone in sandbox.
2025-06-04 07:13:28,506 [INFO] - No command received or error in listening.
2025-06-04 07:13:28,523 [WARNING] - Audio input error (OSError): No Default Input Device Available - Likely no microphone in sandbox.
2025-06-04 07:13:28,523 [INFO] - No command received or error in listening.
2025-06-04 07:13:28,540 [WARNING] - Audio input error (OSError): No Default Input Device Available - Likely no microphone in sandbox.
2025-06-04 07:13:28,540 [INFO] - No command received or error in listening.
2025-06-04 07:13:28,558 [WARNING] - Audio input error (OSError): No Default Input Device Available - Likely no microphone in sandbox.
2025-06-04 07:13:28,558 [INFO] - No command received or error in listening.
2025-06-04 07:13:28,575 [WARNING] - Audio input error (OSError): No Default Input Device Available - Likely no microphone in sandbox.
2025-06-04 07:13:28,576 [INFO] - No command received or error in listening.
2025-06-04 07:13:28,593 [WARNING] - Audio input error (OSError): No Default Input Device Available - Likely no microphone in sandbox.
2025-06-04 07:13:28,593 [INFO] - No command received or error in listening.
2025-06-04 07:13:28,610 [WARNING] - Audio input error (OSError): No Default Input Device Available - Likely no microphone in sandbox.
2025-06-04 07:13:28,610 [INFO] - No command received or error in listening.
2025-06-04 07:13:28,627 [WARNING] - Audio input error (OSError): No Default Input Device Available - Likely no microphone in sandbox.
2025-06-04 07:13:28,627 [INFO] - No command received or error in listening.
2025-06-04 07:13:28,644 [WARNING] - Audio input error (OSError): No Default Input Device Available - Likely no microphone in sandbox.
2025-06-04 07:13:28,644 [INFO] - No command received or error in listening.
2025-06-04 07:13:28,662 [WARNING] - Audio input error (OSError): No Default Input Device Available - Likely no microphone in sandbox.
2025-06-04 07:13:28,662 [INFO] - No command received or error in listening.
2025-06-04 07:13:28,679 [WARNING] - Audio input error (OSError): No Default Input Device Available - Likely no microphone in sandbox.
2025-06-04 07:13:28,679 [INFO] - No command received or error in listening.
2025-06-04 07:13:28,696 [WARNING] - Audio input error (OSError): No Default Input Device Available - Likely no microphone in sandbox.
2025-06-04 07:13:28,696 [INFO] - No command received or error in listening.
2025-06-04 07:13:28,713 [WARNING] - Audio input error (OSError): No Default Input Device Available - Likely no microphone in sandbox.
2025-06-04 07:13:28,714 [INFO] - No command received or error in listening.
2025-06-04 07:13:28,730 [WARNING] - Audio input error (OSError): No Default Input Device Available - Likely no microphone in sandbox.
2025-06-04 07:13:28,731 [INFO] - No command received or error in listening.
2025-06-04 07:13:28,747 [WARNING] - Audio input error (OSError): No Default Input Device Available - Likely no microphone in sandbox.
2025-06-04 07:13:28,748 [INFO] - No command received or error in listening.
2025-06-04 07:13:28,764 [WARNING] - Audio input error (OSError): No Default Input Device Available - Likely no microphone in sandbox.
2025-06-04 07:13:28,764 [INFO] - No command received or error in listening.
2025-06-04 07:13:28,781 [WARNING] - Audio input error (OSError): No Default Input Device Available - Likely no microphone in sandbox.
2025-06-04 07:13:28,782 [INFO] - No command received or error in listening.
2025-06-04 07:13:28,799 [WARNING] - Audio input error (OSError): No Default Input Device Available - Likely no microphone in sandbox.
2025-06-04 07:13:28,799 [INFO] - No command received or error in listening.
2025-06-04 07:13:28,816 [WARNING] - Audio input error (OSError): No Default Input Device Available - Likely no microphone in sandbox.
2025-06-04 07:13:28,816 [INFO] - No command received or error in listening.
2025-06-04 07:13:28,833 [WARNING] - Audio input error (OSError): No Default Input Device Available - Likely no microphone in sandbox.
2025-06-04 07:13:28,833 [INFO] - No command received or error in listening.
2025-06-04 07:13:28,850 [WARNING] - Audio input error (OSError): No Default Input Device Available - Likely no microphone in sandbox.
2025-06-04 07:13:28,850 [INFO] - No command received or error in listening.
2025-06-04 07:13:28,867 [WARNING] - Audio input error (OSError): No Default Input Device Available - Likely no microphone in sandbox.
2025-06-04 07:13:28,867 [INFO] - No command received or error in listening.
2025-06-04 07:13:28,884 [WARNING] - Audio input error (OSError): No Default Input Device Available - Likely no microphone in sandbox.
2025-06-04 07:13:28,884 [INFO] - No command received or error in listening.
2025-06-04 07:13:28,902 [WARNING] - Audio input error (OSError): No Default Input Device Available - Likely no microphone in sandbox.
2025-06-04 07:13:28,902 [INFO] - No command received or error in listening.
2025-06-04 07:13:28,919 [WARNING] - Audio input error (OSError): No Default Input Device Available - Likely no microphone in sandbox.
2025-06-04 07:13:28,919 [INFO] - No command received or error in listening.
2025-06-04 07:13:28,936 [WARNING] - Audio input error (OSError): No Default Input Device Available - Likely no microphone in sandbox.
2025-06-04 07:13:28,936 [INFO] - No command received or error in listening.
2025-06-04 07:13:28,953 [WARNING] - Audio input error (OSError): No Default Input Device Available - Likely no microphone in sandbox.
2025-06-04 07:13:28,953 [INFO] - No command received or error in listening.
2025-06-04 07:13:28,970 [WARNING] - Audio input error (OSError): No Default Input Device Available - Likely no microphone in sandbox.
2025-06-04 07:13:28,970 [INFO] - No command received or error in listening.
2025-06-04 07:13:28,987 [WARNING] - Audio input error (OSError): No Default Input Device Available - Likely no microphone in sandbox.
2025-06-04 07:13:28,987 [INFO] - No command received or error in listening.
2025-06-04 07:13:29,005 [WARNING] - Audio input error (OSError): No Default Input Device Available - Likely no microphone in sandbox.
2025-06-04 07:13:29,005 [INFO] - No command received or error in listening.
2025-06-04 07:13:29,022 [WARNING] - Audio input error (OSError): No Default Input Device Available - Likely no microphone in sandbox.
2025-06-04 07:13:29,022 [INFO] - No command received or error in listening.
2025-06-04 07:13:29,039 [WARNING] - Audio input error (OSError): No Default Input Device Available - Likely no microphone in sandbox.
2025-06-04 07:13:29,039 [INFO] - No command received or error in listening.
2025-06-04 07:13:29,057 [WARNING] - Audio input error (OSError): No Default Input Device Available - Likely no microphone in sandbox.
2025-06-04 07:13:29,057 [INFO] - No command received or error in listening.
2025-06-04 07:13:29,074 [WARNING] - Audio input error (OSError): No Default Input Device Available - Likely no microphone in sandbox.
2025-06-04 07:13:29,074 [INFO] - No command received or error in listening.
2025-06-04 07:13:29,091 [WARNING] - Audio input error (OSError): No Default Input Device Available - Likely no microphone in sandbox.
2025-06-04 07:13:29,092 [INFO] - No command received or error in listening.
2025-06-04 07:13:29,109 [WARNING] - Audio input error (OSError): No Default Input Device Available - Likely no microphone in sandbox.
2025-06-04 07:13:29,109 [INFO] - No command received or error in listening.
2025-06-04 07:13:29,126 [WARNING] - Audio input error (OSError): No Default Input Device Available - Likely no microphone in sandbox.
2025-06-04 07:13:29,126 [INFO] - No command received or error in listening.
2025-06-04 07:13:29,143 [WARNING] - Audio input error (OSError): No Default Input Device Available - Likely no microphone in sandbox.
2025-06-04 07:13:29,143 [INFO] - No command received or error in listening.
2025-06-04 07:13:29,161 [WARNING] - Audio input error (OSError): No Default Input Device Available - Likely no microphone in sandbox.
2025-06-04 07:13:29,161 [INFO] - No command received or error in listening.
2025-06-04 07:13:29,178 [WARNING] - Audio input error (OSError): No Default Input Device Available - Likely no microphone in sandbox.
2025-06-04 07:13:29,178 [INFO] - No command received or error in listening.
2025-06-04 07:13:29,195 [WARNING] - Audio input error (OSError): No Default Input Device Available - Likely no microphone in sandbox.
2025-06-04 07:13:29,196 [INFO] - No command received or error in listening.
2025-06-04 07:13:29,213 [WARNING] - Audio input error (OSError): No Default Input Device Available - Likely no microphone in sandbox.
2025-06-04 07:13:29,213 [INFO] - No command received or error in listening.
2025-06-04 07:13:29,230 [WARNING] - Audio input error (OSError): No Default Input Device Available - Likely no microphone in sandbox.
2025-06-04 07:13:29,230 [INFO] - No command received or error in listening.
2025-06-04 07:13:29,248 [WARNING] - Audio input error (OSError): No Default Input Device Available - Likely no microphone in sandbox.
2025-06-04 07:13:29,248 [INFO] - No command received or error in listening.
2025-06-04 07:13:29,265 [WARNING] - Audio input error (OSError): No Default Input Device Available - Likely no microphone in sandbox.
2025-06-04 07:13:29,265 [INFO] - No command received or error in listening.
2025-06-04 07:13:29,283 [WARNING] - Audio input error (OSError): No Default Input Device Available - Likely no microphone in sandbox.
2025-06-04 07:13:29,283 [INFO] - No command received or error in listening.
2025-06-04 07:13:29,300 [WARNING] - Audio input error (OSError): No Default Input Device Available - Likely no microphone in sandbox.
2025-06-04 07:13:29,300 [INFO] - No command received or error in listening.
2025-06-04 07:13:29,317 [WARNING] - Audio input error (OSError): No Default Input Device Available - Likely no microphone in sandbox.
2025-06-04 07:13:29,317 [INFO] - No command received or error in listening.
2025-06-04 07:13:29,335 [WARNING] - Audio input error (OSError): No Default Input Device Available - Likely no microphone in sandbox.
2025-06-04 07:13:29,335 [INFO] - No command received or error in listening.
2025-06-04 07:13:29,352 [WARNING] - Audio input error (OSError): No Default Input Device Available - Likely no microphone in sandbox.
2025-06-04 07:13:29,352 [INFO] - No command received or error in listening.
2025-06-04 07:13:29,370 [WARNING] - Audio input error (OSError): No Default Input Device Available - Likely no microphone in sandbox.
2025-06-04 07:13:29,370 [INFO] - No command received or error in listening.
2025-06-04 07:13:29,388 [WARNING] - Audio input error (OSError): No Default Input Device Available - Likely no microphone in sandbox.
2025-06-04 07:13:29,388 [INFO] - No command received or error in listening.
2025-06-04 07:13:29,405 [WARNING] - Audio input error (OSError): No Default Input Device Available - Likely no microphone in sandbox.
2025-06-04 07:13:29,405 [INFO] - No command received or error in listening.
2025-06-04 07:13:29,423 [WARNING] - Audio input error (OSError): No Default Input Device Available - Likely no microphone in sandbox.
2025-06-04 07:13:29,423 [INFO] - No command received or error in listening.
2025-06-04 07:13:29,440 [WARNING] - Audio input error (OSError): No Default Input Device Available - Likely no microphone in sandbox.
2025-06-04 07:13:29,440 [INFO] - No command received or error in listening.
2025-06-04 07:13:29,458 [WARNING] - Audio input error (OSError): No Default Input Device Available - Likely no microphone in sandbox.
2025-06-04 07:13:29,458 [INFO] - No command received or error in listening.
2025-06-04 07:13:29,475 [WARNING] - Audio input error (OSError): No Default Input Device Available - Likely no microphone in sandbox.
2025-06-04 07:13:29,475 [INFO] - No command received or error in listening.
2025-06-04 07:13:29,493 [WARNING] - Audio input error (OSError): No Default Input Device Available - Likely no microphone in sandbox.
2025-06-04 07:13:29,493 [INFO] - No command received or error in listening.
2025-06-04 07:13:29,510 [WARNING] - Audio input error (OSError): No Default Input Device Available - Likely no microphone in sandbox.
2025-06-04 07:13:29,510 [INFO] - No command received or error in listening.
2025-06-04 07:13:29,528 [WARNING] - Audio input error (OSError): No Default Input Device Available - Likely no microphone in sandbox.
2025-06-04 07:13:29,528 [INFO] - No command received or error in listening.
2025-06-04 07:13:29,546 [WARNING] - Audio input error (OSError): No Default Input Device Available - Likely no microphone in sandbox.
2025-06-04 07:13:29,546 [INFO] - No command received or error in listening.
2025-06-04 07:13:29,564 [WARNING] - Audio input error (OSError): No Default Input Device Available - Likely no microphone in sandbox.
2025-06-04 07:13:29,564 [INFO] - No command received or error in listening.
2025-06-04 07:13:29,582 [WARNING] - Audio input error (OSError): No Default Input Device Available - Likely no microphone in sandbox.
2025-06-04 07:13:29,582 [INFO] - No command received or error in listening.
2025-06-04 07:13:29,601 [WARNING] - Audio input error (OSError): No Default Input Device Available - Likely no microphone in sandbox.
2025-06-04 07:13:29,602 [INFO] - No command received or error in listening.
2025-06-04 07:13:29,619 [WARNING] - Audio input error (OSError): No Default Input Device Available - Likely no microphone in sandbox.
2025-06-04 07:13:29,620 [INFO] - No command received or error in listening.
2025-06-04 07:13:29,637 [WARNING] - Audio input error (OSError): No Default Input Device Available - Likely no microphone in sandbox.
2025-06-04 07:13:29,638 [INFO] - No command received or error in listening.
2025-06-04 07:13:29,655 [WARNING] - Audio input error (OSError): No Default Input Device Available - Likely no microphone in sandbox.
2025-06-04 07:13:29,655 [INFO] - No command received or error in listening.
2025-06-04 07:13:29,673 [WARNING] - Audio input error (OSError): No Default Input Device Available - Likely no microphone in sandbox.
2025-06-04 07:13:29,673 [INFO] - No command received or error in listening.
2025-06-04 07:13:29,691 [WARNING] - Audio input error (OSError): No Default Input Device Available - Likely no microphone in sandbox.
2025-06-04 07:13:29,691 [INFO] - No command received or error in listening.
2025-06-04 07:13:29,708 [WARNING] - Audio input error (OSError): No Default Input Device Available - Likely no microphone in sandbox.
2025-06-04 07:13:29,709 [INFO] - No command received or error in listening.
2025-06-04 07:13:29,726 [WARNING] - Audio input error (OSError): No Default Input Device Available - Likely no microphone in sandbox.
2025-06-04 07:13:29,726 [INFO] - No command received or error in listening.
2025-06-04 07:13:29,744 [WARNING] - Audio input error (OSError): No Default Input Device Available - Likely no microphone in sandbox.
2025-06-04 07:13:29,744 [INFO] - No command received or error in listening.
2025-06-04 07:13:29,762 [WARNING] - Audio input error (OSError): No Default Input Device Available - Likely no microphone in sandbox.
2025-06-04 07:13:29,762 [INFO] - No command received or error in listening.
2025-06-04 07:13:29,779 [WARNING] - Audio input error (OSError): No Default Input Device Available - Likely no microphone in sandbox.
2025-06-04 07:13:29,779 [INFO] - No command received or error in listening.
2025-06-04 07:13:29,797 [WARNING] - Audio input error (OSError): No Default Input Device Available - Likely no microphone in sandbox.
2025-06-04 07:13:29,797 [INFO] - No command received or error in listening.
2025-06-04 07:13:29,815 [WARNING] - Audio input error (OSError): No Default Input Device Available - Likely no microphone in sandbox.
2025-06-04 07:13:29,815 [INFO] - No command received or error in listening.
2025-06-04 07:13:29,832 [WARNING] - Audio input error (OSError): No Default Input Device Available - Likely no microphone in sandbox.
2025-06-04 07:13:29,832 [INFO] - No command received or error in listening.
2025-06-04 07:13:29,850 [WARNING] - Audio input error (OSError): No Default Input Device Available - Likely no microphone in sandbox.
2025-06-04 07:13:29,850 [INFO] - No command received or error in listening.
2025-06-04 07:13:29,867 [WARNING] - Audio input error (OSError): No Default Input Device Available - Likely no microphone in sandbox.
2025-06-04 07:13:29,868 [INFO] - No command received or error in listening.
2025-06-04 07:13:29,885 [WARNING] - Audio input error (OSError): No Default Input Device Available - Likely no microphone in sandbox.
2025-06-04 07:13:29,885 [INFO] - No command received or error in listening.
2025-06-04 07:13:29,903 [WARNING] - Audio input error (OSError): No Default Input Device Available - Likely no microphone in sandbox.
2025-06-04 07:13:29,903 [INFO] - No command received or error in listening.
2025-06-04 07:13:29,920 [WARNING] - Audio input error (OSError): No Default Input Device Available - Likely no microphone in sandbox.
2025-06-04 07:13:29,921 [INFO] - No command received or error in listening.
2025-06-04 07:13:29,938 [WARNING] - Audio input error (OSError): No Default Input Device Available - Likely no microphone in sandbox.
2025-06-04 07:13:29,939 [INFO] - No command received or error in listening.
2025-06-04 07:13:29,956 [WARNING] - Audio input error (OSError): No Default Input Device Available - Likely no microphone in sandbox.
2025-06-04 07:13:29,956 [INFO] - No command received or error in listening.
2025-06-04 07:13:29,973 [WARNING] - Audio input error (OSError): No Default Input Device Available - Likely no microphone in sandbox.
2025-06-04 07:13:29,974 [INFO] - No command received or error in listening.
2025-06-04 07:13:29,991 [WARNING] - Audio input error (OSError): No Default Input Device Available - Likely no microphone in sandbox.
2025-06-04 07:13:29,991 [INFO] - No command received or error in listening.
2025-06-04 07:13:30,009 [WARNING] - Audio input error (OSError): No Default Input Device Available - Likely no microphone in sandbox.
2025-06-04 07:13:30,009 [INFO] - No command received or error in listening.
2025-06-04 07:13:30,026 [WARNING] - Audio input error (OSError): No Default Input Device Available - Likely no microphone in sandbox.
2025-06-04 07:13:30,027 [INFO] - No command received or error in listening.
2025-06-04 07:13:30,044 [WARNING] - Audio input error (OSError): No Default Input Device Available - Likely no microphone in sandbox.
2025-06-04 07:13:30,044 [INFO] - No command received or error in listening.
2025-06-04 07:13:30,062 [WARNING] - Audio input error (OSError): No Default Input Device Available - Likely no microphone in sandbox.
2025-06-04 07:13:30,062 [INFO] - No command received or error in listening.
2025-06-04 07:13:30,080 [WARNING] - Audio input error (OSError): No Default Input Device Available - Likely no microphone in sandbox.
2025-06-04 07:13:30,080 [INFO] - No command received or error in listening.
2025-06-04 07:13:30,098 [WARNING] - Audio input error (OSError): No Default Input Device Available - Likely no microphone in sandbox.
2025-06-04 07:13:30,098 [INFO] - No command received or error in listening.
2025-06-04 07:13:30,116 [WARNING] - Audio input error (OSError): No Default Input Device Available - Likely no microphone in sandbox.
2025-06-04 07:13:30,116 [INFO] - No command received or error in listening.
2025-06-04 07:13:30,134 [WARNING] - Audio input error (OSError): No Default Input Device Available - Likely no microphone in sandbox.
2025-06-04 07:13:30,134 [INFO] - No command received or error in listening.
2025-06-04 07:13:30,151 [WARNING] - Audio input error (OSError): No Default Input Device Available - Likely no microphone in sandbox.
2025-06-04 07:13:30,151 [INFO] - No command received or error in listening.
2025-06-04 07:13:30,169 [WARNING] - Audio input error (OSError): No Default Input Device Available - Likely no microphone in sandbox.
2025-06-04 07:13:30,169 [INFO] - No command received or error in listening.
2025-06-04 07:13:30,186 [WARNING] - Audio input error (OSError): No Default Input Device Available - Likely no microphone in sandbox.
2025-06-04 07:13:30,186 [INFO] - No command received or error in listening.
2025-06-04 07:13:30,204 [WARNING] - Audio input error (OSError): No Default Input Device Available - Likely no microphone in sandbox.
2025-06-04 07:13:30,204 [INFO] - No command received or error in listening.
2025-06-04 07:13:30,222 [WARNING] - Audio input error (OSError): No Default Input Device Available - Likely no microphone in sandbox.
2025-06-04 07:13:30,222 [INFO] - No command received or error in listening.
2025-06-04 07:13:30,239 [WARNING] - Audio input error (OSError): No Default Input Device Available - Likely no microphone in sandbox.
2025-06-04 07:13:30,239 [INFO] - No command received or error in listening.
2025-06-04 07:13:30,257 [WARNING] - Audio input error (OSError): No Default Input Device Available - Likely no microphone in sandbox.
2025-06-04 07:13:30,257 [INFO] - No command received or error in listening.
2025-06-04 07:13:30,275 [WARNING] - Audio input error (OSError): No Default Input Device Available - Likely no microphone in sandbox.
2025-06-04 07:13:30,275 [INFO] - No command received or error in listening.
2025-06-04 07:13:30,292 [WARNING] - Audio input error (OSError): No Default Input Device Available - Likely no microphone in sandbox.
2025-06-04 07:13:30,293 [INFO] - No command received or error in listening.
2025-06-04 07:13:30,310 [WARNING] - Audio input error (OSError): No Default Input Device Available - Likely no microphone in sandbox.
2025-06-04 07:13:30,310 [INFO] - No command received or error in listening.
2025-06-04 07:13:30,328 [WARNING] - Audio input error (OSError): No Default Input Device Available - Likely no microphone in sandbox.
2025-06-04 07:13:30,328 [INFO] - No command received or error in listening.
2025-06-04 07:13:30,346 [WARNING] - Audio input error (OSError): No Default Input Device Available - Likely no microphone in sandbox.
2025-06-04 07:13:30,346 [INFO] - No command received or error in listening.
2025-06-04 07:13:30,363 [WARNING] - Audio input error (OSError): No Default Input Device Available - Likely no microphone in sandbox.
2025-06-04 07:13:30,363 [INFO] - No command received or error in listening.
2025-06-04 07:13:30,381 [WARNING] - Audio input error (OSError): No Default Input Device Available - Likely no microphone in sandbox.
2025-06-04 07:13:30,381 [INFO] - No command received or error in listening.
2025-06-04 07:13:30,398 [WARNING] - Audio input error (OSError): No Default Input Device Available - Likely no microphone in sandbox.
2025-06-04 07:13:30,398 [INFO] - No command received or error in listening.
2025-06-04 07:13:30,416 [WARNING] - Audio input error (OSError): No Default Input Device Available - Likely no microphone in sandbox.
2025-06-04 07:13:30,416 [INFO] - No command received or error in listening.
2025-06-04 07:13:30,433 [WARNING] - Audio input error (OSError): No Default Input Device Available - Likely no microphone in sandbox.
2025-06-04 07:13:30,434 [INFO] - No command received or error in listening.
2025-06-04 07:13:30,451 [WARNING] - Audio input error (OSError): No Default Input Device Available - Likely no microphone in sandbox.
2025-06-04 07:13:30,451 [INFO] - No command received or error in listening.
2025-06-04 07:13:30,469 [WARNING] - Audio input error (OSError): No Default Input Device Available - Likely no microphone in sandbox.
2025-06-04 07:13:30,469 [INFO] - No command received or error in listening.
2025-06-04 07:13:30,486 [WARNING] - Audio input error (OSError): No Default Input Device Available - Likely no microphone in sandbox.
2025-06-04 07:13:30,486 [INFO] - No command received or error in listening.
2025-06-04 07:13:30,504 [WARNING] - Audio input error (OSError): No Default Input Device Available - Likely no microphone in sandbox.
2025-06-04 07:13:30,504 [INFO] - No command received or error in listening.
2025-06-04 07:13:30,521 [WARNING] - Audio input error (OSError): No Default Input Device Available - Likely no microphone in sandbox.
2025-06-04 07:13:30,522 [INFO] - No command received or error in listening.
2025-06-04 07:13:30,539 [WARNING] - Audio input error (OSError): No Default Input Device Available - Likely no microphone in sandbox.
2025-06-04 07:13:30,539 [INFO] - No command received or error in listening.
2025-06-04 07:13:30,557 [WARNING] - Audio input error (OSError): No Default Input Device Available - Likely no microphone in sandbox.
2025-06-04 07:13:30,557 [INFO] - No command received or error in listening.
2025-06-04 07:13:30,574 [WARNING] - Audio input error (OSError): No Default Input Device Available - Likely no microphone in sandbox.
2025-06-04 07:13:30,574 [INFO] - No command received or error in listening.
2025-06-04 07:13:30,592 [WARNING] - Audio input error (OSError): No Default Input Device Available - Likely no microphone in sandbox.
2025-06-04 07:13:30,592 [INFO] - No command received or error in listening.
2025-06-04 07:13:30,609 [WARNING] - Audio input error (OSError): No Default Input Device Available - Likely no microphone in sandbox.
2025-06-04 07:13:30,610 [INFO] - No command received or error in listening.
2025-06-04 07:13:30,627 [WARNING] - Audio input error (OSError): No Default Input Device Available - Likely no microphone in sandbox.
2025-06-04 07:13:30,627 [INFO] - No command received or error in listening.
2025-06-04 07:13:30,644 [WARNING] - Audio input error (OSError): No Default Input Device Available - Likely no microphone in sandbox.
2025-06-04 07:13:30,645 [INFO] - No command received or error in listening.
2025-06-04 07:13:30,662 [WARNING] - Audio input error (OSError): No Default Input Device Available - Likely no microphone in sandbox.
2025-06-04 07:13:30,663 [INFO] - No command received or error in listening.
2025-06-04 07:13:30,680 [WARNING] - Audio input error (OSError): No Default Input Device Available - Likely no microphone in sandbox.
2025-06-04 07:13:30,680 [INFO] - No command received or error in listening.
2025-06-04 07:13:30,697 [WARNING] - Audio input error (OSError): No Default Input Device Available - Likely no microphone in sandbox.
2025-06-04 07:13:30,698 [INFO] - No command received or error in listening.
2025-06-04 07:13:30,715 [WARNING] - Audio input error (OSError): No Default Input Device Available - Likely no microphone in sandbox.
2025-06-04 07:13:30,715 [INFO] - No command received or error in listening.
2025-06-04 07:13:30,732 [WARNING] - Audio input error (OSError): No Default Input Device Available - Likely no microphone in sandbox.
2025-06-04 07:13:30,732 [INFO] - No command received or error in listening.
2025-06-04 07:13:30,750 [WARNING] - Audio input error (OSError): No Default Input Device Available - Likely no microphone in sandbox.
2025-06-04 07:13:30,750 [INFO] - No command received or error in listening.
2025-06-04 07:13:30,767 [WARNING] - Audio input error (OSError): No Default Input Device Available - Likely no microphone in sandbox.
2025-06-04 07:13:30,768 [INFO] - No command received or error in listening.
2025-06-04 07:13:30,785 [WARNING] - Audio input error (OSError): No Default Input Device Available - Likely no microphone in sandbox.
2025-06-04 07:13:30,785 [INFO] - No command received or error in listening.
2025-06-04 07:13:30,802 [WARNING] - Audio input error (OSError): No Default Input Device Available - Likely no microphone in sandbox.
2025-06-04 07:13:30,802 [INFO] - No command received or error in listening.
2025-06-04 07:13:30,820 [WARNING] - Audio input error (OSError): No Default Input Device Available - Likely no microphone in sandbox.
2025-06-04 07:13:30,820 [INFO] - No command received or error in listening.
2025-06-04 07:13:30,837 [WARNING] - Audio input error (OSError): No Default Input Device Available - Likely no microphone in sandbox.
2025-06-04 07:13:30,837 [INFO] - No command received or error in listening.
2025-06-04 07:13:30,855 [WARNING] - Audio input error (OSError): No Default Input Device Available - Likely no microphone in sandbox.
2025-06-04 07:13:30,855 [INFO] - No command received or error in listening.
2025-06-04 07:13:30,872 [WARNING] - Audio input error (OSError): No Default Input Device Available - Likely no microphone in sandbox.
2025-06-04 07:13:30,872 [INFO] - No command received or error in listening.
2025-06-04 07:13:30,890 [WARNING] - Audio input error (OSError): No Default Input Device Available - Likely no microphone in sandbox.
2025-06-04 07:13:30,890 [INFO] - No command received or error in listening.
2025-06-04 07:13:30,907 [WARNING] - Audio input error (OSError): No Default Input Device Available - Likely no microphone in sandbox.
2025-06-04 07:13:30,907 [INFO] - No command received or error in listening.
2025-06-04 07:13:30,925 [WARNING] - Audio input error (OSError): No Default Input Device Available - Likely no microphone in sandbox.
2025-06-04 07:13:30,925 [INFO] - No command received or error in listening.
2025-06-04 07:13:30,942 [WARNING] - Audio input error (OSError): No Default Input Device Available - Likely no microphone in sandbox.
2025-06-04 07:13:30,943 [INFO] - No command received or error in listening.
2025-06-04 07:13:30,960 [WARNING] - Audio input error (OSError): No Default Input Device Available - Likely no microphone in sandbox.
2025-06-04 07:13:30,960 [INFO] - No command received or error in listening.
2025-06-04 07:13:30,978 [WARNING] - Audio input error (OSError): No Default Input Device Available - Likely no microphone in sandbox.
2025-06-04 07:13:30,978 [INFO] - No command received or error in listening.
2025-06-04 07:13:30,996 [WARNING] - Audio input error (OSError): No Default Input Device Available - Likely no microphone in sandbox.
2025-06-04 07:13:30,996 [INFO] - No command received or error in listening.
2025-06-04 07:13:31,013 [WARNING] - Audio input error (OSError): No Default Input Device Available - Likely no microphone in sandbox.
2025-06-04 07:13:31,013 [INFO] - No command received or error in listening.
2025-06-04 07:13:31,031 [WARNING] - Audio input error (OSError): No Default Input Device Available - Likely no microphone in sandbox.
2025-06-04 07:13:31,031 [INFO] - No command received or error in listening.
2025-06-04 07:13:31,048 [WARNING] - Audio input error (OSError): No Default Input Device Available - Likely no microphone in sandbox.
2025-06-04 07:13:31,048 [INFO] - No command received or error in listening.
2025-06-04 07:13:31,066 [WARNING] - Audio input error (OSError): No Default Input Device Available - Likely no microphone in sandbox.
2025-06-04 07:13:31,066 [INFO] - No command received or error in listening.
2025-06-04 07:13:31,083 [WARNING] - Audio input error (OSError): No Default Input Device Available - Likely no microphone in sandbox.
2025-06-04 07:13:31,084 [INFO] - No command received or error in listening.
2025-06-04 07:13:31,101 [WARNING] - Audio input error (OSError): No Default Input Device Available - Likely no microphone in sandbox.
2025-06-04 07:13:31,101 [INFO] - No command received or error in listening.
2025-06-04 07:13:31,118 [WARNING] - Audio input error (OSError): No Default Input Device Available - Likely no microphone in sandbox.
2025-06-04 07:13:31,119 [INFO] - No command received or error in listening.
2025-06-04 07:13:31,136 [WARNING] - Audio input error (OSError): No Default Input Device Available - Likely no microphone in sandbox.
2025-06-04 07:13:31,136 [INFO] - No command received or error in listening.
2025-06-04 07:13:31,153 [WARNING] - Audio input error (OSError): No Default Input Device Available - Likely no microphone in sandbox.
2025-06-04 07:13:31,154 [INFO] - No command received or error in listening.
2025-06-04 07:13:31,171 [WARNING] - Audio input error (OSError): No Default Input Device Available - Likely no microphone in sandbox.
2025-06-04 07:13:31,171 [INFO] - No command received or error in listening.
2025-06-04 07:13:31,189 [WARNING] - Audio input error (OSError): No Default Input Device Available - Likely no microphone in sandbox.
2025-06-04 07:13:31,189 [INFO] - No command received or error in listening.
2025-06-04 07:13:31,206 [WARNING] - Audio input error (OSError): No Default Input Device Available - Likely no microphone in sandbox.
2025-06-04 07:13:31,207 [INFO] - No command received or error in listening.
2025-06-04 07:13:31,224 [WARNING] - Audio input error (OSError): No Default Input Device Available - Likely no microphone in sandbox.
2025-06-04 07:13:31,224 [INFO] - No command received or error in listening.
2025-06-04 07:13:31,241 [WARNING] - Audio input error (OSError): No Default Input Device Available - Likely no microphone in sandbox.
2025-06-04 07:13:31,242 [INFO] - No command received or error in listening.
2025-06-04 07:13:31,259 [WARNING] - Audio input error (OSError): No Default Input Device Available - Likely no microphone in sandbox.
2025-06-04 07:13:31,259 [INFO] - No command received or error in listening.
2025-06-04 07:13:31,277 [WARNING] - Audio input error (OSError): No Default Input Device Available - Likely no microphone in sandbox.
2025-06-04 07:13:31,277 [INFO] - No command received or error in listening.
2025-06-04 07:13:31,294 [WARNING] - Audio input error (OSError): No Default Input Device Available - Likely no microphone in sandbox.
2025-06-04 07:13:31,295 [INFO] - No command received or error in listening.
2025-06-04 07:13:31,312 [WARNING] - Audio input error (OSError): No Default Input Device Available - Likely no microphone in sandbox.
2025-06-04 07:13:31,312 [INFO] - No command received or error in listening.
2025-06-04 07:13:31,330 [WARNING] - Audio input error (OSError): No Default Input Device Available - Likely no microphone in sandbox.
2025-06-04 07:13:31,330 [INFO] - No command received or error in listening.
2025-06-04 07:13:31,347 [WARNING] - Audio input error (OSError): No Default Input Device Available - Likely no microphone in sandbox.
2025-06-04 07:13:31,347 [INFO] - No command received or error in listening.
2025-06-04 07:13:31,365 [WARNING] - Audio input error (OSError): No Default Input Device Available - Likely no microphone in sandbox.
2025-06-04 07:13:31,365 [INFO] - No command received or error in listening.
2025-06-04 07:13:31,382 [WARNING] - Audio input error (OSError): No Default Input Device Available - Likely no microphone in sandbox.
2025-06-04 07:13:31,382 [INFO] - No command received or error in listening.
2025-06-04 07:13:31,400 [WARNING] - Audio input error (OSError): No Default Input Device Available - Likely no microphone in sandbox.
2025-06-04 07:13:31,400 [INFO] - No command received or error in listening.
2025-06-04 07:13:31,417 [WARNING] - Audio input error (OSError): No Default Input Device Available - Likely no microphone in sandbox.
2025-06-04 07:13:31,417 [INFO] - No command received or error in listening.
2025-06-04 07:13:31,435 [WARNING] - Audio input error (OSError): No Default Input Device Available - Likely no microphone in sandbox.
2025-06-04 07:13:31,435 [INFO] - No command received or error in listening.
2025-06-04 07:13:31,452 [WARNING] - Audio input error (OSError): No Default Input Device Available - Likely no microphone in sandbox.
2025-06-04 07:13:31,452 [INFO] - No command received or error in listening.
2025-06-04 07:13:31,470 [WARNING] - Audio input error (OSError): No Default Input Device Available - Likely no microphone in sandbox.
2025-06-04 07:13:31,470 [INFO] - No command received or error in listening.
2025-06-04 07:13:31,487 [WARNING] - Audio input error (OSError): No Default Input Device Available - Likely no microphone in sandbox.
2025-06-04 07:13:31,488 [INFO] - No command received or error in listening.
2025-06-04 07:13:31,505 [WARNING] - Audio input error (OSError): No Default Input Device Available - Likely no microphone in sandbox.
2025-06-04 07:13:31,505 [INFO] - No command received or error in listening.
2025-06-04 07:13:31,523 [WARNING] - Audio input error (OSError): No Default Input Device Available - Likely no microphone in sandbox.
2025-06-04 07:13:31,523 [INFO] - No command received or error in listening.
2025-06-04 07:13:31,540 [WARNING] - Audio input error (OSError): No Default Input Device Available - Likely no microphone in sandbox.
2025-06-04 07:13:31,540 [INFO] - No command received or error in listening.
2025-06-04 07:13:31,558 [WARNING] - Audio input error (OSError): No Default Input Device Available - Likely no microphone in sandbox.
2025-06-04 07:13:31,558 [INFO] - No command received or error in listening.
2025-06-04 07:13:31,575 [WARNING] - Audio input error (OSError): No Default Input Device Available - Likely no microphone in sandbox.
2025-06-04 07:13:31,576 [INFO] - No command received or error in listening.
2025-06-04 07:13:31,593 [WARNING] - Audio input error (OSError): No Default Input Device Available - Likely no microphone in sandbox.
2025-06-04 07:13:31,593 [INFO] - No command received or error in listening.
2025-06-04 07:13:31,611 [WARNING] - Audio input error (OSError): No Default Input Device Available - Likely no microphone in sandbox.
2025-06-04 07:13:31,611 [INFO] - No command received or error in listening.
2025-06-04 07:13:31,628 [WARNING] - Audio input error (OSError): No Default Input Device Available - Likely no microphone in sandbox.
2025-06-04 07:13:31,628 [INFO] - No command received or error in listening.
2025-06-04 07:13:31,646 [WARNING] - Audio input error (OSError): No Default Input Device Available - Likely no microphone in sandbox.
2025-06-04 07:13:31,646 [INFO] - No command received or error in listening.
2025-06-04 07:13:31,664 [WARNING] - Audio input error (OSError): No Default Input Device Available - Likely no microphone in sandbox.
2025-06-04 07:13:31,664 [INFO] - No command received or error in listening.
2025-06-04 07:13:31,682 [WARNING] - Audio input error (OSError): No Default Input Device Available - Likely no microphone in sandbox.
2025-06-04 07:13:31,682 [INFO] - No command received or error in listening.
2025-06-04 07:13:31,699 [WARNING] - Audio input error (OSError): No Default Input Device Available - Likely no microphone in sandbox.
2025-06-04 07:13:31,699 [INFO] - No command received or error in listening.
2025-06-04 07:13:31,717 [WARNING] - Audio input error (OSError): No Default Input Device Available - Likely no microphone in sandbox.
2025-06-04 07:13:31,718 [INFO] - No command received or error in listening.
2025-06-04 07:13:31,735 [WARNING] - Audio input error (OSError): No Default Input Device Available - Likely no microphone in sandbox.
2025-06-04 07:13:31,735 [INFO] - No command received or error in listening.
2025-06-04 07:13:31,752 [WARNING] - Audio input error (OSError): No Default Input Device Available - Likely no microphone in sandbox.
2025-06-04 07:13:31,753 [INFO] - No command received or error in listening.
2025-06-04 07:13:31,770 [WARNING] - Audio input error (OSError): No Default Input Device Available - Likely no microphone in sandbox.
2025-06-04 07:13:31,770 [INFO] - No command received or error in listening.
2025-06-04 07:13:31,788 [WARNING] - Audio input error (OSError): No Default Input Device Available - Likely no microphone in sandbox.
2025-06-04 07:13:31,788 [INFO] - No command received or error in listening.
2025-06-04 07:13:31,805 [WARNING] - Audio input error (OSError): No Default Input Device Available - Likely no microphone in sandbox.
2025-06-04 07:13:31,805 [INFO] - No command received or error in listening.
2025-06-04 07:13:31,823 [WARNING] - Audio input error (OSError): No Default Input Device Available - Likely no microphone in sandbox.
2025-06-04 07:13:31,823 [INFO] - No command received or error in listening.
2025-06-04 07:13:31,840 [WARNING] - Audio input error (OSError): No Default Input Device Available - Likely no microphone in sandbox.
2025-06-04 07:13:31,841 [INFO] - No command received or error in listening.
2025-06-04 07:13:31,858 [WARNING] - Audio input error (OSError): No Default Input Device Available - Likely no microphone in sandbox.
2025-06-04 07:13:31,858 [INFO] - No command received or error in listening.
2025-06-04 07:13:31,876 [WARNING] - Audio input error (OSError): No Default Input Device Available - Likely no microphone in sandbox.
2025-06-04 07:13:31,876 [INFO] - No command received or error in listening.
2025-06-04 07:13:31,893 [WARNING] - Audio input error (OSError): No Default Input Device Available - Likely no microphone in sandbox.
2025-06-04 07:13:31,894 [INFO] - No command received or error in listening.
2025-06-04 07:13:31,911 [WARNING] - Audio input error (OSError): No Default Input Device Available - Likely no microphone in sandbox.
2025-06-04 07:13:31,911 [INFO] - No command received or error in listening.
2025-06-04 07:13:31,929 [WARNING] - Audio input error (OSError): No Default Input Device Available - Likely no microphone in sandbox.
2025-06-04 07:13:31,929 [INFO] - No command received or error in listening.
2025-06-04 07:13:31,947 [WARNING] - Audio input error (OSError): No Default Input Device Available - Likely no microphone in sandbox.
2025-06-04 07:13:31,947 [INFO] - No command received or error in listening.
2025-06-04 07:13:31,964 [WARNING] - Audio input error (OSError): No Default Input Device Available - Likely no microphone in sandbox.
2025-06-04 07:13:31,964 [INFO] - No command received or error in listening.
2025-06-04 07:13:31,982 [WARNING] - Audio input error (OSError): No Default Input Device Available - Likely no microphone in sandbox.
2025-06-04 07:13:31,982 [INFO] - No command received or error in listening.
2025-06-04 07:13:31,999 [WARNING] - Audio input error (OSError): No Default Input Device Available - Likely no microphone in sandbox.
2025-06-04 07:13:31,999 [INFO] - No command received or error in listening.
2025-06-04 07:13:32,017 [WARNING] - Audio input error (OSError): No Default Input Device Available - Likely no microphone in sandbox.
2025-06-04 07:13:32,017 [INFO] - No command received or error in listening.
2025-06-04 07:13:32,035 [WARNING] - Audio input error (OSError): No Default Input Device Available - Likely no microphone in sandbox.
2025-06-04 07:13:32,035 [INFO] - No command received or error in listening.
2025-06-04 07:13:32,052 [WARNING] - Audio input error (OSError): No Default Input Device Available - Likely no microphone in sandbox.
2025-06-04 07:13:32,052 [INFO] - No command received or error in listening.
2025-06-04 07:13:32,070 [WARNING] - Audio input error (OSError): No Default Input Device Available - Likely no microphone in sandbox.
2025-06-04 07:13:32,070 [INFO] - No command received or error in listening.
2025-06-04 07:13:32,088 [WARNING] - Audio input error (OSError): No Default Input Device Available - Likely no microphone in sandbox.
2025-06-04 07:13:32,088 [INFO] - No command received or error in listening.
2025-06-04 07:13:32,105 [WARNING] - Audio input error (OSError): No Default Input Device Available - Likely no microphone in sandbox.
2025-06-04 07:13:32,106 [INFO] - No command received or error in listening.
2025-06-04 07:13:32,123 [WARNING] - Audio input error (OSError): No Default Input Device Available - Likely no microphone in sandbox.
2025-06-04 07:13:32,123 [INFO] - No command received or error in listening.
2025-06-04 07:13:32,140 [WARNING] - Audio input error (OSError): No Default Input Device Available - Likely no microphone in sandbox.
2025-06-04 07:13:32,141 [INFO] - No command received or error in listening.
2025-06-04 07:13:32,158 [WARNING] - Audio input error (OSError): No Default Input Device Available - Likely no microphone in sandbox.
2025-06-04 07:13:32,158 [INFO] - No command received or error in listening.
2025-06-04 07:13:32,176 [WARNING] - Audio input error (OSError): No Default Input Device Available - Likely no microphone in sandbox.
2025-06-04 07:13:32,176 [INFO] - No command received or error in listening.
2025-06-04 07:13:32,194 [WARNING] - Audio input error (OSError): No Default Input Device Available - Likely no microphone in sandbox.
2025-06-04 07:13:32,194 [INFO] - No command received or error in listening.
2025-06-04 07:13:32,212 [WARNING] - Audio input error (OSError): No Default Input Device Available - Likely no microphone in sandbox.
2025-06-04 07:13:32,212 [INFO] - No command received or error in listening.
2025-06-04 07:13:32,230 [WARNING] - Audio input error (OSError): No Default Input Device Available - Likely no microphone in sandbox.
2025-06-04 07:13:32,230 [INFO] - No command received or error in listening.
2025-06-04 07:13:32,247 [WARNING] - Audio input error (OSError): No Default Input Device Available - Likely no microphone in sandbox.
2025-06-04 07:13:32,248 [INFO] - No command received or error in listening.
2025-06-04 07:13:32,265 [WARNING] - Audio input error (OSError): No Default Input Device Available - Likely no microphone in sandbox.
2025-06-04 07:13:32,265 [INFO] - No command received or error in listening.
2025-06-04 07:13:32,283 [WARNING] - Audio input error (OSError): No Default Input Device Available - Likely no microphone in sandbox.
2025-06-04 07:13:32,283 [INFO] - No command received or error in listening.
2025-06-04 07:13:32,300 [WARNING] - Audio input error (OSError): No Default Input Device Available - Likely no microphone in sandbox.
2025-06-04 07:13:32,300 [INFO] - No command received or error in listening.
2025-06-04 07:13:32,318 [WARNING] - Audio input error (OSError): No Default Input Device Available - Likely no microphone in sandbox.
2025-06-04 07:13:32,318 [INFO] - No command received or error in listening.
2025-06-04 07:13:32,335 [WARNING] - Audio input error (OSError): No Default Input Device Available - Likely no microphone in sandbox.
2025-06-04 07:13:32,335 [INFO] - No command received or error in listening.
2025-06-04 07:13:32,353 [WARNING] - Audio input error (OSError): No Default Input Device Available - Likely no microphone in sandbox.
2025-06-04 07:13:32,353 [INFO] - No command received or error in listening.
2025-06-04 07:13:32,370 [WARNING] - Audio input error (OSError): No Default Input Device Available - Likely no microphone in sandbox.
2025-06-04 07:13:32,371 [INFO] - No command received or error in listening.
2025-06-04 07:13:32,388 [WARNING] - Audio input error (OSError): No Default Input Device Available - Likely no microphone in sandbox.
2025-06-04 07:13:32,388 [INFO] - No command received or error in listening.
2025-06-04 07:13:32,406 [WARNING] - Audio input error (OSError): No Default Input Device Available - Likely no microphone in sandbox.
2025-06-04 07:13:32,406 [INFO] - No command received or error in listening.
2025-06-04 07:13:32,423 [WARNING] - Audio input error (OSError): No Default Input Device Available - Likely no microphone in sandbox.
2025-06-04 07:13:32,423 [INFO] - No command received or error in listening.
2025-06-04 07:13:32,441 [WARNING] - Audio input error (OSError): No Default Input Device Available - Likely no microphone in sandbox.
2025-06-04 07:13:32,441 [INFO] - No command received or error in listening.
2025-06-04 07:13:32,458 [WARNING] - Audio input error (OSError): No Default Input Device Available - Likely no microphone in sandbox.
2025-06-04 07:13:32,458 [INFO] - No command received or error in listening.
2025-06-04 07:13:32,476 [WARNING] - Audio input error (OSError): No Default Input Device Available - Likely no microphone in sandbox.
2025-06-04 07:13:32,476 [INFO] - No command received or error in listening.
2025-06-04 07:13:32,493 [WARNING] - Audio input error (OSError): No Default Input Device Available - Likely no microphone in sandbox.
2025-06-04 07:13:32,494 [INFO] - No command received or error in listening.
2025-06-04 07:13:32,511 [WARNING] - Audio input error (OSError): No Default Input Device Available - Likely no microphone in sandbox.
2025-06-04 07:13:32,511 [INFO] - No command received or error in listening.
2025-06-04 07:13:32,529 [WARNING] - Audio input error (OSError): No Default Input Device Available - Likely no microphone in sandbox.
2025-06-04 07:13:32,529 [INFO] - No command received or error in listening.
2025-06-04 07:13:32,546 [WARNING] - Audio input error (OSError): No Default Input Device Available - Likely no microphone in sandbox.
2025-06-04 07:13:32,547 [INFO] - No command received or error in listening.
2025-06-04 07:13:32,564 [WARNING] - Audio input error (OSError): No Default Input Device Available - Likely no microphone in sandbox.
2025-06-04 07:13:32,564 [INFO] - No command received or error in listening.
2025-06-04 07:13:32,581 [WARNING] - Audio input error (OSError): No Default Input Device Available - Likely no microphone in sandbox.
2025-06-04 07:13:32,582 [INFO] - No command received or error in listening.
2025-06-04 07:13:32,599 [WARNING] - Audio input error (OSError): No Default Input Device Available - Likely no microphone in sandbox.
2025-06-04 07:13:32,599 [INFO] - No command received or error in listening.
2025-06-04 07:13:32,617 [WARNING] - Audio input error (OSError): No Default Input Device Available - Likely no microphone in sandbox.
2025-06-04 07:13:32,617 [INFO] - No command received or error in listening.
2025-06-04 07:13:32,635 [WARNING] - Audio input error (OSError): No Default Input Device Available - Likely no microphone in sandbox.
2025-06-04 07:13:32,635 [INFO] - No command received or error in listening.
2025-06-04 07:13:32,652 [WARNING] - Audio input error (OSError): No Default Input Device Available - Likely no microphone in sandbox.
2025-06-04 07:13:32,652 [INFO] - No command received or error in listening.
2025-06-04 07:13:32,670 [WARNING] - Audio input error (OSError): No Default Input Device Available - Likely no microphone in sandbox.
2025-06-04 07:13:32,670 [INFO] - No command received or error in listening.
2025-06-04 07:13:32,687 [WARNING] - Audio input error (OSError): No Default Input Device Available - Likely no microphone in sandbox.
2025-06-04 07:13:32,687 [INFO] - No command received or error in listening.
2025-06-04 07:13:32,705 [WARNING] - Audio input error (OSError): No Default Input Device Available - Likely no microphone in sandbox.
2025-06-04 07:13:32,705 [INFO] - No command received or error in listening.
2025-06-04 07:13:32,722 [WARNING] - Audio input error (OSError): No Default Input Device Available - Likely no microphone in sandbox.
2025-06-04 07:13:32,722 [INFO] - No command received or error in listening.
2025-06-04 07:13:32,740 [WARNING] - Audio input error (OSError): No Default Input Device Available - Likely no microphone in sandbox.
2025-06-04 07:13:32,740 [INFO] - No command received or error in listening.
2025-06-04 07:13:32,757 [WARNING] - Audio input error (OSError): No Default Input Device Available - Likely no microphone in sandbox.
2025-06-04 07:13:32,758 [INFO] - No command received or error in listening.
2025-06-04 07:13:32,775 [WARNING] - Audio input error (OSError): No Default Input Device Available - Likely no microphone in sandbox.
2025-06-04 07:13:32,775 [INFO] - No command received or error in listening.
2025-06-04 07:13:32,793 [WARNING] - Audio input error (OSError): No Default Input Device Available - Likely no microphone in sandbox.
2025-06-04 07:13:32,793 [INFO] - No command received or error in listening.
2025-06-04 07:13:32,810 [WARNING] - Audio input error (OSError): No Default Input Device Available - Likely no microphone in sandbox.
2025-06-04 07:13:32,810 [INFO] - No command received or error in listening.
2025-06-04 07:13:32,828 [WARNING] - Audio input error (OSError): No Default Input Device Available - Likely no microphone in sandbox.
2025-06-04 07:13:32,828 [INFO] - No command received or error in listening.
2025-06-04 07:13:32,846 [WARNING] - Audio input error (OSError): No Default Input Device Available - Likely no microphone in sandbox.
2025-06-04 07:13:32,846 [INFO] - No command received or error in listening.
2025-06-04 07:13:32,863 [WARNING] - Audio input error (OSError): No Default Input Device Available - Likely no microphone in sandbox.
2025-06-04 07:13:32,863 [INFO] - No command received or error in listening.
2025-06-04 07:13:32,881 [WARNING] - Audio input error (OSError): No Default Input Device Available - Likely no microphone in sandbox.
2025-06-04 07:13:32,881 [INFO] - No command received or error in listening.
2025-06-04 07:13:32,899 [WARNING] - Audio input error (OSError): No Default Input Device Available - Likely no microphone in sandbox.
2025-06-04 07:13:32,899 [INFO] - No command received or error in listening.
2025-06-04 07:13:32,917 [WARNING] - Audio input error (OSError): No Default Input Device Available - Likely no microphone in sandbox.
2025-06-04 07:13:32,917 [INFO] - No command received or error in listening.
2025-06-04 07:13:32,934 [WARNING] - Audio input error (OSError): No Default Input Device Available - Likely no microphone in sandbox.
2025-06-04 07:13:32,935 [INFO] - No command received or error in listening.
2025-06-04 07:13:32,952 [WARNING] - Audio input error (OSError): No Default Input Device Available - Likely no microphone in sandbox.
2025-06-04 07:13:32,952 [INFO] - No command received or error in listening.
2025-06-04 07:13:32,969 [WARNING] - Audio input error (OSError): No Default Input Device Available - Likely no microphone in sandbox.
2025-06-04 07:13:32,969 [INFO] - No command received or error in listening.
2025-06-04 07:13:32,987 [WARNING] - Audio input error (OSError): No Default Input Device Available - Likely no microphone in sandbox.
2025-06-04 07:13:32,987 [INFO] - No command received or error in listening.
2025-06-04 07:13:33,004 [WARNING] - Audio input error (OSError): No Default Input Device Available - Likely no microphone in sandbox.
2025-06-04 07:13:33,005 [INFO] - No command received or error in listening.
2025-06-04 07:13:33,022 [WARNING] - Audio input error (OSError): No Default Input Device Available - Likely no microphone in sandbox.
2025-06-04 07:13:33,022 [INFO] - No command received or error in listening.
2025-06-04 07:13:33,040 [WARNING] - Audio input error (OSError): No Default Input Device Available - Likely no microphone in sandbox.
2025-06-04 07:13:33,040 [INFO] - No command received or error in listening.
2025-06-04 07:13:33,058 [WARNING] - Audio input error (OSError): No Default Input Device Available - Likely no microphone in sandbox.
2025-06-04 07:13:33,058 [INFO] - No command received or error in listening.
2025-06-04 07:13:33,076 [WARNING] - Audio input error (OSError): No Default Input Device Available - Likely no microphone in sandbox.
2025-06-04 07:13:33,076 [INFO] - No command received or error in listening.
2025-06-04 07:13:33,093 [WARNING] - Audio input error (OSError): No Default Input Device Available - Likely no microphone in sandbox.
2025-06-04 07:13:33,094 [INFO] - No command received or error in listening.
2025-06-04 07:13:33,111 [WARNING] - Audio input error (OSError): No Default Input Device Available - Likely no microphone in sandbox.
2025-06-04 07:13:33,111 [INFO] - No command received or error in listening.
2025-06-04 07:13:33,129 [WARNING] - Audio input error (OSError): No Default Input Device Available - Likely no microphone in sandbox.
2025-06-04 07:13:33,129 [INFO] - No command received or error in listening.
2025-06-04 07:13:33,146 [WARNING] - Audio input error (OSError): No Default Input Device Available - Likely no microphone in sandbox.
2025-06-04 07:13:33,147 [INFO] - No command received or error in listening.
2025-06-04 07:13:33,164 [WARNING] - Audio input error (OSError): No Default Input Device Available - Likely no microphone in sandbox.
2025-06-04 07:13:33,164 [INFO] - No command received or error in listening.
2025-06-04 07:13:33,182 [WARNING] - Audio input error (OSError): No Default Input Device Available - Likely no microphone in sandbox.
2025-06-04 07:13:33,182 [INFO] - No command received or error in listening.
2025-06-04 07:13:33,200 [WARNING] - Audio input error (OSError): No Default Input Device Available - Likely no microphone in sandbox.
2025-06-04 07:13:33,200 [INFO] - No command received or error in listening.
2025-06-04 07:13:33,218 [WARNING] - Audio input error (OSError): No Default Input Device Available - Likely no microphone in sandbox.
2025-06-04 07:13:33,218 [INFO] - No command received or error in listening.
2025-06-04 07:13:33,236 [WARNING] - Audio input error (OSError): No Default Input Device Available - Likely no microphone in sandbox.
2025-06-04 07:13:33,236 [INFO] - No command received or error in listening.
2025-06-04 07:13:33,253 [WARNING] - Audio input error (OSError): No Default Input Device Available - Likely no microphone in sandbox.
2025-06-04 07:13:33,253 [INFO] - No command received or error in listening.
2025-06-04 07:13:33,271 [WARNING] - Audio input error (OSError): No Default Input Device Available - Likely no microphone in sandbox.
2025-06-04 07:13:33,271 [INFO] - No command received or error in listening.
2025-06-04 07:13:33,288 [WARNING] - Audio input error (OSError): No Default Input Device Available - Likely no microphone in sandbox.
2025-06-04 07:13:33,289 [INFO] - No command received or error in listening.
2025-06-04 07:13:33,306 [WARNING] - Audio input error (OSError): No Default Input Device Available - Likely no microphone in sandbox.
2025-06-04 07:13:33,307 [INFO] - No command received or error in listening.
2025-06-04 07:13:33,324 [WARNING] - Audio input error (OSError): No Default Input Device Available - Likely no microphone in sandbox.
2025-06-04 07:13:33,324 [INFO] - No command received or error in listening.
2025-06-04 07:13:33,341 [WARNING] - Audio input error (OSError): No Default Input Device Available - Likely no microphone in sandbox.
2025-06-04 07:13:33,342 [INFO] - No command received or error in listening.
2025-06-04 07:13:33,359 [WARNING] - Audio input error (OSError): No Default Input Device Available - Likely no microphone in sandbox.
2025-06-04 07:13:33,359 [INFO] - No command received or error in listening.
2025-06-04 07:13:33,377 [WARNING] - Audio input error (OSError): No Default Input Device Available - Likely no microphone in sandbox.
2025-06-04 07:13:33,377 [INFO] - No command received or error in listening.
2025-06-04 07:13:33,394 [WARNING] - Audio input error (OSError): No Default Input Device Available - Likely no microphone in sandbox.
2025-06-04 07:13:33,394 [INFO] - No command received or error in listening.
2025-06-04 07:13:33,412 [WARNING] - Audio input error (OSError): No Default Input Device Available - Likely no microphone in sandbox.
2025-06-04 07:13:33,412 [INFO] - No command received or error in listening.
2025-06-04 07:13:33,429 [WARNING] - Audio input error (OSError): No Default Input Device Available - Likely no microphone in sandbox.
2025-06-04 07:13:33,429 [INFO] - No command received or error in listening.
2025-06-04 07:13:33,447 [WARNING] - Audio input error (OSError): No Default Input Device Available - Likely no microphone in sandbox.
2025-06-04 07:13:33,447 [INFO] - No command received or error in listening.
2025-06-04 07:13:33,464 [WARNING] - Audio input error (OSError): No Default Input Device Available - Likely no microphone in sandbox.
2025-06-04 07:13:33,464 [INFO] - No command received or error in listening.
2025-06-04 07:13:33,482 [WARNING] - Audio input error (OSError): No Default Input Device Available - Likely no microphone in sandbox.
2025-06-04 07:13:33,482 [INFO] - No command received or error in listening.
2025-06-04 07:13:33,499 [WARNING] - Audio input error (OSError): No Default Input Device Available - Likely no microphone in sandbox.
2025-06-04 07:13:33,499 [INFO] - No command received or error in listening.
2025-06-04 07:13:33,517 [WARNING] - Audio input error (OSError): No Default Input Device Available - Likely no microphone in sandbox.
2025-06-04 07:13:33,517 [INFO] - No command received or error in listening.
2025-06-04 07:13:33,534 [WARNING] - Audio input error (OSError): No Default Input Device Available - Likely no microphone in sandbox.
2025-06-04 07:13:33,534 [INFO] - No command received or error in listening.
2025-06-04 07:13:33,552 [WARNING] - Audio input error (OSError): No Default Input Device Available - Likely no microphone in sandbox.
2025-06-04 07:13:33,552 [INFO] - No command received or error in listening.
2025-06-04 07:13:33,569 [WARNING] - Audio input error (OSError): No Default Input Device Available - Likely no microphone in sandbox.
2025-06-04 07:13:33,569 [INFO] - No command received or error in listening.
2025-06-04 07:13:33,586 [WARNING] - Audio input error (OSError): No Default Input Device Available - Likely no microphone in sandbox.
2025-06-04 07:13:33,587 [INFO] - No command received or error in listening.
2025-06-04 07:13:33,604 [WARNING] - Audio input error (OSError): No Default Input Device Available - Likely no microphone in sandbox.
2025-06-04 07:13:33,604 [INFO] - No command received or error in listening.
2025-06-04 07:13:33,621 [WARNING] - Audio input error (OSError): No Default Input Device Available - Likely no microphone in sandbox.
2025-06-04 07:13:33,621 [INFO] - No command received or error in listening.
2025-06-04 07:13:33,639 [WARNING] - Audio input error (OSError): No Default Input Device Available - Likely no microphone in sandbox.
2025-06-04 07:13:33,639 [INFO] - No command received or error in listening.
2025-06-04 07:13:33,656 [WARNING] - Audio input error (OSError): No Default Input Device Available - Likely no microphone in sandbox.
2025-06-04 07:13:33,656 [INFO] - No command received or error in listening.
2025-06-04 07:13:33,673 [WARNING] - Audio input error (OSError): No Default Input Device Available - Likely no microphone in sandbox.
2025-06-04 07:13:33,673 [INFO] - No command received or error in listening.
2025-06-04 07:13:33,690 [WARNING] - Audio input error (OSError): No Default Input Device Available - Likely no microphone in sandbox.
2025-06-04 07:13:33,690 [INFO] - No command received or error in listening.
2025-06-04 07:13:33,708 [WARNING] - Audio input error (OSError): No Default Input Device Available - Likely no microphone in sandbox.
2025-06-04 07:13:33,708 [INFO] - No command received or error in listening.
2025-06-04 07:13:33,725 [WARNING] - Audio input error (OSError): No Default Input Device Available - Likely no microphone in sandbox.
2025-06-04 07:13:33,725 [INFO] - No command received or error in listening.
2025-06-04 07:13:33,742 [WARNING] - Audio input error (OSError): No Default Input Device Available - Likely no microphone in sandbox.
2025-06-04 07:13:33,742 [INFO] - No command received or error in listening.
2025-06-04 07:13:33,760 [WARNING] - Audio input error (OSError): No Default Input Device Available - Likely no microphone in sandbox.
2025-06-04 07:13:33,760 [INFO] - No command received or error in listening.
2025-06-04 07:13:33,777 [WARNING] - Audio input error (OSError): No Default Input Device Available - Likely no microphone in sandbox.
2025-06-04 07:13:33,777 [INFO] - No command received or error in listening.
2025-06-04 07:13:33,794 [WARNING] - Audio input error (OSError): No Default Input Device Available - Likely no microphone in sandbox.
2025-06-04 07:13:33,795 [INFO] - No command received or error in listening.
2025-06-04 07:13:33,812 [WARNING] - Audio input error (OSError): No Default Input Device Available - Likely no microphone in sandbox.
2025-06-04 07:13:33,812 [INFO] - No command received or error in listening.
2025-06-04 07:13:33,829 [WARNING] - Audio input error (OSError): No Default Input Device Available - Likely no microphone in sandbox.
2025-06-04 07:13:33,829 [INFO] - No command received or error in listening.
2025-06-04 07:13:33,846 [WARNING] - Audio input error (OSError): No Default Input Device Available - Likely no microphone in sandbox.
2025-06-04 07:13:33,846 [INFO] - No command received or error in listening.
2025-06-04 07:13:33,864 [WARNING] - Audio input error (OSError): No Default Input Device Available - Likely no microphone in sandbox.
2025-06-04 07:13:33,864 [INFO] - No command received or error in listening.
2025-06-04 07:13:33,881 [WARNING] - Audio input error (OSError): No Default Input Device Available - Likely no microphone in sandbox.
2025-06-04 07:13:33,881 [INFO] - No command received or error in listening.
2025-06-04 07:13:33,899 [WARNING] - Audio input error (OSError): No Default Input Device Available - Likely no microphone in sandbox.
2025-06-04 07:13:33,899 [INFO] - No command received or error in listening.
2025-06-04 07:13:33,916 [WARNING] - Audio input error (OSError): No Default Input Device Available - Likely no microphone in sandbox.
2025-06-04 07:13:33,916 [INFO] - No command received or error in listening.
2025-06-04 07:13:33,933 [WARNING] - Audio input error (OSError): No Default Input Device Available - Likely no microphone in sandbox.
2025-06-04 07:13:33,934 [INFO] - No command received or error in listening.
2025-06-04 07:13:33,951 [WARNING] - Audio input error (OSError): No Default Input Device Available - Likely no microphone in sandbox.
2025-06-04 07:13:33,951 [INFO] - No command received or error in listening.
2025-06-04 07:13:33,968 [WARNING] - Audio input error (OSError): No Default Input Device Available - Likely no microphone in sandbox.
2025-06-04 07:13:33,968 [INFO] - No command received or error in listening.
2025-06-04 07:13:33,985 [WARNING] - Audio input error (OSError): No Default Input Device Available - Likely no microphone in sandbox.
2025-06-04 07:13:33,986 [INFO] - No command received or error in listening.
2025-06-04 07:13:34,003 [WARNING] - Audio input error (OSError): No Default Input Device Available - Likely no microphone in sandbox.
2025-06-04 07:13:34,003 [INFO] - No command received or error in listening.
2025-06-04 07:13:34,020 [WARNING] - Audio input error (OSError): No Default Input Device Available - Likely no microphone in sandbox.
2025-06-04 07:13:34,021 [INFO] - No command received or error in listening.
2025-06-04 07:13:34,038 [WARNING] - Audio input error (OSError): No Default Input Device Available - Likely no microphone in sandbox.
2025-06-04 07:13:34,038 [INFO] - No command received or error in listening.
2025-06-04 07:13:34,055 [WARNING] - Audio input error (OSError): No Default Input Device Available - Likely no microphone in sandbox.
2025-06-04 07:13:34,056 [INFO] - No command received or error in listening.
2025-06-04 07:13:34,073 [WARNING] - Audio input error (OSError): No Default Input Device Available - Likely no microphone in sandbox.
2025-06-04 07:13:34,073 [INFO] - No command received or error in listening.
2025-06-04 07:13:34,091 [WARNING] - Audio input error (OSError): No Default Input Device Available - Likely no microphone in sandbox.
2025-06-04 07:13:34,091 [INFO] - No command received or error in listening.
2025-06-04 07:13:34,108 [WARNING] - Audio input error (OSError): No Default Input Device Available - Likely no microphone in sandbox.
2025-06-04 07:13:34,108 [INFO] - No command received or error in listening.
2025-06-04 07:13:34,126 [WARNING] - Audio input error (OSError): No Default Input Device Available - Likely no microphone in sandbox.
2025-06-04 07:13:34,126 [INFO] - No command received or error in listening.
2025-06-04 07:13:34,143 [WARNING] - Audio input error (OSError): No Default Input Device Available - Likely no microphone in sandbox.
2025-06-04 07:13:34,143 [INFO] - No command received or error in listening.
2025-06-04 07:13:34,160 [WARNING] - Audio input error (OSError): No Default Input Device Available - Likely no microphone in sandbox.
2025-06-04 07:13:34,160 [INFO] - No command received or error in listening.
2025-06-04 07:13:34,177 [WARNING] - Audio input error (OSError): No Default Input Device Available - Likely no microphone in sandbox.
2025-06-04 07:13:34,178 [INFO] - No command received or error in listening.
2025-06-04 07:13:34,195 [WARNING] - Audio input error (OSError): No Default Input Device Available - Likely no microphone in sandbox.
2025-06-04 07:13:34,195 [INFO] - No command received or error in listening.
2025-06-04 07:13:34,212 [WARNING] - Audio input error (OSError): No Default Input Device Available - Likely no microphone in sandbox.
2025-06-04 07:13:34,212 [INFO] - No command received or error in listening.
2025-06-04 07:13:34,229 [WARNING] - Audio input error (OSError): No Default Input Device Available - Likely no microphone in sandbox.
2025-06-04 07:13:34,229 [INFO] - No command received or error in listening.
2025-06-04 07:13:34,247 [WARNING] - Audio input error (OSError): No Default Input Device Available - Likely no microphone in sandbox.
2025-06-04 07:13:34,247 [INFO] - No command received or error in listening.
2025-06-04 07:13:34,264 [WARNING] - Audio input error (OSError): No Default Input Device Available - Likely no microphone in sandbox.
2025-06-04 07:13:34,264 [INFO] - No command received or error in listening.
2025-06-04 07:13:34,281 [WARNING] - Audio input error (OSError): No Default Input Device Available - Likely no microphone in sandbox.
2025-06-04 07:13:34,282 [INFO] - No command received or error in listening.
2025-06-04 07:13:34,299 [WARNING] - Audio input error (OSError): No Default Input Device Available - Likely no microphone in sandbox.
2025-06-04 07:13:34,299 [INFO] - No command received or error in listening.
2025-06-04 07:13:34,316 [WARNING] - Audio input error (OSError): No Default Input Device Available - Likely no microphone in sandbox.
2025-06-04 07:13:34,316 [INFO] - No command received or error in listening.
2025-06-04 07:13:34,333 [WARNING] - Audio input error (OSError): No Default Input Device Available - Likely no microphone in sandbox.
2025-06-04 07:13:34,333 [INFO] - No command received or error in listening.
2025-06-04 07:13:34,351 [WARNING] - Audio input error (OSError): No Default Input Device Available - Likely no microphone in sandbox.
2025-06-04 07:13:34,351 [INFO] - No command received or error in listening.
2025-06-04 07:13:34,368 [WARNING] - Audio input error (OSError): No Default Input Device Available - Likely no microphone in sandbox.
2025-06-04 07:13:34,368 [INFO] - No command received or error in listening.
2025-06-04 07:13:34,385 [WARNING] - Audio input error (OSError): No Default Input Device Available - Likely no microphone in sandbox.
2025-06-04 07:13:34,385 [INFO] - No command received or error in listening.
2025-06-04 07:13:34,402 [WARNING] - Audio input error (OSError): No Default Input Device Available - Likely no microphone in sandbox.
2025-06-04 07:13:34,403 [INFO] - No command received or error in listening.
2025-06-04 07:13:34,420 [WARNING] - Audio input error (OSError): No Default Input Device Available - Likely no microphone in sandbox.
2025-06-04 07:13:34,420 [INFO] - No command received or error in listening.
2025-06-04 07:13:34,437 [WARNING] - Audio input error (OSError): No Default Input Device Available - Likely no microphone in sandbox.
2025-06-04 07:13:34,437 [INFO] - No command received or error in listening.
2025-06-04 07:13:34,455 [WARNING] - Audio input error (OSError): No Default Input Device Available - Likely no microphone in sandbox.
2025-06-04 07:13:34,455 [INFO] - No command received or error in listening.
2025-06-04 07:13:34,472 [WARNING] - Audio input error (OSError): No Default Input Device Available - Likely no microphone in sandbox.
2025-06-04 07:13:34,472 [INFO] - No command received or error in listening.
2025-06-04 07:13:34,489 [WARNING] - Audio input error (OSError): No Default Input Device Available - Likely no microphone in sandbox.
2025-06-04 07:13:34,490 [INFO] - No command received or error in listening.
2025-06-04 07:13:34,507 [WARNING] - Audio input error (OSError): No Default Input Device Available - Likely no microphone in sandbox.
2025-06-04 07:13:34,507 [INFO] - No command received or error in listening.
2025-06-04 07:13:34,524 [WARNING] - Audio input error (OSError): No Default Input Device Available - Likely no microphone in sandbox.
2025-06-04 07:13:34,524 [INFO] - No command received or error in listening.
2025-06-04 07:13:34,541 [WARNING] - Audio input error (OSError): No Default Input Device Available - Likely no microphone in sandbox.
2025-06-04 07:13:34,541 [INFO] - No command received or error in listening.
2025-06-04 07:13:34,560 [WARNING] - Audio input error (OSError): No Default Input Device Available - Likely no microphone in sandbox.
2025-06-04 07:13:34,560 [INFO] - No command received or error in listening.
2025-06-04 07:13:34,577 [WARNING] - Audio input error (OSError): No Default Input Device Available - Likely no microphone in sandbox.
2025-06-04 07:13:34,578 [INFO] - No command received or error in listening.
2025-06-04 07:13:34,596 [WARNING] - Audio input error (OSError): No Default Input Device Available - Likely no microphone in sandbox.
2025-06-04 07:13:34,596 [INFO] - No command received or error in listening.
2025-06-04 07:13:34,613 [WARNING] - Audio input error (OSError): No Default Input Device Available - Likely no microphone in sandbox.
2025-06-04 07:13:34,613 [INFO] - No command received or error in listening.
2025-06-04 07:13:34,632 [WARNING] - Audio input error (OSError): No Default Input Device Available - Likely no microphone in sandbox.
2025-06-04 07:13:34,632 [INFO] - No command received or error in listening.
2025-06-04 07:13:34,649 [WARNING] - Audio input error (OSError): No Default Input Device Available - Likely no microphone in sandbox.
2025-06-04 07:13:34,649 [INFO] - No command received or error in listening.
2025-06-04 07:13:34,668 [WARNING] - Audio input error (OSError): No Default Input Device Available - Likely no microphone in sandbox.
2025-06-04 07:13:34,668 [INFO] - No command received or error in listening.
2025-06-04 07:13:34,685 [WARNING] - Audio input error (OSError): No Default Input Device Available - Likely no microphone in sandbox.
2025-06-04 07:13:34,686 [INFO] - No command received or error in listening.
2025-06-04 07:13:34,705 [WARNING] - Audio input error (OSError): No Default Input Device Available - Likely no microphone in sandbox.
2025-06-04 07:13:34,705 [INFO] - No command received or error in listening.
2025-06-04 07:13:34,723 [WARNING] - Audio input error (OSError): No Default Input Device Available - Likely no microphone in sandbox.
2025-06-04 07:13:34,723 [INFO] - No command received or error in listening.
2025-06-04 07:13:34,740 [WARNING] - Audio input error (OSError): No Default Input Device Available - Likely no microphone in sandbox.
2025-06-04 07:13:34,741 [INFO] - No command received or error in listening.
2025-06-04 07:13:34,758 [WARNING] - Audio input error (OSError): No Default Input Device Available - Likely no microphone in sandbox.
2025-06-04 07:13:34,758 [INFO] - No command received or error in listening.
2025-06-04 07:13:34,775 [WARNING] - Audio input error (OSError): No Default Input Device Available - Likely no microphone in sandbox.
2025-06-04 07:13:34,776 [INFO] - No command received or error in listening.
2025-06-04 07:13:34,793 [WARNING] - Audio input error (OSError): No Default Input Device Available - Likely no microphone in sandbox.
2025-06-04 07:13:34,793 [INFO] - No command received or error in listening.
2025-06-04 07:13:34,812 [WARNING] - Audio input error (OSError): No Default Input Device Available - Likely no microphone in sandbox.
2025-06-04 07:13:34,812 [INFO] - No command received or error in listening.
2025-06-04 07:13:34,829 [WARNING] - Audio input error (OSError): No Default Input Device Available - Likely no microphone in sandbox.
2025-06-04 07:13:34,829 [INFO] - No command received or error in listening.
2025-06-04 07:13:34,847 [WARNING] - Audio input error (OSError): No Default Input Device Available - Likely no microphone in sandbox.
2025-06-04 07:13:34,847 [INFO] - No command received or error in listening.
2025-06-04 07:13:34,866 [WARNING] - Audio input error (OSError): No Default Input Device Available - Likely no microphone in sandbox.
2025-06-04 07:13:34,866 [INFO] - No command received or error in listening.
2025-06-04 07:13:34,883 [WARNING] - Audio input error (OSError): No Default Input Device Available - Likely no microphone in sandbox.
2025-06-04 07:13:34,883 [INFO] - No command received or error in listening.
2025-06-04 07:13:34,902 [WARNING] - Audio input error (OSError): No Default Input Device Available - Likely no microphone in sandbox.
2025-06-04 07:13:34,902 [INFO] - No command received or error in listening.
2025-06-04 07:13:34,919 [WARNING] - Audio input error (OSError): No Default Input Device Available - Likely no microphone in sandbox.
2025-06-04 07:13:34,919 [INFO] - No command received or error in listening.
2025-06-04 07:13:34,937 [WARNING] - Audio input error (OSError): No Default Input Device Available - Likely no microphone in sandbox.
2025-06-04 07:13:34,937 [INFO] - No command received or error in listening.
2025-06-04 07:13:34,956 [WARNING] - Audio input error (OSError): No Default Input Device Available - Likely no microphone in sandbox.
2025-06-04 07:13:34,956 [INFO] - No command received or error in listening.
2025-06-04 07:13:34,973 [WARNING] - Audio input error (OSError): No Default Input Device Available - Likely no microphone in sandbox.
2025-06-04 07:13:34,973 [INFO] - No command received or error in listening.
2025-06-04 07:13:34,991 [WARNING] - Audio input error (OSError): No Default Input Device Available - Likely no microphone in sandbox.
2025-06-04 07:13:34,991 [INFO] - No command received or error in listening.
2025-06-04 07:13:35,011 [WARNING] - Audio input error (OSError): No Default Input Device Available - Likely no microphone in sandbox.
2025-06-04 07:13:35,011 [INFO] - No command received or error in listening.
2025-06-04 07:13:35,028 [WARNING] - Audio input error (OSError): No Default Input Device Available - Likely no microphone in sandbox.
2025-06-04 07:13:35,028 [INFO] - No command received or error in listening.
2025-06-04 07:13:35,047 [WARNING] - Audio input error (OSError): No Default Input Device Available - Likely no microphone in sandbox.
2025-06-04 07:13:35,048 [INFO] - No command received or error in listening.
2025-06-04 07:13:35,065 [WARNING] - Audio input error (OSError): No Default Input Device Available - Likely no microphone in sandbox.
2025-06-04 07:13:35,065 [INFO] - No command received or error in listening.
2025-06-04 07:13:35,082 [WARNING] - Audio input error (OSError): No Default Input Device Available - Likely no microphone in sandbox.
2025-06-04 07:13:35,083 [INFO] - No command received or error in listening.
2025-06-04 07:13:35,102 [WARNING] - Audio input error (OSError): No Default Input Device Available - Likely no microphone in sandbox.
2025-06-04 07:13:35,102 [INFO] - No command received or error in listening.
2025-06-04 07:13:35,119 [WARNING] - Audio input error (OSError): No Default Input Device Available - Likely no microphone in sandbox.
2025-06-04 07:13:35,119 [INFO] - No command received or error in listening.
2025-06-04 07:13:35,137 [WARNING] - Audio input error (OSError): No Default Input Device Available - Likely no microphone in sandbox.
2025-06-04 07:13:35,137 [INFO] - No command received or error in listening.
2025-06-04 07:13:35,154 [WARNING] - Audio input error (OSError): No Default Input Device Available - Likely no microphone in sandbox.
2025-06-04 07:13:35,154 [INFO] - No command received or error in listening.
2025-06-04 07:13:35,172 [WARNING] - Audio input error (OSError): No Default Input Device Available - Likely no microphone in sandbox.
2025-06-04 07:13:35,172 [INFO] - No command received or error in listening.
2025-06-04 07:13:35,189 [WARNING] - Audio input error (OSError): No Default Input Device Available - Likely no microphone in sandbox.
2025-06-04 07:13:35,189 [INFO] - No command received or error in listening.
2025-06-04 07:13:35,207 [WARNING] - Audio input error (OSError): No Default Input Device Available - Likely no microphone in sandbox.
2025-06-04 07:13:35,207 [INFO] - No command received or error in listening.
2025-06-04 07:13:35,224 [WARNING] - Audio input error (OSError): No Default Input Device Available - Likely no microphone in sandbox.
2025-06-04 07:13:35,224 [INFO] - No command received or error in listening.
2025-06-04 07:13:35,242 [WARNING] - Audio input error (OSError): No Default Input Device Available - Likely no microphone in sandbox.
2025-06-04 07:13:35,242 [INFO] - No command received or error in listening.
2025-06-04 07:13:35,260 [WARNING] - Audio input error (OSError): No Default Input Device Available - Likely no microphone in sandbox.
2025-06-04 07:13:35,260 [INFO] - No command received or error in listening.
2025-06-04 07:13:35,277 [WARNING] - Audio input error (OSError): No Default Input Device Available - Likely no microphone in sandbox.
2025-06-04 07:13:35,277 [INFO] - No command received or error in listening.
2025-06-04 07:13:35,294 [WARNING] - Audio input error (OSError): No Default Input Device Available - Likely no microphone in sandbox.
2025-06-04 07:13:35,294 [INFO] - No command received or error in listening.
2025-06-04 07:13:35,312 [WARNING] - Audio input error (OSError): No Default Input Device Available - Likely no microphone in sandbox.
2025-06-04 07:13:35,312 [INFO] - No command received or error in listening.
2025-06-04 07:13:35,329 [WARNING] - Audio input error (OSError): No Default Input Device Available - Likely no microphone in sandbox.
2025-06-04 07:13:35,329 [INFO] - No command received or error in listening.
2025-06-04 07:13:35,347 [WARNING] - Audio input error (OSError): No Default Input Device Available - Likely no microphone in sandbox.
2025-06-04 07:13:35,347 [INFO] - No command received or error in listening.
2025-06-04 07:13:35,364 [WARNING] - Audio input error (OSError): No Default Input Device Available - Likely no microphone in sandbox.
2025-06-04 07:13:35,364 [INFO] - No command received or error in listening.
2025-06-04 07:13:35,382 [WARNING] - Audio input error (OSError): No Default Input Device Available - Likely no microphone in sandbox.
2025-06-04 07:13:35,382 [INFO] - No command received or error in listening.
2025-06-04 07:13:35,399 [WARNING] - Audio input error (OSError): No Default Input Device Available - Likely no microphone in sandbox.
2025-06-04 07:13:35,399 [INFO] - No command received or error in listening.
2025-06-04 07:13:35,417 [WARNING] - Audio input error (OSError): No Default Input Device Available - Likely no microphone in sandbox.
2025-06-04 07:13:35,417 [INFO] - No command received or error in listening.
2025-06-04 07:13:35,434 [WARNING] - Audio input error (OSError): No Default Input Device Available - Likely no microphone in sandbox.
2025-06-04 07:13:35,434 [INFO] - No command received or error in listening.
2025-06-04 07:13:35,451 [WARNING] - Audio input error (OSError): No Default Input Device Available - Likely no microphone in sandbox.
2025-06-04 07:13:35,451 [INFO] - No command received or error in listening.
2025-06-04 07:13:35,469 [WARNING] - Audio input error (OSError): No Default Input Device Available - Likely no microphone in sandbox.
2025-06-04 07:13:35,469 [INFO] - No command received or error in listening.
2025-06-04 07:13:35,487 [WARNING] - Audio input error (OSError): No Default Input Device Available - Likely no microphone in sandbox.
2025-06-04 07:13:35,487 [INFO] - No command received or error in listening.
2025-06-04 07:13:35,504 [WARNING] - Audio input error (OSError): No Default Input Device Available - Likely no microphone in sandbox.
2025-06-04 07:13:35,504 [INFO] - No command received or error in listening.
2025-06-04 07:13:35,522 [WARNING] - Audio input error (OSError): No Default Input Device Available - Likely no microphone in sandbox.
2025-06-04 07:13:35,522 [INFO] - No command received or error in listening.
2025-06-04 07:13:35,539 [WARNING] - Audio input error (OSError): No Default Input Device Available - Likely no microphone in sandbox.
2025-06-04 07:13:35,539 [INFO] - No command received or error in listening.
2025-06-04 07:13:35,557 [WARNING] - Audio input error (OSError): No Default Input Device Available - Likely no microphone in sandbox.
2025-06-04 07:13:35,557 [INFO] - No command received or error in listening.
2025-06-04 07:13:35,574 [WARNING] - Audio input error (OSError): No Default Input Device Available - Likely no microphone in sandbox.
2025-06-04 07:13:35,574 [INFO] - No command received or error in listening.
2025-06-04 07:13:35,592 [WARNING] - Audio input error (OSError): No Default Input Device Available - Likely no microphone in sandbox.
2025-06-04 07:13:35,592 [INFO] - No command received or error in listening.
2025-06-04 07:13:35,609 [WARNING] - Audio input error (OSError): No Default Input Device Available - Likely no microphone in sandbox.
2025-06-04 07:13:35,609 [INFO] - No command received or error in listening.
2025-06-04 07:13:35,627 [WARNING] - Audio input error (OSError): No Default Input Device Available - Likely no microphone in sandbox.
2025-06-04 07:13:35,627 [INFO] - No command received or error in listening.
2025-06-04 07:13:35,644 [WARNING] - Audio input error (OSError): No Default Input Device Available - Likely no microphone in sandbox.
2025-06-04 07:13:35,644 [INFO] - No command received or error in listening.
2025-06-04 07:13:35,661 [WARNING] - Audio input error (OSError): No Default Input Device Available - Likely no microphone in sandbox.
2025-06-04 07:13:35,662 [INFO] - No command received or error in listening.
2025-06-04 07:13:35,679 [WARNING] - Audio input error (OSError): No Default Input Device Available - Likely no microphone in sandbox.
2025-06-04 07:13:35,679 [INFO] - No command received or error in listening.
2025-06-04 07:13:35,696 [WARNING] - Audio input error (OSError): No Default Input Device Available - Likely no microphone in sandbox.
2025-06-04 07:13:35,696 [INFO] - No command received or error in listening.
2025-06-04 07:13:35,714 [WARNING] - Audio input error (OSError): No Default Input Device Available - Likely no microphone in sandbox.
2025-06-04 07:13:35,714 [INFO] - No command received or error in listening.
2025-06-04 07:13:35,731 [WARNING] - Audio input error (OSError): No Default Input Device Available - Likely no microphone in sandbox.
2025-06-04 07:13:35,731 [INFO] - No command received or error in listening.
2025-06-04 07:13:35,748 [WARNING] - Audio input error (OSError): No Default Input Device Available - Likely no microphone in sandbox.
2025-06-04 07:13:35,748 [INFO] - No command received or error in listening.
2025-06-04 07:13:35,766 [WARNING] - Audio input error (OSError): No Default Input Device Available - Likely no microphone in sandbox.
2025-06-04 07:13:35,766 [INFO] - No command received or error in listening.
2025-06-04 07:13:35,783 [WARNING] - Audio input error (OSError): No Default Input Device Available - Likely no microphone in sandbox.
2025-06-04 07:13:35,783 [INFO] - No command received or error in listening.
2025-06-04 07:13:35,800 [WARNING] - Audio input error (OSError): No Default Input Device Available - Likely no microphone in sandbox.
2025-06-04 07:13:35,801 [INFO] - No command received or error in listening.
2025-06-04 07:13:35,818 [WARNING] - Audio input error (OSError): No Default Input Device Available - Likely no microphone in sandbox.
2025-06-04 07:13:35,818 [INFO] - No command received or error in listening.
2025-06-04 07:13:35,835 [WARNING] - Audio input error (OSError): No Default Input Device Available - Likely no microphone in sandbox.
2025-06-04 07:13:35,836 [INFO] - No command received or error in listening.
2025-06-04 07:13:35,853 [WARNING] - Audio input error (OSError): No Default Input Device Available - Likely no microphone in sandbox.
2025-06-04 07:13:35,854 [INFO] - No command received or error in listening.
2025-06-04 07:13:35,871 [WARNING] - Audio input error (OSError): No Default Input Device Available - Likely no microphone in sandbox.
2025-06-04 07:13:35,872 [INFO] - No command received or error in listening.
2025-06-04 07:13:35,890 [WARNING] - Audio input error (OSError): No Default Input Device Available - Likely no microphone in sandbox.
2025-06-04 07:13:35,890 [INFO] - No command received or error in listening.
2025-06-04 07:13:35,908 [WARNING] - Audio input error (OSError): No Default Input Device Available - Likely no microphone in sandbox.
2025-06-04 07:13:35,908 [INFO] - No command received or error in listening.
2025-06-04 07:13:35,926 [WARNING] - Audio input error (OSError): No Default Input Device Available - Likely no microphone in sandbox.
2025-06-04 07:13:35,926 [INFO] - No command received or error in listening.
2025-06-04 07:13:35,944 [WARNING] - Audio input error (OSError): No Default Input Device Available - Likely no microphone in sandbox.
2025-06-04 07:13:35,944 [INFO] - No command received or error in listening.
2025-06-04 07:13:35,962 [WARNING] - Audio input error (OSError): No Default Input Device Available - Likely no microphone in sandbox.
2025-06-04 07:13:35,962 [INFO] - No command received or error in listening.
2025-06-04 07:13:35,980 [WARNING] - Audio input error (OSError): No Default Input Device Available - Likely no microphone in sandbox.
2025-06-04 07:13:35,980 [INFO] - No command received or error in listening.
2025-06-04 07:13:35,997 [WARNING] - Audio input error (OSError): No Default Input Device Available - Likely no microphone in sandbox.
2025-06-04 07:13:35,998 [INFO] - No command received or error in listening.
2025-06-04 07:13:36,015 [WARNING] - Audio input error (OSError): No Default Input Device Available - Likely no microphone in sandbox.
2025-06-04 07:13:36,015 [INFO] - No command received or error in listening.
2025-06-04 07:13:36,032 [WARNING] - Audio input error (OSError): No Default Input Device Available - Likely no microphone in sandbox.
2025-06-04 07:13:36,032 [INFO] - No command received or error in listening.
2025-06-04 07:13:36,050 [WARNING] - Audio input error (OSError): No Default Input Device Available - Likely no microphone in sandbox.
2025-06-04 07:13:36,050 [INFO] - No command received or error in listening.
2025-06-04 07:13:36,068 [WARNING] - Audio input error (OSError): No Default Input Device Available - Likely no microphone in sandbox.
2025-06-04 07:13:36,068 [INFO] - No command received or error in listening.
2025-06-04 07:13:36,085 [WARNING] - Audio input error (OSError): No Default Input Device Available - Likely no microphone in sandbox.
2025-06-04 07:13:36,085 [INFO] - No command received or error in listening.
2025-06-04 07:13:36,103 [WARNING] - Audio input error (OSError): No Default Input Device Available - Likely no microphone in sandbox.
2025-06-04 07:13:36,103 [INFO] - No command received or error in listening.
2025-06-04 07:13:36,120 [WARNING] - Audio input error (OSError): No Default Input Device Available - Likely no microphone in sandbox.
2025-06-04 07:13:36,120 [INFO] - No command received or error in listening.
2025-06-04 07:13:36,137 [WARNING] - Audio input error (OSError): No Default Input Device Available - Likely no microphone in sandbox.
2025-06-04 07:13:36,138 [INFO] - No command received or error in listening.
2025-06-04 07:13:36,155 [WARNING] - Audio input error (OSError): No Default Input Device Available - Likely no microphone in sandbox.
2025-06-04 07:13:36,155 [INFO] - No command received or error in listening.
2025-06-04 07:13:36,172 [WARNING] - Audio input error (OSError): No Default Input Device Available - Likely no microphone in sandbox.
2025-06-04 07:13:36,172 [INFO] - No command received or error in listening.
2025-06-04 07:13:36,190 [WARNING] - Audio input error (OSError): No Default Input Device Available - Likely no microphone in sandbox.
2025-06-04 07:13:36,190 [INFO] - No command received or error in listening.
2025-06-04 07:13:36,207 [WARNING] - Audio input error (OSError): No Default Input Device Available - Likely no microphone in sandbox.
2025-06-04 07:13:36,207 [INFO] - No command received or error in listening.
2025-06-04 07:13:36,224 [WARNING] - Audio input error (OSError): No Default Input Device Available - Likely no microphone in sandbox.
2025-06-04 07:13:36,225 [INFO] - No command received or error in listening.
2025-06-04 07:13:36,242 [WARNING] - Audio input error (OSError): No Default Input Device Available - Likely no microphone in sandbox.
2025-06-04 07:13:36,242 [INFO] - No command received or error in listening.
2025-06-04 07:13:36,259 [WARNING] - Audio input error (OSError): No Default Input Device Available - Likely no microphone in sandbox.
2025-06-04 07:13:36,260 [INFO] - No command received or error in listening.
2025-06-04 07:13:36,277 [WARNING] - Audio input error (OSError): No Default Input Device Available - Likely no microphone in sandbox.
2025-06-04 07:13:36,278 [INFO] - No command received or error in listening.
2025-06-04 07:13:36,295 [WARNING] - Audio input error (OSError): No Default Input Device Available - Likely no microphone in sandbox.
2025-06-04 07:13:36,295 [INFO] - No command received or error in listening.
2025-06-04 07:13:36,313 [WARNING] - Audio input error (OSError): No Default Input Device Available - Likely no microphone in sandbox.
2025-06-04 07:13:36,313 [INFO] - No command received or error in listening.
2025-06-04 07:13:36,331 [WARNING] - Audio input error (OSError): No Default Input Device Available - Likely no microphone in sandbox.
2025-06-04 07:13:36,331 [INFO] - No command received or error in listening.
2025-06-04 07:13:36,349 [WARNING] - Audio input error (OSError): No Default Input Device Available - Likely no microphone in sandbox.
2025-06-04 07:13:36,349 [INFO] - No command received or error in listening.
2025-06-04 07:13:36,368 [WARNING] - Audio input error (OSError): No Default Input Device Available - Likely no microphone in sandbox.
2025-06-04 07:13:36,368 [INFO] - No command received or error in listening.
2025-06-04 07:13:36,387 [WARNING] - Audio input error (OSError): No Default Input Device Available - Likely no microphone in sandbox.
2025-06-04 07:13:36,387 [INFO] - No command received or error in listening.
2025-06-04 07:13:36,405 [WARNING] - Audio input error (OSError): No Default Input Device Available - Likely no microphone in sandbox.
2025-06-04 07:13:36,405 [INFO] - No command received or error in listening.
2025-06-04 07:13:36,423 [WARNING] - Audio input error (OSError): No Default Input Device Available - Likely no microphone in sandbox.
2025-06-04 07:13:36,423 [INFO] - No command received or error in listening.
2025-06-04 07:13:36,440 [WARNING] - Audio input error (OSError): No Default Input Device Available - Likely no microphone in sandbox.
2025-06-04 07:13:36,441 [INFO] - No command received or error in listening.
2025-06-04 07:13:36,459 [WARNING] - Audio input error (OSError): No Default Input Device Available - Likely no microphone in sandbox.
2025-06-04 07:13:36,459 [INFO] - No command received or error in listening.
2025-06-04 07:13:36,477 [WARNING] - Audio input error (OSError): No Default Input Device Available - Likely no microphone in sandbox.
2025-06-04 07:13:36,477 [INFO] - No command received or error in listening.
2025-06-04 07:13:36,495 [WARNING] - Audio input error (OSError): No Default Input Device Available - Likely no microphone in sandbox.
2025-06-04 07:13:36,496 [INFO] - No command received or error in listening.
2025-06-04 07:13:36,514 [WARNING] - Audio input error (OSError): No Default Input Device Available - Likely no microphone in sandbox.
2025-06-04 07:13:36,515 [INFO] - No command received or error in listening.
2025-06-04 07:13:36,532 [WARNING] - Audio input error (OSError): No Default Input Device Available - Likely no microphone in sandbox.
2025-06-04 07:13:36,533 [INFO] - No command received or error in listening.
2025-06-04 07:13:36,550 [WARNING] - Audio input error (OSError): No Default Input Device Available - Likely no microphone in sandbox.
2025-06-04 07:13:36,550 [INFO] - No command received or error in listening.
2025-06-04 07:13:36,568 [WARNING] - Audio input error (OSError): No Default Input Device Available - Likely no microphone in sandbox.
2025-06-04 07:13:36,569 [INFO] - No command received or error in listening.
2025-06-04 07:13:36,587 [WARNING] - Audio input error (OSError): No Default Input Device Available - Likely no microphone in sandbox.
2025-06-04 07:13:36,587 [INFO] - No command received or error in listening.
2025-06-04 07:13:36,605 [WARNING] - Audio input error (OSError): No Default Input Device Available - Likely no microphone in sandbox.
2025-06-04 07:13:36,605 [INFO] - No command received or error in listening.
2025-06-04 07:13:36,623 [WARNING] - Audio input error (OSError): No Default Input Device Available - Likely no microphone in sandbox.
2025-06-04 07:13:36,623 [INFO] - No command received or error in listening.
2025-06-04 07:13:36,640 [WARNING] - Audio input error (OSError): No Default Input Device Available - Likely no microphone in sandbox.
2025-06-04 07:13:36,640 [INFO] - No command received or error in listening.
2025-06-04 07:13:36,658 [WARNING] - Audio input error (OSError): No Default Input Device Available - Likely no microphone in sandbox.
2025-06-04 07:13:36,658 [INFO] - No command received or error in listening.
2025-06-04 07:13:36,676 [WARNING] - Audio input error (OSError): No Default Input Device Available - Likely no microphone in sandbox.
2025-06-04 07:13:36,676 [INFO] - No command received or error in listening.
2025-06-04 07:13:36,694 [WARNING] - Audio input error (OSError): No Default Input Device Available - Likely no microphone in sandbox.
2025-06-04 07:13:36,694 [INFO] - No command received or error in listening.
2025-06-04 07:13:36,712 [WARNING] - Audio input error (OSError): No Default Input Device Available - Likely no microphone in sandbox.
2025-06-04 07:13:36,712 [INFO] - No command received or error in listening.
2025-06-04 07:13:36,729 [WARNING] - Audio input error (OSError): No Default Input Device Available - Likely no microphone in sandbox.
2025-06-04 07:13:36,730 [INFO] - No command received or error in listening.
2025-06-04 07:13:36,747 [WARNING] - Audio input error (OSError): No Default Input Device Available - Likely no microphone in sandbox.
2025-06-04 07:13:36,747 [INFO] - No command received or error in listening.
2025-06-04 07:13:36,765 [WARNING] - Audio input error (OSError): No Default Input Device Available - Likely no microphone in sandbox.
2025-06-04 07:13:36,765 [INFO] - No command received or error in listening.
2025-06-04 07:13:36,783 [WARNING] - Audio input error (OSError): No Default Input Device Available - Likely no microphone in sandbox.
2025-06-04 07:13:36,783 [INFO] - No command received or error in listening.
2025-06-04 07:13:36,800 [WARNING] - Audio input error (OSError): No Default Input Device Available - Likely no microphone in sandbox.
2025-06-04 07:13:36,800 [INFO] - No command received or error in listening.
2025-06-04 07:13:36,818 [WARNING] - Audio input error (OSError): No Default Input Device Available - Likely no microphone in sandbox.
2025-06-04 07:13:36,818 [INFO] - No command received or error in listening.
2025-06-04 07:13:36,836 [WARNING] - Audio input error (OSError): No Default Input Device Available - Likely no microphone in sandbox.
2025-06-04 07:13:36,836 [INFO] - No command received or error in listening.
2025-06-04 07:13:36,854 [WARNING] - Audio input error (OSError): No Default Input Device Available - Likely no microphone in sandbox.
2025-06-04 07:13:36,854 [INFO] - No command received or error in listening.
2025-06-04 07:13:36,872 [WARNING] - Audio input error (OSError): No Default Input Device Available - Likely no microphone in sandbox.
2025-06-04 07:13:36,873 [INFO] - No command received or error in listening.
2025-06-04 07:13:36,891 [WARNING] - Audio input error (OSError): No Default Input Device Available - Likely no microphone in sandbox.
2025-06-04 07:13:36,891 [INFO] - No command received or error in listening.
2025-06-04 07:13:36,908 [WARNING] - Audio input error (OSError): No Default Input Device Available - Likely no microphone in sandbox.
2025-06-04 07:13:36,909 [INFO] - No command received or error in listening.
2025-06-04 07:13:36,926 [WARNING] - Audio input error (OSError): No Default Input Device Available - Likely no microphone in sandbox.
2025-06-04 07:13:36,927 [INFO] - No command received or error in listening.
2025-06-04 07:13:36,944 [WARNING] - Audio input error (OSError): No Default Input Device Available - Likely no microphone in sandbox.
2025-06-04 07:13:36,944 [INFO] - No command received or error in listening.
2025-06-04 07:13:36,962 [WARNING] - Audio input error (OSError): No Default Input Device Available - Likely no microphone in sandbox.
2025-06-04 07:13:36,962 [INFO] - No command received or error in listening.
2025-06-04 07:13:36,980 [WARNING] - Audio input error (OSError): No Default Input Device Available - Likely no microphone in sandbox.
2025-06-04 07:13:36,980 [INFO] - No command received or error in listening.
2025-06-04 07:13:36,997 [WARNING] - Audio input error (OSError): No Default Input Device Available - Likely no microphone in sandbox.
2025-06-04 07:13:36,998 [INFO] - No command received or error in listening.
2025-06-04 07:13:37,015 [WARNING] - Audio input error (OSError): No Default Input Device Available - Likely no microphone in sandbox.
2025-06-04 07:13:37,016 [INFO] - No command received or error in listening.
2025-06-04 07:13:37,033 [WARNING] - Audio input error (OSError): No Default Input Device Available - Likely no microphone in sandbox.
2025-06-04 07:13:37,034 [INFO] - No command received or error in listening.
2025-06-04 07:13:37,051 [WARNING] - Audio input error (OSError): No Default Input Device Available - Likely no microphone in sandbox.
2025-06-04 07:13:37,052 [INFO] - No command received or error in listening.
2025-06-04 07:13:37,069 [WARNING] - Audio input error (OSError): No Default Input Device Available - Likely no microphone in sandbox.
2025-06-04 07:13:37,070 [INFO] - No command received or error in listening.
2025-06-04 07:13:37,087 [WARNING] - Audio input error (OSError): No Default Input Device Available - Likely no microphone in sandbox.
2025-06-04 07:13:37,087 [INFO] - No command received or error in listening.
2025-06-04 07:13:37,105 [WARNING] - Audio input error (OSError): No Default Input Device Available - Likely no microphone in sandbox.
2025-06-04 07:13:37,105 [INFO] - No command received or error in listening.
2025-06-04 07:13:37,123 [WARNING] - Audio input error (OSError): No Default Input Device Available - Likely no microphone in sandbox.
2025-06-04 07:13:37,123 [INFO] - No command received or error in listening.
2025-06-04 07:13:37,140 [WARNING] - Audio input error (OSError): No Default Input Device Available - Likely no microphone in sandbox.
2025-06-04 07:13:37,141 [INFO] - No command received or error in listening.
2025-06-04 07:13:37,158 [WARNING] - Audio input error (OSError): No Default Input Device Available - Likely no microphone in sandbox.
2025-06-04 07:13:37,158 [INFO] - No command received or error in listening.
2025-06-04 07:13:37,176 [WARNING] - Audio input error (OSError): No Default Input Device Available - Likely no microphone in sandbox.
2025-06-04 07:13:37,176 [INFO] - No command received or error in listening.
2025-06-04 07:13:37,194 [WARNING] - Audio input error (OSError): No Default Input Device Available - Likely no microphone in sandbox.
2025-06-04 07:13:37,194 [INFO] - No command received or error in listening.
2025-06-04 07:13:37,212 [WARNING] - Audio input error (OSError): No Default Input Device Available - Likely no microphone in sandbox.
2025-06-04 07:13:37,212 [INFO] - No command received or error in listening.
2025-06-04 07:13:37,230 [WARNING] - Audio input error (OSError): No Default Input Device Available - Likely no microphone in sandbox.
2025-06-04 07:13:37,231 [INFO] - No command received or error in listening.
2025-06-04 07:13:37,248 [WARNING] - Audio input error (OSError): No Default Input Device Available - Likely no microphone in sandbox.
2025-06-04 07:13:37,248 [INFO] - No command received or error in listening.
2025-06-04 07:13:37,266 [WARNING] - Audio input error (OSError): No Default Input Device Available - Likely no microphone in sandbox.
2025-06-04 07:13:37,266 [INFO] - No command received or error in listening.
2025-06-04 07:13:37,284 [WARNING] - Audio input error (OSError): No Default Input Device Available - Likely no microphone in sandbox.
2025-06-04 07:13:37,284 [INFO] - No command received or error in listening.
2025-06-04 07:13:37,301 [WARNING] - Audio input error (OSError): No Default Input Device Available - Likely no microphone in sandbox.
2025-06-04 07:13:37,302 [INFO] - No command received or error in listening.
2025-06-04 07:13:37,319 [WARNING] - Audio input error (OSError): No Default Input Device Available - Likely no microphone in sandbox.
2025-06-04 07:13:37,319 [INFO] - No command received or error in listening.
2025-06-04 07:13:37,337 [WARNING] - Audio input error (OSError): No Default Input Device Available - Likely no microphone in sandbox.
2025-06-04 07:13:37,337 [INFO] - No command received or error in listening.
2025-06-04 07:13:37,354 [WARNING] - Audio input error (OSError): No Default Input Device Available - Likely no microphone in sandbox.
2025-06-04 07:13:37,355 [INFO] - No command received or error in listening.
2025-06-04 07:13:37,372 [WARNING] - Audio input error (OSError): No Default Input Device Available - Likely no microphone in sandbox.
2025-06-04 07:13:37,372 [INFO] - No command received or error in listening.
2025-06-04 07:13:37,390 [WARNING] - Audio input error (OSError): No Default Input Device Available - Likely no microphone in sandbox.
2025-06-04 07:13:37,390 [INFO] - No command received or error in listening.
2025-06-04 07:13:37,408 [WARNING] - Audio input error (OSError): No Default Input Device Available - Likely no microphone in sandbox.
2025-06-04 07:13:37,408 [INFO] - No command received or error in listening.
2025-06-04 07:13:37,425 [WARNING] - Audio input error (OSError): No Default Input Device Available - Likely no microphone in sandbox.
2025-06-04 07:13:37,426 [INFO] - No command received or error in listening.
2025-06-04 07:13:37,443 [WARNING] - Audio input error (OSError): No Default Input Device Available - Likely no microphone in sandbox.
2025-06-04 07:13:37,443 [INFO] - No command received or error in listening.
2025-06-04 07:13:37,461 [WARNING] - Audio input error (OSError): No Default Input Device Available - Likely no microphone in sandbox.
2025-06-04 07:13:37,461 [INFO] - No command received or error in listening.
2025-06-04 07:13:37,479 [WARNING] - Audio input error (OSError): No Default Input Device Available - Likely no microphone in sandbox.
2025-06-04 07:13:37,479 [INFO] - No command received or error in listening.
2025-06-04 07:13:37,497 [WARNING] - Audio input error (OSError): No Default Input Device Available - Likely no microphone in sandbox.
2025-06-04 07:13:37,497 [INFO] - No command received or error in listening.
2025-06-04 07:13:37,515 [WARNING] - Audio input error (OSError): No Default Input Device Available - Likely no microphone in sandbox.
2025-06-04 07:13:37,515 [INFO] - No command received or error in listening.
2025-06-04 07:13:37,532 [WARNING] - Audio input error (OSError): No Default Input Device Available - Likely no microphone in sandbox.
2025-06-04 07:13:37,533 [INFO] - No command received or error in listening.
2025-06-04 07:13:37,550 [WARNING] - Audio input error (OSError): No Default Input Device Available - Likely no microphone in sandbox.
2025-06-04 07:13:37,551 [INFO] - No command received or error in listening.
2025-06-04 07:13:37,568 [WARNING] - Audio input error (OSError): No Default Input Device Available - Likely no microphone in sandbox.
2025-06-04 07:13:37,568 [INFO] - No command received or error in listening.
2025-06-04 07:13:37,586 [WARNING] - Audio input error (OSError): No Default Input Device Available - Likely no microphone in sandbox.
2025-06-04 07:13:37,586 [INFO] - No command received or error in listening.
2025-06-04 07:13:37,604 [WARNING] - Audio input error (OSError): No Default Input Device Available - Likely no microphone in sandbox.
2025-06-04 07:13:37,604 [INFO] - No command received or error in listening.
2025-06-04 07:13:37,622 [WARNING] - Audio input error (OSError): No Default Input Device Available - Likely no microphone in sandbox.
2025-06-04 07:13:37,622 [INFO] - No command received or error in listening.
2025-06-04 07:13:37,639 [WARNING] - Audio input error (OSError): No Default Input Device Available - Likely no microphone in sandbox.
2025-06-04 07:13:37,640 [INFO] - No command received or error in listening.
2025-06-04 07:13:37,657 [WARNING] - Audio input error (OSError): No Default Input Device Available - Likely no microphone in sandbox.
2025-06-04 07:13:37,658 [INFO] - No command received or error in listening.
2025-06-04 07:13:37,675 [WARNING] - Audio input error (OSError): No Default Input Device Available - Likely no microphone in sandbox.
2025-06-04 07:13:37,676 [INFO] - No command received or error in listening.
2025-06-04 07:13:37,693 [WARNING] - Audio input error (OSError): No Default Input Device Available - Likely no microphone in sandbox.
2025-06-04 07:13:37,693 [INFO] - No command received or error in listening.
2025-06-04 07:13:37,711 [WARNING] - Audio input error (OSError): No Default Input Device Available - Likely no microphone in sandbox.
2025-06-04 07:13:37,711 [INFO] - No command received or error in listening.
2025-06-04 07:13:37,729 [WARNING] - Audio input error (OSError): No Default Input Device Available - Likely no microphone in sandbox.
2025-06-04 07:13:37,729 [INFO] - No command received or error in listening.
2025-06-04 07:13:37,747 [WARNING] - Audio input error (OSError): No Default Input Device Available - Likely no microphone in sandbox.
2025-06-04 07:13:37,747 [INFO] - No command received or error in listening.
2025-06-04 07:13:37,766 [WARNING] - Audio input error (OSError): No Default Input Device Available - Likely no microphone in sandbox.
2025-06-04 07:13:37,766 [INFO] - No command received or error in listening.
2025-06-04 07:13:37,786 [WARNING] - Audio input error (OSError): No Default Input Device Available - Likely no microphone in sandbox.
2025-06-04 07:13:37,786 [INFO] - No command received or error in listening.
2025-06-04 07:13:37,804 [WARNING] - Audio input error (OSError): No Default Input Device Available - Likely no microphone in sandbox.
2025-06-04 07:13:37,804 [INFO] - No command received or error in listening.
2025-06-04 07:13:37,822 [WARNING] - Audio input error (OSError): No Default Input Device Available - Likely no microphone in sandbox.
2025-06-04 07:13:37,822 [INFO] - No command received or error in listening.
2025-06-04 07:13:37,840 [WARNING] - Audio input error (OSError): No Default Input Device Available - Likely no microphone in sandbox.
2025-06-04 07:13:37,840 [INFO] - No command received or error in listening.
2025-06-04 07:13:37,857 [WARNING] - Audio input error (OSError): No Default Input Device Available - Likely no microphone in sandbox.
2025-06-04 07:13:37,858 [INFO] - No command received or error in listening.
2025-06-04 07:13:37,875 [WARNING] - Audio input error (OSError): No Default Input Device Available - Likely no microphone in sandbox.
2025-06-04 07:13:37,875 [INFO] - No command received or error in listening.
2025-06-04 07:13:37,893 [WARNING] - Audio input error (OSError): No Default Input Device Available - Likely no microphone in sandbox.
2025-06-04 07:13:37,893 [INFO] - No command received or error in listening.
2025-06-04 07:13:37,910 [WARNING] - Audio input error (OSError): No Default Input Device Available - Likely no microphone in sandbox.
2025-06-04 07:13:37,910 [INFO] - No command received or error in listening.
2025-06-04 07:13:37,928 [WARNING] - Audio input error (OSError): No Default Input Device Available - Likely no microphone in sandbox.
2025-06-04 07:13:37,928 [INFO] - No command received or error in listening.
2025-06-04 07:13:37,946 [WARNING] - Audio input error (OSError): No Default Input Device Available - Likely no microphone in sandbox.
2025-06-04 07:13:37,946 [INFO] - No command received or error in listening.
2025-06-04 07:13:37,963 [WARNING] - Audio input error (OSError): No Default Input Device Available - Likely no microphone in sandbox.
2025-06-04 07:13:37,964 [INFO] - No command received or error in listening.
2025-06-04 07:13:37,981 [WARNING] - Audio input error (OSError): No Default Input Device Available - Likely no microphone in sandbox.
2025-06-04 07:13:37,981 [INFO] - No command received or error in listening.
2025-06-04 07:13:37,999 [WARNING] - Audio input error (OSError): No Default Input Device Available - Likely no microphone in sandbox.
2025-06-04 07:13:37,999 [INFO] - No command received or error in listening.
2025-06-04 07:13:38,017 [WARNING] - Audio input error (OSError): No Default Input Device Available - Likely no microphone in sandbox.
2025-06-04 07:13:38,017 [INFO] - No command received or error in listening.
2025-06-04 07:13:38,035 [WARNING] - Audio input error (OSError): No Default Input Device Available - Likely no microphone in sandbox.
2025-06-04 07:13:38,035 [INFO] - No command received or error in listening.
2025-06-04 07:13:38,053 [WARNING] - Audio input error (OSError): No Default Input Device Available - Likely no microphone in sandbox.
2025-06-04 07:13:38,053 [INFO] - No command received or error in listening.
2025-06-04 07:13:38,071 [WARNING] - Audio input error (OSError): No Default Input Device Available - Likely no microphone in sandbox.
2025-06-04 07:13:38,071 [INFO] - No command received or error in listening.
2025-06-04 07:13:38,089 [WARNING] - Audio input error (OSError): No Default Input Device Available - Likely no microphone in sandbox.
2025-06-04 07:13:38,089 [INFO] - No command received or error in listening.
2025-06-04 07:13:38,107 [WARNING] - Audio input error (OSError): No Default Input Device Available - Likely no microphone in sandbox.
2025-06-04 07:13:38,107 [INFO] - No command received or error in listening.
2025-06-04 07:13:38,124 [WARNING] - Audio input error (OSError): No Default Input Device Available - Likely no microphone in sandbox.
2025-06-04 07:13:38,125 [INFO] - No command received or error in listening.
2025-06-04 07:13:38,142 [WARNING] - Audio input error (OSError): No Default Input Device Available - Likely no microphone in sandbox.
2025-06-04 07:13:38,143 [INFO] - No command received or error in listening.
2025-06-04 07:13:38,160 [WARNING] - Audio input error (OSError): No Default Input Device Available - Likely no microphone in sandbox.
2025-06-04 07:13:38,160 [INFO] - No command received or error in listening.
2025-06-04 07:13:38,178 [WARNING] - Audio input error (OSError): No Default Input Device Available - Likely no microphone in sandbox.
2025-06-04 07:13:38,178 [INFO] - No command received or error in listening.
2025-06-04 07:13:38,196 [WARNING] - Audio input error (OSError): No Default Input Device Available - Likely no microphone in sandbox.
2025-06-04 07:13:38,196 [INFO] - No command received or error in listening.
2025-06-04 07:13:38,214 [WARNING] - Audio input error (OSError): No Default Input Device Available - Likely no microphone in sandbox.
2025-06-04 07:13:38,214 [INFO] - No command received or error in listening.
2025-06-04 07:13:38,231 [WARNING] - Audio input error (OSError): No Default Input Device Available - Likely no microphone in sandbox.
2025-06-04 07:13:38,231 [INFO] - No command received or error in listening.
2025-06-04 07:13:38,249 [WARNING] - Audio input error (OSError): No Default Input Device Available - Likely no microphone in sandbox.
2025-06-04 07:13:38,249 [INFO] - No command received or error in listening.
2025-06-04 07:13:38,267 [WARNING] - Audio input error (OSError): No Default Input Device Available - Likely no microphone in sandbox.
2025-06-04 07:13:38,267 [INFO] - No command received or error in listening.
2025-06-04 07:13:38,284 [WARNING] - Audio input error (OSError): No Default Input Device Available - Likely no microphone in sandbox.
2025-06-04 07:13:38,285 [INFO] - No command received or error in listening.
2025-06-04 07:13:38,303 [WARNING] - Audio input error (OSError): No Default Input Device Available - Likely no microphone in sandbox.
2025-06-04 07:13:38,303 [INFO] - No command received or error in listening.
2025-06-04 07:13:38,322 [WARNING] - Audio input error (OSError): No Default Input Device Available - Likely no microphone in sandbox.
2025-06-04 07:13:38,323 [INFO] - No command received or error in listening.
2025-06-04 07:13:38,340 [WARNING] - Audio input error (OSError): No Default Input Device Available - Likely no microphone in sandbox.
2025-06-04 07:13:38,341 [INFO] - No command received or error in listening.
2025-06-04 07:13:38,358 [WARNING] - Audio input error (OSError): No Default Input Device Available - Likely no microphone in sandbox.
2025-06-04 07:13:38,359 [INFO] - No command received or error in listening.
2025-06-04 07:13:38,376 [WARNING] - Audio input error (OSError): No Default Input Device Available - Likely no microphone in sandbox.
2025-06-04 07:13:38,376 [INFO] - No command received or error in listening.
2025-06-04 07:13:38,394 [WARNING] - Audio input error (OSError): No Default Input Device Available - Likely no microphone in sandbox.
2025-06-04 07:13:38,394 [INFO] - No command received or error in listening.
2025-06-04 07:13:38,412 [WARNING] - Audio input error (OSError): No Default Input Device Available - Likely no microphone in sandbox.
2025-06-04 07:13:38,412 [INFO] - No command received or error in listening.
2025-06-04 07:13:38,429 [WARNING] - Audio input error (OSError): No Default Input Device Available - Likely no microphone in sandbox.
2025-06-04 07:13:38,430 [INFO] - No command received or error in listening.
2025-06-04 07:13:38,447 [WARNING] - Audio input error (OSError): No Default Input Device Available - Likely no microphone in sandbox.
2025-06-04 07:13:38,447 [INFO] - No command received or error in listening.
2025-06-04 07:13:38,465 [WARNING] - Audio input error (OSError): No Default Input Device Available - Likely no microphone in sandbox.
2025-06-04 07:13:38,465 [INFO] - No command received or error in listening.
2025-06-04 07:13:38,482 [WARNING] - Audio input error (OSError): No Default Input Device Available - Likely no microphone in sandbox.
2025-06-04 07:13:38,483 [INFO] - No command received or error in listening.
2025-06-04 07:13:38,500 [WARNING] - Audio input error (OSError): No Default Input Device Available - Likely no microphone in sandbox.
2025-06-04 07:13:38,500 [INFO] - No command received or error in listening.
2025-06-04 07:13:38,517 [WARNING] - Audio input error (OSError): No Default Input Device Available - Likely no microphone in sandbox.
2025-06-04 07:13:38,518 [INFO] - No command received or error in listening.
2025-06-04 07:13:38,535 [WARNING] - Audio input error (OSError): No Default Input Device Available - Likely no microphone in sandbox.
2025-06-04 07:13:38,535 [INFO] - No command received or error in listening.
2025-06-04 07:13:38,553 [WARNING] - Audio input error (OSError): No Default Input Device Available - Likely no microphone in sandbox.
2025-06-04 07:13:38,553 [INFO] - No command received or error in listening.
2025-06-04 07:13:38,570 [WARNING] - Audio input error (OSError): No Default Input Device Available - Likely no microphone in sandbox.
2025-06-04 07:13:38,571 [INFO] - No command received or error in listening.
2025-06-04 07:13:38,588 [WARNING] - Audio input error (OSError): No Default Input Device Available - Likely no microphone in sandbox.
2025-06-04 07:13:38,588 [INFO] - No command received or error in listening.
2025-06-04 07:13:38,605 [WARNING] - Audio input error (OSError): No Default Input Device Available - Likely no microphone in sandbox.
2025-06-04 07:13:38,606 [INFO] - No command received or error in listening.
2025-06-04 07:13:38,623 [WARNING] - Audio input error (OSError): No Default Input Device Available - Likely no microphone in sandbox.
2025-06-04 07:13:38,623 [INFO] - No command received or error in listening.
2025-06-04 07:13:38,641 [WARNING] - Audio input error (OSError): No Default Input Device Available - Likely no microphone in sandbox.
2025-06-04 07:13:38,641 [INFO] - No command received or error in listening.
2025-06-04 07:13:38,658 [WARNING] - Audio input error (OSError): No Default Input Device Available - Likely no microphone in sandbox.
2025-06-04 07:13:38,659 [INFO] - No command received or error in listening.
2025-06-04 07:13:38,676 [WARNING] - Audio input error (OSError): No Default Input Device Available - Likely no microphone in sandbox.
2025-06-04 07:13:38,676 [INFO] - No command received or error in listening.
2025-06-04 07:13:38,694 [WARNING] - Audio input error (OSError): No Default Input Device Available - Likely no microphone in sandbox.
2025-06-04 07:13:38,694 [INFO] - No command received or error in listening.
2025-06-04 07:13:38,711 [WARNING] - Audio input error (OSError): No Default Input Device Available - Likely no microphone in sandbox.
2025-06-04 07:13:38,712 [INFO] - No command received or error in listening.
2025-06-04 07:13:38,729 [WARNING] - Audio input error (OSError): No Default Input Device Available - Likely no microphone in sandbox.
2025-06-04 07:13:38,729 [INFO] - No command received or error in listening.
2025-06-04 07:13:38,747 [WARNING] - Audio input error (OSError): No Default Input Device Available - Likely no microphone in sandbox.
2025-06-04 07:13:38,747 [INFO] - No command received or error in listening.
2025-06-04 07:13:38,765 [WARNING] - Audio input error (OSError): No Default Input Device Available - Likely no microphone in sandbox.
2025-06-04 07:13:38,765 [INFO] - No command received or error in listening.
2025-06-04 07:13:38,783 [WARNING] - Audio input error (OSError): No Default Input Device Available - Likely no microphone in sandbox.
2025-06-04 07:13:38,783 [INFO] - No command received or error in listening.
2025-06-04 07:13:38,800 [WARNING] - Audio input error (OSError): No Default Input Device Available - Likely no microphone in sandbox.
2025-06-04 07:13:38,801 [INFO] - No command received or error in listening.
2025-06-04 07:13:38,819 [WARNING] - Audio input error (OSError): No Default Input Device Available - Likely no microphone in sandbox.
2025-06-04 07:13:38,819 [INFO] - No command received or error in listening.
2025-06-04 07:13:38,837 [WARNING] - Audio input error (OSError): No Default Input Device Available - Likely no microphone in sandbox.
2025-06-04 07:13:38,837 [INFO] - No command received or error in listening.
2025-06-04 07:13:38,854 [WARNING] - Audio input error (OSError): No Default Input Device Available - Likely no microphone in sandbox.
2025-06-04 07:13:38,854 [INFO] - No command received or error in listening.
2025-06-04 07:13:38,872 [WARNING] - Audio input error (OSError): No Default Input Device Available - Likely no microphone in sandbox.
2025-06-04 07:13:38,872 [INFO] - No command received or error in listening.
2025-06-04 07:13:38,889 [WARNING] - Audio input error (OSError): No Default Input Device Available - Likely no microphone in sandbox.
2025-06-04 07:13:38,890 [INFO] - No command received or error in listening.
2025-06-04 07:13:38,907 [WARNING] - Audio input error (OSError): No Default Input Device Available - Likely no microphone in sandbox.
2025-06-04 07:13:38,907 [INFO] - No command received or error in listening.
2025-06-04 07:13:38,925 [WARNING] - Audio input error (OSError): No Default Input Device Available - Likely no microphone in sandbox.
2025-06-04 07:13:38,925 [INFO] - No command received or error in listening.
2025-06-04 07:13:38,943 [WARNING] - Audio input error (OSError): No Default Input Device Available - Likely no microphone in sandbox.
2025-06-04 07:13:38,943 [INFO] - No command received or error in listening.
2025-06-04 07:13:38,960 [WARNING] - Audio input error (OSError): No Default Input Device Available - Likely no microphone in sandbox.
2025-06-04 07:13:38,960 [INFO] - No command received or error in listening.
2025-06-04 07:13:38,978 [WARNING] - Audio input error (OSError): No Default Input Device Available - Likely no microphone in sandbox.
2025-06-04 07:13:38,978 [INFO] - No command received or error in listening.
2025-06-04 07:13:38,996 [WARNING] - Audio input error (OSError): No Default Input Device Available - Likely no microphone in sandbox.
2025-06-04 07:13:38,996 [INFO] - No command received or error in listening.
2025-06-04 07:13:39,014 [WARNING] - Audio input error (OSError): No Default Input Device Available - Likely no microphone in sandbox.
2025-06-04 07:13:39,014 [INFO] - No command received or error in listening.
2025-06-04 07:13:39,032 [WARNING] - Audio input error (OSError): No Default Input Device Available - Likely no microphone in sandbox.
2025-06-04 07:13:39,032 [INFO] - No command received or error in listening.
2025-06-04 07:13:39,050 [WARNING] - Audio input error (OSError): No Default Input Device Available - Likely no microphone in sandbox.
2025-06-04 07:13:39,050 [INFO] - No command received or error in listening.
2025-06-04 07:13:39,067 [WARNING] - Audio input error (OSError): No Default Input Device Available - Likely no microphone in sandbox.
2025-06-04 07:13:39,068 [INFO] - No command received or error in listening.
2025-06-04 07:13:39,085 [WARNING] - Audio input error (OSError): No Default Input Device Available - Likely no microphone in sandbox.
2025-06-04 07:13:39,085 [INFO] - No command received or error in listening.
2025-06-04 07:13:39,103 [WARNING] - Audio input error (OSError): No Default Input Device Available - Likely no microphone in sandbox.
2025-06-04 07:13:39,103 [INFO] - No command received or error in listening.
2025-06-04 07:13:39,121 [WARNING] - Audio input error (OSError): No Default Input Device Available - Likely no microphone in sandbox.
2025-06-04 07:13:39,121 [INFO] - No command received or error in listening.
2025-06-04 07:13:39,138 [WARNING] - Audio input error (OSError): No Default Input Device Available - Likely no microphone in sandbox.
2025-06-04 07:13:39,138 [INFO] - No command received or error in listening.
2025-06-04 07:13:39,156 [WARNING] - Audio input error (OSError): No Default Input Device Available - Likely no microphone in sandbox.
2025-06-04 07:13:39,156 [INFO] - No command received or error in listening.
2025-06-04 07:13:39,174 [WARNING] - Audio input error (OSError): No Default Input Device Available - Likely no microphone in sandbox.
2025-06-04 07:13:39,174 [INFO] - No command received or error in listening.
2025-06-04 07:13:39,192 [WARNING] - Audio input error (OSError): No Default Input Device Available - Likely no microphone in sandbox.
2025-06-04 07:13:39,192 [INFO] - No command received or error in listening.
2025-06-04 07:13:39,210 [WARNING] - Audio input error (OSError): No Default Input Device Available - Likely no microphone in sandbox.
2025-06-04 07:13:39,210 [INFO] - No command received or error in listening.
2025-06-04 07:13:39,227 [WARNING] - Audio input error (OSError): No Default Input Device Available - Likely no microphone in sandbox.
2025-06-04 07:13:39,228 [INFO] - No command received or error in listening.
2025-06-04 07:13:39,245 [WARNING] - Audio input error (OSError): No Default Input Device Available - Likely no microphone in sandbox.
2025-06-04 07:13:39,245 [INFO] - No command received or error in listening.
2025-06-04 07:13:39,263 [WARNING] - Audio input error (OSError): No Default Input Device Available - Likely no microphone in sandbox.
2025-06-04 07:13:39,263 [INFO] - No command received or error in listening.
2025-06-04 07:13:39,280 [WARNING] - Audio input error (OSError): No Default Input Device Available - Likely no microphone in sandbox.
2025-06-04 07:13:39,281 [INFO] - No command received or error in listening.
2025-06-04 07:13:39,298 [WARNING] - Audio input error (OSError): No Default Input Device Available - Likely no microphone in sandbox.
2025-06-04 07:13:39,298 [INFO] - No command received or error in listening.
2025-06-04 07:13:39,316 [WARNING] - Audio input error (OSError): No Default Input Device Available - Likely no microphone in sandbox.
2025-06-04 07:13:39,316 [INFO] - No command received or error in listening.
2025-06-04 07:13:39,334 [WARNING] - Audio input error (OSError): No Default Input Device Available - Likely no microphone in sandbox.
2025-06-04 07:13:39,334 [INFO] - No command received or error in listening.
2025-06-04 07:13:39,351 [WARNING] - Audio input error (OSError): No Default Input Device Available - Likely no microphone in sandbox.
2025-06-04 07:13:39,352 [INFO] - No command received or error in listening.
2025-06-04 07:13:39,369 [WARNING] - Audio input error (OSError): No Default Input Device Available - Likely no microphone in sandbox.
2025-06-04 07:13:39,369 [INFO] - No command received or error in listening.
2025-06-04 07:13:39,387 [WARNING] - Audio input error (OSError): No Default Input Device Available - Likely no microphone in sandbox.
2025-06-04 07:13:39,387 [INFO] - No command received or error in listening.
2025-06-04 07:13:39,404 [WARNING] - Audio input error (OSError): No Default Input Device Available - Likely no microphone in sandbox.
2025-06-04 07:13:39,405 [INFO] - No command received or error in listening.
2025-06-04 07:13:39,422 [WARNING] - Audio input error (OSError): No Default Input Device Available - Likely no microphone in sandbox.
2025-06-04 07:13:39,422 [INFO] - No command received or error in listening.
2025-06-04 07:13:39,440 [WARNING] - Audio input error (OSError): No Default Input Device Available - Likely no microphone in sandbox.
2025-06-04 07:13:39,440 [INFO] - No command received or error in listening.
2025-06-04 07:13:39,457 [WARNING] - Audio input error (OSError): No Default Input Device Available - Likely no microphone in sandbox.
2025-06-04 07:13:39,458 [INFO] - No command received or error in listening.
2025-06-04 07:13:39,475 [WARNING] - Audio input error (OSError): No Default Input Device Available - Likely no microphone in sandbox.
2025-06-04 07:13:39,476 [INFO] - No command received or error in listening.
2025-06-04 07:13:39,493 [WARNING] - Audio input error (OSError): No Default Input Device Available - Likely no microphone in sandbox.
2025-06-04 07:13:39,493 [INFO] - No command received or error in listening.
2025-06-04 07:13:39,511 [WARNING] - Audio input error (OSError): No Default Input Device Available - Likely no microphone in sandbox.
2025-06-04 07:13:39,511 [INFO] - No command received or error in listening.
2025-06-04 07:13:39,529 [WARNING] - Audio input error (OSError): No Default Input Device Available - Likely no microphone in sandbox.
2025-06-04 07:13:39,529 [INFO] - No command received or error in listening.
2025-06-04 07:13:39,547 [WARNING] - Audio input error (OSError): No Default Input Device Available - Likely no microphone in sandbox.
2025-06-04 07:13:39,547 [INFO] - No command received or error in listening.
2025-06-04 07:13:39,565 [WARNING] - Audio input error (OSError): No Default Input Device Available - Likely no microphone in sandbox.
2025-06-04 07:13:39,565 [INFO] - No command received or error in listening.
2025-06-04 07:13:39,582 [WARNING] - Audio input error (OSError): No Default Input Device Available - Likely no microphone in sandbox.
2025-06-04 07:13:39,582 [INFO] - No command received or error in listening.
2025-06-04 07:13:39,600 [WARNING] - Audio input error (OSError): No Default Input Device Available - Likely no microphone in sandbox.
2025-06-04 07:13:39,600 [INFO] - No command received or error in listening.
2025-06-04 07:13:39,618 [WARNING] - Audio input error (OSError): No Default Input Device Available - Likely no microphone in sandbox.
2025-06-04 07:13:39,618 [INFO] - No command received or error in listening.
2025-06-04 07:13:39,636 [WARNING] - Audio input error (OSError): No Default Input Device Available - Likely no microphone in sandbox.
2025-06-04 07:13:39,636 [INFO] - No command received or error in listening.
2025-06-04 07:13:39,654 [WARNING] - Audio input error (OSError): No Default Input Device Available - Likely no microphone in sandbox.
2025-06-04 07:13:39,654 [INFO] - No command received or error in listening.
2025-06-04 07:13:39,671 [WARNING] - Audio input error (OSError): No Default Input Device Available - Likely no microphone in sandbox.
2025-06-04 07:13:39,671 [INFO] - No command received or error in listening.
2025-06-04 07:13:39,689 [WARNING] - Audio input error (OSError): No Default Input Device Available - Likely no microphone in sandbox.
2025-06-04 07:13:39,689 [INFO] - No command received or error in listening.
2025-06-04 07:13:39,707 [WARNING] - Audio input error (OSError): No Default Input Device Available - Likely no microphone in sandbox.
2025-06-04 07:13:39,707 [INFO] - No command received or error in listening.
2025-06-04 07:13:39,725 [WARNING] - Audio input error (OSError): No Default Input Device Available - Likely no microphone in sandbox.
2025-06-04 07:13:39,725 [INFO] - No command received or error in listening.
2025-06-04 07:13:39,743 [WARNING] - Audio input error (OSError): No Default Input Device Available - Likely no microphone in sandbox.
2025-06-04 07:13:39,743 [INFO] - No command received or error in listening.
2025-06-04 07:13:39,760 [WARNING] - Audio input error (OSError): No Default Input Device Available - Likely no microphone in sandbox.
2025-06-04 07:13:39,761 [INFO] - No command received or error in listening.
2025-06-04 07:13:39,778 [WARNING] - Audio input error (OSError): No Default Input Device Available - Likely no microphone in sandbox.
2025-06-04 07:13:39,779 [INFO] - No command received or error in listening.
2025-06-04 07:13:39,796 [WARNING] - Audio input error (OSError): No Default Input Device Available - Likely no microphone in sandbox.
2025-06-04 07:13:39,796 [INFO] - No command received or error in listening.
2025-06-04 07:13:39,814 [WARNING] - Audio input error (OSError): No Default Input Device Available - Likely no microphone in sandbox.
2025-06-04 07:13:39,814 [INFO] - No command received or error in listening.
2025-06-04 07:13:39,832 [WARNING] - Audio input error (OSError): No Default Input Device Available - Likely no microphone in sandbox.
2025-06-04 07:13:39,832 [INFO] - No command received or error in listening.
2025-06-04 07:13:39,849 [WARNING] - Audio input error (OSError): No Default Input Device Available - Likely no microphone in sandbox.
2025-06-04 07:13:39,849 [INFO] - No command received or error in listening.
2025-06-04 07:13:39,867 [WARNING] - Audio input error (OSError): No Default Input Device Available - Likely no microphone in sandbox.
2025-06-04 07:13:39,867 [INFO] - No command received or error in listening.
2025-06-04 07:13:39,884 [WARNING] - Audio input error (OSError): No Default Input Device Available - Likely no microphone in sandbox.
2025-06-04 07:13:39,885 [INFO] - No command received or error in listening.
2025-06-04 07:13:39,905 [WARNING] - Audio input error (OSError): No Default Input Device Available - Likely no microphone in sandbox.
2025-06-04 07:13:39,905 [INFO] - No command received or error in listening.
2025-06-04 07:13:39,924 [WARNING] - Audio input error (OSError): No Default Input Device Available - Likely no microphone in sandbox.
2025-06-04 07:13:39,924 [INFO] - No command received or error in listening.
2025-06-04 07:13:39,956 [WARNING] - Audio input error (OSError): No Default Input Device Available - Likely no microphone in sandbox.
2025-06-04 07:13:39,956 [INFO] - No command received or error in listening.
2025-06-04 07:13:39,981 [WARNING] - Audio input error (OSError): No Default Input Device Available - Likely no microphone in sandbox.
2025-06-04 07:13:39,981 [INFO] - No command received or error in listening.
2025-06-04 07:13:40,006 [WARNING] - Audio input error (OSError): No Default Input Device Available - Likely no microphone in sandbox.
2025-06-04 07:13:40,007 [INFO] - No command received or error in listening.
2025-06-04 07:13:40,031 [WARNING] - Audio input error (OSError): No Default Input Device Available - Likely no microphone in sandbox.
2025-06-04 07:13:40,031 [INFO] - No command received or error in listening.
2025-06-04 07:13:40,055 [WARNING] - Audio input error (OSError): No Default Input Device Available - Likely no microphone in sandbox.
2025-06-04 07:13:40,055 [INFO] - No command received or error in listening.
2025-06-04 07:13:40,082 [WARNING] - Audio input error (OSError): No Default Input Device Available - Likely no microphone in sandbox.
2025-06-04 07:13:40,082 [INFO] - No command received or error in listening.
2025-06-04 07:13:40,116 [WARNING] - Audio input error (OSError): No Default Input Device Available - Likely no microphone in sandbox.
2025-06-04 07:13:40,116 [INFO] - No command received or error in listening.
2025-06-04 07:13:40,144 [WARNING] - Audio input error (OSError): No Default Input Device Available - Likely no microphone in sandbox.
2025-06-04 07:13:40,144 [INFO] - No command received or error in listening.
2025-06-04 07:13:40,173 [WARNING] - Audio input error (OSError): No Default Input Device Available - Likely no microphone in sandbox.
2025-06-04 07:13:40,174 [INFO] - No command received or error in listening.
2025-06-04 07:13:40,200 [WARNING] - Audio input error (OSError): No Default Input Device Available - Likely no microphone in sandbox.
2025-06-04 07:13:40,200 [INFO] - No command received or error in listening.
2025-06-04 07:13:40,229 [WARNING] - Audio input error (OSError): No Default Input Device Available - Likely no microphone in sandbox.
2025-06-04 07:13:40,230 [INFO] - No command received or error in listening.
2025-06-04 07:13:40,261 [WARNING] - Audio input error (OSError): No Default Input Device Available - Likely no microphone in sandbox.
2025-06-04 07:13:40,262 [INFO] - No command received or error in listening.
2025-06-04 07:13:40,290 [WARNING] - Audio input error (OSError): No Default Input Device Available - Likely no microphone in sandbox.
2025-06-04 07:13:40,291 [INFO] - No command received or error in listening.
2025-06-04 07:13:40,318 [WARNING] - Audio input error (OSError): No Default Input Device Available - Likely no microphone in sandbox.
2025-06-04 07:13:40,318 [INFO] - No command received or error in listening.
2025-06-04 07:13:40,352 [WARNING] - Audio input error (OSError): No Default Input Device Available - Likely no microphone in sandbox.
2025-06-04 07:13:40,353 [INFO] - No command received or error in listening.
2025-06-04 07:13:40,375 [WARNING] - Audio input error (OSError): No Default Input Device Available - Likely no microphone in sandbox.
2025-06-04 07:13:40,375 [INFO] - No command received or error in listening.
2025-06-04 07:13:40,403 [WARNING] - Audio input error (OSError): No Default Input Device Available - Likely no microphone in sandbox.
2025-06-04 07:13:40,403 [INFO] - No command received or error in listening.
2025-06-04 07:13:40,436 [WARNING] - Audio input error (OSError): No Default Input Device Available - Likely no microphone in sandbox.
2025-06-04 07:13:40,436 [INFO] - No command received or error in listening.
2025-06-04 07:13:40,465 [WARNING] - Audio input error (OSError): No Default Input Device Available - Likely no microphone in sandbox.
2025-06-04 07:13:40,465 [INFO] - No command received or error in listening.
2025-06-04 07:13:40,493 [WARNING] - Audio input error (OSError): No Default Input Device Available - Likely no microphone in sandbox.
2025-06-04 07:13:40,497 [INFO] - No command received or error in listening.
2025-06-04 07:13:40,522 [WARNING] - Audio input error (OSError): No Default Input Device Available - Likely no microphone in sandbox.
2025-06-04 07:13:40,523 [INFO] - No command received or error in listening.
2025-06-04 07:13:40,543 [WARNING] - Audio input error (OSError): No Default Input Device Available - Likely no microphone in sandbox.
2025-06-04 07:13:40,543 [INFO] - No command received or error in listening.
2025-06-04 07:13:40,579 [WARNING] - Audio input error (OSError): No Default Input Device Available - Likely no microphone in sandbox.
2025-06-04 07:13:40,580 [INFO] - No command received or error in listening.
2025-06-04 07:13:40,614 [WARNING] - Audio input error (OSError): No Default Input Device Available - Likely no microphone in sandbox.
2025-06-04 07:13:40,614 [INFO] - No command received or error in listening.
2025-06-04 07:13:40,646 [WARNING] - Audio input error (OSError): No Default Input Device Available - Likely no microphone in sandbox.
2025-06-04 07:13:40,646 [INFO] - No command received or error in listening.
2025-06-04 07:13:40,680 [WARNING] - Audio input error (OSError): No Default Input Device Available - Likely no microphone in sandbox.
2025-06-04 07:13:40,681 [INFO] - No command received or error in listening.
2025-06-04 07:13:40,716 [WARNING] - Audio input error (OSError): No Default Input Device Available - Likely no microphone in sandbox.
2025-06-04 07:13:40,716 [INFO] - No command received or error in listening.
2025-06-04 07:13:40,744 [WARNING] - Audio input error (OSError): No Default Input Device Available - Likely no microphone in sandbox.
2025-06-04 07:13:40,744 [INFO] - No command received or error in listening.
2025-06-04 07:13:40,778 [WARNING] - Audio input error (OSError): No Default Input Device Available - Likely no microphone in sandbox.
2025-06-04 07:13:40,778 [INFO] - No command received or error in listening.
2025-06-04 07:13:40,805 [WARNING] - Audio input error (OSError): No Default Input Device Available - Likely no microphone in sandbox.
2025-06-04 07:13:40,805 [INFO] - No command received or error in listening.
2025-06-04 07:13:40,836 [WARNING] - Audio input error (OSError): No Default Input Device Available - Likely no microphone in sandbox.
2025-06-04 07:13:40,837 [INFO] - No command received or error in listening.
2025-06-04 07:13:40,863 [WARNING] - Audio input error (OSError): No Default Input Device Available - Likely no microphone in sandbox.
2025-06-04 07:13:40,864 [INFO] - No command received or error in listening.
2025-06-04 07:13:40,907 [WARNING] - Audio input error (OSError): No Default Input Device Available - Likely no microphone in sandbox.
2025-06-04 07:13:40,907 [INFO] - No command received or error in listening.
2025-06-04 07:13:40,931 [WARNING] - Audio input error (OSError): No Default Input Device Available - Likely no microphone in sandbox.
2025-06-04 07:13:40,931 [INFO] - No command received or error in listening.
2025-06-04 07:13:40,959 [WARNING] - Audio input error (OSError): No Default Input Device Available - Likely no microphone in sandbox.
2025-06-04 07:13:40,959 [INFO] - No command received or error in listening.
2025-06-04 07:13:40,991 [WARNING] - Audio input error (OSError): No Default Input Device Available - Likely no microphone in sandbox.
2025-06-04 07:13:40,992 [INFO] - No command received or error in listening.
2025-06-04 07:13:41,016 [WARNING] - Audio input error (OSError): No Default Input Device Available - Likely no microphone in sandbox.
2025-06-04 07:13:41,016 [INFO] - No command received or error in listening.
2025-06-04 07:13:41,038 [WARNING] - Audio input error (OSError): No Default Input Device Available - Likely no microphone in sandbox.
2025-06-04 07:13:41,038 [INFO] - No command received or error in listening.
2025-06-04 07:13:41,070 [WARNING] - Audio input error (OSError): No Default Input Device Available - Likely no microphone in sandbox.
2025-06-04 07:13:41,071 [INFO] - No command received or error in listening.
2025-06-04 07:13:41,095 [WARNING] - Audio input error (OSError): No Default Input Device Available - Likely no microphone in sandbox.
2025-06-04 07:13:41,095 [INFO] - No command received or error in listening.
2025-06-04 07:13:41,124 [WARNING] - Audio input error (OSError): No Default Input Device Available - Likely no microphone in sandbox.
2025-06-04 07:13:41,125 [INFO] - No command received or error in listening.
2025-06-04 07:13:41,148 [WARNING] - Audio input error (OSError): No Default Input Device Available - Likely no microphone in sandbox.
2025-06-04 07:13:41,148 [INFO] - No command received or error in listening.
2025-06-04 07:13:41,170 [WARNING] - Audio input error (OSError): No Default Input Device Available - Likely no microphone in sandbox.
2025-06-04 07:13:41,170 [INFO] - No command received or error in listening.
2025-06-04 07:13:41,207 [WARNING] - Audio input error (OSError): No Default Input Device Available - Likely no microphone in sandbox.
2025-06-04 07:13:41,208 [INFO] - No command received or error in listening.
2025-06-04 07:13:41,236 [WARNING] - Audio input error (OSError): No Default Input Device Available - Likely no microphone in sandbox.
2025-06-04 07:13:41,237 [INFO] - No command received or error in listening.
2025-06-04 07:13:41,410 [WARNING] - Audio input error (OSError): No Default Input Device Available - Likely no microphone in sandbox.
2025-06-04 07:13:41,410 [INFO] - No command received or error in listening.
2025-06-04 07:13:41,430 [WARNING] - Audio input error (OSError): No Default Input Device Available - Likely no microphone in sandbox.
2025-06-04 07:13:41,430 [INFO] - No command received or error in listening.
2025-06-04 07:13:41,447 [WARNING] - Audio input error (OSError): No Default Input Device Available - Likely no microphone in sandbox.
2025-06-04 07:13:41,447 [INFO] - No command received or error in listening.
2025-06-04 07:13:41,464 [WARNING] - Audio input error (OSError): No Default Input Device Available - Likely no microphone in sandbox.
2025-06-04 07:13:41,465 [INFO] - No command received or error in listening.
2025-06-04 07:13:41,482 [WARNING] - Audio input error (OSError): No Default Input Device Available - Likely no microphone in sandbox.
2025-06-04 07:13:41,482 [INFO] - No command received or error in listening.
2025-06-04 07:13:41,500 [WARNING] - Audio input error (OSError): No Default Input Device Available - Likely no microphone in sandbox.
2025-06-04 07:13:41,500 [INFO] - No command received or error in listening.
2025-06-04 07:13:41,517 [WARNING] - Audio input error (OSError): No Default Input Device Available - Likely no microphone in sandbox.
2025-06-04 07:13:41,518 [INFO] - No command received or error in listening.
2025-06-04 07:13:41,535 [WARNING] - Audio input error (OSError): No Default Input Device Available - Likely no microphone in sandbox.
2025-06-04 07:13:41,535 [INFO] - No command received or error in listening.
2025-06-04 07:13:41,552 [WARNING] - Audio input error (OSError): No Default Input Device Available - Likely no microphone in sandbox.
2025-06-04 07:13:41,552 [INFO] - No command received or error in listening.
2025-06-04 07:13:41,570 [WARNING] - Audio input error (OSError): No Default Input Device Available - Likely no microphone in sandbox.
2025-06-04 07:13:41,570 [INFO] - No command received or error in listening.
2025-06-04 07:13:41,588 [WARNING] - Audio input error (OSError): No Default Input Device Available - Likely no microphone in sandbox.
2025-06-04 07:13:41,588 [INFO] - No command received or error in listening.
2025-06-04 07:13:41,605 [WARNING] - Audio input error (OSError): No Default Input Device Available - Likely no microphone in sandbox.
2025-06-04 07:13:41,606 [INFO] - No command received or error in listening.
2025-06-04 07:13:41,623 [WARNING] - Audio input error (OSError): No Default Input Device Available - Likely no microphone in sandbox.
2025-06-04 07:13:41,623 [INFO] - No command received or error in listening.
2025-06-04 07:13:41,641 [WARNING] - Audio input error (OSError): No Default Input Device Available - Likely no microphone in sandbox.
2025-06-04 07:13:41,641 [INFO] - No command received or error in listening.
2025-06-04 07:13:41,658 [WARNING] - Audio input error (OSError): No Default Input Device Available - Likely no microphone in sandbox.
2025-06-04 07:13:41,659 [INFO] - No command received or error in listening.
2025-06-04 07:13:41,676 [WARNING] - Audio input error (OSError): No Default Input Device Available - Likely no microphone in sandbox.
2025-06-04 07:13:41,676 [INFO] - No command received or error in listening.
2025-06-04 07:13:41,693 [WARNING] - Audio input error (OSError): No Default Input Device Available - Likely no microphone in sandbox.
2025-06-04 07:13:41,694 [INFO] - No command received or error in listening.
2025-06-04 07:13:41,711 [WARNING] - Audio input error (OSError): No Default Input Device Available - Likely no microphone in sandbox.
2025-06-04 07:13:41,711 [INFO] - No command received or error in listening.
2025-06-04 07:13:41,728 [WARNING] - Audio input error (OSError): No Default Input Device Available - Likely no microphone in sandbox.
2025-06-04 07:13:41,729 [INFO] - No command received or error in listening.
2025-06-04 07:13:41,746 [WARNING] - Audio input error (OSError): No Default Input Device Available - Likely no microphone in sandbox.
2025-06-04 07:13:41,746 [INFO] - No command received or error in listening.
2025-06-04 07:13:41,763 [WARNING] - Audio input error (OSError): No Default Input Device Available - Likely no microphone in sandbox.
2025-06-04 07:13:41,763 [INFO] - No command received or error in listening.
2025-06-04 07:13:41,781 [WARNING] - Audio input error (OSError): No Default Input Device Available - Likely no microphone in sandbox.
2025-06-04 07:13:41,781 [INFO] - No command received or error in listening.
2025-06-04 07:13:41,798 [WARNING] - Audio input error (OSError): No Default Input Device Available - Likely no microphone in sandbox.
2025-06-04 07:13:41,798 [INFO] - No command received or error in listening.
2025-06-04 07:13:41,816 [WARNING] - Audio input error (OSError): No Default Input Device Available - Likely no microphone in sandbox.
2025-06-04 07:13:41,816 [INFO] - No command received or error in listening.
2025-06-04 07:13:41,833 [WARNING] - Audio input error (OSError): No Default Input Device Available - Likely no microphone in sandbox.
2025-06-04 07:13:41,834 [INFO] - No command received or error in listening.
2025-06-04 07:13:41,851 [WARNING] - Audio input error (OSError): No Default Input Device Available - Likely no microphone in sandbox.
2025-06-04 07:13:41,851 [INFO] - No command received or error in listening.
2025-06-04 07:13:41,869 [WARNING] - Audio input error (OSError): No Default Input Device Available - Likely no microphone in sandbox.
2025-06-04 07:13:41,869 [INFO] - No command received or error in listening.
2025-06-04 07:13:41,887 [WARNING] - Audio input error (OSError): No Default Input Device Available - Likely no microphone in sandbox.
2025-06-04 07:13:41,887 [INFO] - No command received or error in listening.
2025-06-04 07:13:41,904 [WARNING] - Audio input error (OSError): No Default Input Device Available - Likely no microphone in sandbox.
2025-06-04 07:13:41,904 [INFO] - No command received or error in listening.
2025-06-04 07:13:41,922 [WARNING] - Audio input error (OSError): No Default Input Device Available - Likely no microphone in sandbox.
2025-06-04 07:13:41,922 [INFO] - No command received or error in listening.
2025-06-04 07:13:41,939 [WARNING] - Audio input error (OSError): No Default Input Device Available - Likely no microphone in sandbox.
2025-06-04 07:13:41,939 [INFO] - No command received or error in listening.
2025-06-04 07:13:41,957 [WARNING] - Audio input error (OSError): No Default Input Device Available - Likely no microphone in sandbox.
2025-06-04 07:13:41,957 [INFO] - No command received or error in listening.
2025-06-04 07:13:41,975 [WARNING] - Audio input error (OSError): No Default Input Device Available - Likely no microphone in sandbox.
2025-06-04 07:13:41,975 [INFO] - No command received or error in listening.
2025-06-04 07:13:41,992 [WARNING] - Audio input error (OSError): No Default Input Device Available - Likely no microphone in sandbox.
2025-06-04 07:13:41,992 [INFO] - No command received or error in listening.
2025-06-04 07:13:42,010 [WARNING] - Audio input error (OSError): No Default Input Device Available - Likely no microphone in sandbox.
2025-06-04 07:13:42,010 [INFO] - No command received or error in listening.
2025-06-04 07:13:42,027 [WARNING] - Audio input error (OSError): No Default Input Device Available - Likely no microphone in sandbox.
2025-06-04 07:13:42,028 [INFO] - No command received or error in listening.
2025-06-04 07:13:42,045 [WARNING] - Audio input error (OSError): No Default Input Device Available - Likely no microphone in sandbox.
2025-06-04 07:13:42,045 [INFO] - No command received or error in listening.
2025-06-04 07:13:42,063 [WARNING] - Audio input error (OSError): No Default Input Device Available - Likely no microphone in sandbox.
2025-06-04 07:13:42,063 [INFO] - No command received or error in listening.
2025-06-04 07:13:42,081 [WARNING] - Audio input error (OSError): No Default Input Device Available - Likely no microphone in sandbox.
2025-06-04 07:13:42,081 [INFO] - No command received or error in listening.
2025-06-04 07:13:42,098 [WARNING] - Audio input error (OSError): No Default Input Device Available - Likely no microphone in sandbox.
2025-06-04 07:13:42,098 [INFO] - No command received or error in listening.
2025-06-04 07:13:42,116 [WARNING] - Audio input error (OSError): No Default Input Device Available - Likely no microphone in sandbox.
2025-06-04 07:13:42,116 [INFO] - No command received or error in listening.
2025-06-04 07:13:42,134 [WARNING] - Audio input error (OSError): No Default Input Device Available - Likely no microphone in sandbox.
2025-06-04 07:13:42,134 [INFO] - No command received or error in listening.
2025-06-04 07:13:42,151 [WARNING] - Audio input error (OSError): No Default Input Device Available - Likely no microphone in sandbox.
2025-06-04 07:13:42,151 [INFO] - No command received or error in listening.
2025-06-04 07:13:42,169 [WARNING] - Audio input error (OSError): No Default Input Device Available - Likely no microphone in sandbox.
2025-06-04 07:13:42,169 [INFO] - No command received or error in listening.
2025-06-04 07:13:42,187 [WARNING] - Audio input error (OSError): No Default Input Device Available - Likely no microphone in sandbox.
2025-06-04 07:13:42,187 [INFO] - No command received or error in listening.
2025-06-04 07:13:42,204 [WARNING] - Audio input error (OSError): No Default Input Device Available - Likely no microphone in sandbox.
2025-06-04 07:13:42,204 [INFO] - No command received or error in listening.
2025-06-04 07:13:42,221 [WARNING] - Audio input error (OSError): No Default Input Device Available - Likely no microphone in sandbox.
2025-06-04 07:13:42,222 [INFO] - No command received or error in listening.
2025-06-04 07:13:42,239 [WARNING] - Audio input error (OSError): No Default Input Device Available - Likely no microphone in sandbox.
2025-06-04 07:13:42,239 [INFO] - No command received or error in listening.
2025-06-04 07:13:42,256 [WARNING] - Audio input error (OSError): No Default Input Device Available - Likely no microphone in sandbox.
2025-06-04 07:13:42,257 [INFO] - No command received or error in listening.
2025-06-04 07:13:42,274 [WARNING] - Audio input error (OSError): No Default Input Device Available - Likely no microphone in sandbox.
2025-06-04 07:13:42,274 [INFO] - No command received or error in listening.
2025-06-04 07:13:42,292 [WARNING] - Audio input error (OSError): No Default Input Device Available - Likely no microphone in sandbox.
2025-06-04 07:13:42,292 [INFO] - No command received or error in listening.
2025-06-04 07:13:42,310 [WARNING] - Audio input error (OSError): No Default Input Device Available - Likely no microphone in sandbox.
2025-06-04 07:13:42,310 [INFO] - No command received or error in listening.
2025-06-04 07:13:42,328 [WARNING] - Audio input error (OSError): No Default Input Device Available - Likely no microphone in sandbox.
2025-06-04 07:13:42,328 [INFO] - No command received or error in listening.
2025-06-04 07:13:42,345 [WARNING] - Audio input error (OSError): No Default Input Device Available - Likely no microphone in sandbox.
2025-06-04 07:13:42,345 [INFO] - No command received or error in listening.
2025-06-04 07:13:42,363 [WARNING] - Audio input error (OSError): No Default Input Device Available - Likely no microphone in sandbox.
2025-06-04 07:13:42,363 [INFO] - No command received or error in listening.
2025-06-04 07:13:42,380 [WARNING] - Audio input error (OSError): No Default Input Device Available - Likely no microphone in sandbox.
2025-06-04 07:13:42,380 [INFO] - No command received or error in listening.
2025-06-04 07:13:42,397 [WARNING] - Audio input error (OSError): No Default Input Device Available - Likely no microphone in sandbox.
2025-06-04 07:13:42,397 [INFO] - No command received or error in listening.
2025-06-04 07:13:42,414 [WARNING] - Audio input error (OSError): No Default Input Device Available - Likely no microphone in sandbox.
2025-06-04 07:13:42,414 [INFO] - No command received or error in listening.
2025-06-04 07:13:42,432 [WARNING] - Audio input error (OSError): No Default Input Device Available - Likely no microphone in sandbox.
2025-06-04 07:13:42,432 [INFO] - No command received or error in listening.
2025-06-04 07:13:42,449 [WARNING] - Audio input error (OSError): No Default Input Device Available - Likely no microphone in sandbox.
2025-06-04 07:13:42,449 [INFO] - No command received or error in listening.
2025-06-04 07:13:42,466 [WARNING] - Audio input error (OSError): No Default Input Device Available - Likely no microphone in sandbox.
2025-06-04 07:13:42,466 [INFO] - No command received or error in listening.
2025-06-04 07:13:42,484 [WARNING] - Audio input error (OSError): No Default Input Device Available - Likely no microphone in sandbox.
2025-06-04 07:13:42,484 [INFO] - No command received or error in listening.
2025-06-04 07:13:42,501 [WARNING] - Audio input error (OSError): No Default Input Device Available - Likely no microphone in sandbox.
2025-06-04 07:13:42,501 [INFO] - No command received or error in listening.
2025-06-04 07:13:42,518 [WARNING] - Audio input error (OSError): No Default Input Device Available - Likely no microphone in sandbox.
2025-06-04 07:13:42,518 [INFO] - No command received or error in listening.
2025-06-04 07:13:42,536 [WARNING] - Audio input error (OSError): No Default Input Device Available - Likely no microphone in sandbox.
2025-06-04 07:13:42,536 [INFO] - No command received or error in listening.
2025-06-04 07:13:42,553 [WARNING] - Audio input error (OSError): No Default Input Device Available - Likely no microphone in sandbox.
2025-06-04 07:13:42,553 [INFO] - No command received or error in listening.
2025-06-04 07:13:42,570 [WARNING] - Audio input error (OSError): No Default Input Device Available - Likely no microphone in sandbox.
2025-06-04 07:13:42,571 [INFO] - No command received or error in listening.
2025-06-04 07:13:42,588 [WARNING] - Audio input error (OSError): No Default Input Device Available - Likely no microphone in sandbox.
2025-06-04 07:13:42,588 [INFO] - No command received or error in listening.
2025-06-04 07:13:42,605 [WARNING] - Audio input error (OSError): No Default Input Device Available - Likely no microphone in sandbox.
2025-06-04 07:13:42,606 [INFO] - No command received or error in listening.
2025-06-04 07:13:42,623 [WARNING] - Audio input error (OSError): No Default Input Device Available - Likely no microphone in sandbox.
2025-06-04 07:13:42,623 [INFO] - No command received or error in listening.
2025-06-04 07:13:42,640 [WARNING] - Audio input error (OSError): No Default Input Device Available - Likely no microphone in sandbox.
2025-06-04 07:13:42,641 [INFO] - No command received or error in listening.
2025-06-04 07:13:42,658 [WARNING] - Audio input error (OSError): No Default Input Device Available - Likely no microphone in sandbox.
2025-06-04 07:13:42,658 [INFO] - No command received or error in listening.
2025-06-04 07:13:42,675 [WARNING] - Audio input error (OSError): No Default Input Device Available - Likely no microphone in sandbox.
2025-06-04 07:13:42,676 [INFO] - No command received or error in listening.
2025-06-04 07:13:42,693 [WARNING] - Audio input error (OSError): No Default Input Device Available - Likely no microphone in sandbox.
2025-06-04 07:13:42,693 [INFO] - No command received or error in listening.
2025-06-04 07:13:42,710 [WARNING] - Audio input error (OSError): No Default Input Device Available - Likely no microphone in sandbox.
2025-06-04 07:13:42,710 [INFO] - No command received or error in listening.
2025-06-04 07:13:42,728 [WARNING] - Audio input error (OSError): No Default Input Device Available - Likely no microphone in sandbox.
2025-06-04 07:13:42,728 [INFO] - No command received or error in listening.
2025-06-04 07:13:42,745 [WARNING] - Audio input error (OSError): No Default Input Device Available - Likely no microphone in sandbox.
2025-06-04 07:13:42,745 [INFO] - No command received or error in listening.
2025-06-04 07:13:42,762 [WARNING] - Audio input error (OSError): No Default Input Device Available - Likely no microphone in sandbox.
2025-06-04 07:13:42,762 [INFO] - No command received or error in listening.
2025-06-04 07:13:42,780 [WARNING] - Audio input error (OSError): No Default Input Device Available - Likely no microphone in sandbox.
2025-06-04 07:13:42,780 [INFO] - No command received or error in listening.
2025-06-04 07:13:42,797 [WARNING] - Audio input error (OSError): No Default Input Device Available - Likely no microphone in sandbox.
2025-06-04 07:13:42,797 [INFO] - No command received or error in listening.
2025-06-04 07:13:42,815 [WARNING] - Audio input error (OSError): No Default Input Device Available - Likely no microphone in sandbox.
2025-06-04 07:13:42,815 [INFO] - No command received or error in listening.
2025-06-04 07:13:42,832 [WARNING] - Audio input error (OSError): No Default Input Device Available - Likely no microphone in sandbox.
2025-06-04 07:13:42,832 [INFO] - No command received or error in listening.
2025-06-04 07:13:42,850 [WARNING] - Audio input error (OSError): No Default Input Device Available - Likely no microphone in sandbox.
2025-06-04 07:13:42,850 [INFO] - No command received or error in listening.
2025-06-04 07:13:42,871 [WARNING] - Audio input error (OSError): No Default Input Device Available - Likely no microphone in sandbox.
2025-06-04 07:13:42,871 [INFO] - No command received or error in listening.
2025-06-04 07:13:42,889 [WARNING] - Audio input error (OSError): No Default Input Device Available - Likely no microphone in sandbox.
2025-06-04 07:13:42,889 [INFO] - No command received or error in listening.
2025-06-04 07:13:42,906 [WARNING] - Audio input error (OSError): No Default Input Device Available - Likely no microphone in sandbox.
2025-06-04 07:13:42,906 [INFO] - No command received or error in listening.
2025-06-04 07:13:42,924 [WARNING] - Audio input error (OSError): No Default Input Device Available - Likely no microphone in sandbox.
2025-06-04 07:13:42,924 [INFO] - No command received or error in listening.
2025-06-04 07:13:42,941 [WARNING] - Audio input error (OSError): No Default Input Device Available - Likely no microphone in sandbox.
2025-06-04 07:13:42,942 [INFO] - No command received or error in listening.
2025-06-04 07:13:42,960 [WARNING] - Audio input error (OSError): No Default Input Device Available - Likely no microphone in sandbox.
2025-06-04 07:13:42,960 [INFO] - No command received or error in listening.
2025-06-04 07:13:42,980 [WARNING] - Audio input error (OSError): No Default Input Device Available - Likely no microphone in sandbox.
2025-06-04 07:13:42,980 [INFO] - No command received or error in listening.
2025-06-04 07:13:43,001 [WARNING] - Audio input error (OSError): No Default Input Device Available - Likely no microphone in sandbox.
2025-06-04 07:13:43,001 [INFO] - No command received or error in listening.
2025-06-04 07:13:43,021 [WARNING] - Audio input error (OSError): No Default Input Device Available - Likely no microphone in sandbox.
2025-06-04 07:13:43,022 [INFO] - No command received or error in listening.
2025-06-04 07:13:43,039 [WARNING] - Audio input error (OSError): No Default Input Device Available - Likely no microphone in sandbox.
2025-06-04 07:13:43,039 [INFO] - No command received or error in listening.
2025-06-04 07:13:43,057 [WARNING] - Audio input error (OSError): No Default Input Device Available - Likely no microphone in sandbox.
2025-06-04 07:13:43,057 [INFO] - No command received or error in listening.
2025-06-04 07:13:43,074 [WARNING] - Audio input error (OSError): No Default Input Device Available - Likely no microphone in sandbox.
2025-06-04 07:13:43,074 [INFO] - No command received or error in listening.
2025-06-04 07:13:43,092 [WARNING] - Audio input error (OSError): No Default Input Device Available - Likely no microphone in sandbox.
2025-06-04 07:13:43,092 [INFO] - No command received or error in listening.
2025-06-04 07:13:43,109 [WARNING] - Audio input error (OSError): No Default Input Device Available - Likely no microphone in sandbox.
2025-06-04 07:13:43,109 [INFO] - No command received or error in listening.
2025-06-04 07:13:43,129 [WARNING] - Audio input error (OSError): No Default Input Device Available - Likely no microphone in sandbox.
2025-06-04 07:13:43,129 [INFO] - No command received or error in listening.
2025-06-04 07:13:43,150 [WARNING] - Audio input error (OSError): No Default Input Device Available - Likely no microphone in sandbox.
2025-06-04 07:13:43,150 [INFO] - No command received or error in listening.
2025-06-04 07:13:43,169 [WARNING] - Audio input error (OSError): No Default Input Device Available - Likely no microphone in sandbox.
2025-06-04 07:13:43,170 [INFO] - No command received or error in listening.
2025-06-04 07:13:43,188 [WARNING] - Audio input error (OSError): No Default Input Device Available - Likely no microphone in sandbox.
2025-06-04 07:13:43,188 [INFO] - No command received or error in listening.
2025-06-04 07:13:43,206 [WARNING] - Audio input error (OSError): No Default Input Device Available - Likely no microphone in sandbox.
2025-06-04 07:13:43,206 [INFO] - No command received or error in listening.
2025-06-04 07:13:43,226 [WARNING] - Audio input error (OSError): No Default Input Device Available - Likely no microphone in sandbox.
2025-06-04 07:13:43,226 [INFO] - No command received or error in listening.
2025-06-04 07:13:43,244 [WARNING] - Audio input error (OSError): No Default Input Device Available - Likely no microphone in sandbox.
2025-06-04 07:13:43,244 [INFO] - No command received or error in listening.
2025-06-04 07:13:43,261 [WARNING] - Audio input error (OSError): No Default Input Device Available - Likely no microphone in sandbox.
2025-06-04 07:13:43,261 [INFO] - No command received or error in listening.
2025-06-04 07:13:43,279 [WARNING] - Audio input error (OSError): No Default Input Device Available - Likely no microphone in sandbox.
2025-06-04 07:13:43,279 [INFO] - No command received or error in listening.
2025-06-04 07:13:43,297 [WARNING] - Audio input error (OSError): No Default Input Device Available - Likely no microphone in sandbox.
2025-06-04 07:13:43,297 [INFO] - No command received or error in listening.
2025-06-04 07:13:43,315 [WARNING] - Audio input error (OSError): No Default Input Device Available - Likely no microphone in sandbox.
2025-06-04 07:13:43,315 [INFO] - No command received or error in listening.
2025-06-04 07:13:43,332 [WARNING] - Audio input error (OSError): No Default Input Device Available - Likely no microphone in sandbox.
2025-06-04 07:13:43,333 [INFO] - No command received or error in listening.
2025-06-04 07:13:43,350 [WARNING] - Audio input error (OSError): No Default Input Device Available - Likely no microphone in sandbox.
2025-06-04 07:13:43,350 [INFO] - No command received or error in listening.
2025-06-04 07:13:43,368 [WARNING] - Audio input error (OSError): No Default Input Device Available - Likely no microphone in sandbox.
2025-06-04 07:13:43,368 [INFO] - No command received or error in listening.
2025-06-04 07:13:43,386 [WARNING] - Audio input error (OSError): No Default Input Device Available - Likely no microphone in sandbox.
2025-06-04 07:13:43,386 [INFO] - No command received or error in listening.
2025-06-04 07:13:43,403 [WARNING] - Audio input error (OSError): No Default Input Device Available - Likely no microphone in sandbox.
2025-06-04 07:13:43,403 [INFO] - No command received or error in listening.
2025-06-04 07:13:43,420 [WARNING] - Audio input error (OSError): No Default Input Device Available - Likely no microphone in sandbox.
2025-06-04 07:13:43,420 [INFO] - No command received or error in listening.
2025-06-04 07:13:43,438 [WARNING] - Audio input error (OSError): No Default Input Device Available - Likely no microphone in sandbox.
2025-06-04 07:13:43,438 [INFO] - No command received or error in listening.
2025-06-04 07:13:43,455 [WARNING] - Audio input error (OSError): No Default Input Device Available - Likely no microphone in sandbox.
2025-06-04 07:13:43,456 [INFO] - No command received or error in listening.
2025-06-04 07:13:43,473 [WARNING] - Audio input error (OSError): No Default Input Device Available - Likely no microphone in sandbox.
2025-06-04 07:13:43,473 [INFO] - No command received or error in listening.
2025-06-04 07:13:43,491 [WARNING] - Audio input error (OSError): No Default Input Device Available - Likely no microphone in sandbox.
2025-06-04 07:13:43,491 [INFO] - No command received or error in listening.
2025-06-04 07:13:43,508 [WARNING] - Audio input error (OSError): No Default Input Device Available - Likely no microphone in sandbox.
2025-06-04 07:13:43,508 [INFO] - No command received or error in listening.
2025-06-04 07:13:43,525 [WARNING] - Audio input error (OSError): No Default Input Device Available - Likely no microphone in sandbox.
2025-06-04 07:13:43,526 [INFO] - No command received or error in listening.
2025-06-04 07:13:43,543 [WARNING] - Audio input error (OSError): No Default Input Device Available - Likely no microphone in sandbox.
2025-06-04 07:13:43,543 [INFO] - No command received or error in listening.
2025-06-04 07:13:43,560 [WARNING] - Audio input error (OSError): No Default Input Device Available - Likely no microphone in sandbox.
2025-06-04 07:13:43,560 [INFO] - No command received or error in listening.
2025-06-04 07:13:43,578 [WARNING] - Audio input error (OSError): No Default Input Device Available - Likely no microphone in sandbox.
2025-06-04 07:13:43,578 [INFO] - No command received or error in listening.
2025-06-04 07:13:43,595 [WARNING] - Audio input error (OSError): No Default Input Device Available - Likely no microphone in sandbox.
2025-06-04 07:13:43,596 [INFO] - No command received or error in listening.
2025-06-04 07:13:43,612 [WARNING] - Audio input error (OSError): No Default Input Device Available - Likely no microphone in sandbox.
2025-06-04 07:13:43,613 [INFO] - No command received or error in listening.
2025-06-04 07:13:43,630 [WARNING] - Audio input error (OSError): No Default Input Device Available - Likely no microphone in sandbox.
2025-06-04 07:13:43,630 [INFO] - No command received or error in listening.
2025-06-04 07:13:43,647 [WARNING] - Audio input error (OSError): No Default Input Device Available - Likely no microphone in sandbox.
2025-06-04 07:13:43,647 [INFO] - No command received or error in listening.
2025-06-04 07:13:43,664 [WARNING] - Audio input error (OSError): No Default Input Device Available - Likely no microphone in sandbox.
2025-06-04 07:13:43,664 [INFO] - No command received or error in listening.
2025-06-04 07:13:43,681 [WARNING] - Audio input error (OSError): No Default Input Device Available - Likely no microphone in sandbox.
2025-06-04 07:13:43,682 [INFO] - No command received or error in listening.
2025-06-04 07:13:43,699 [WARNING] - Audio input error (OSError): No Default Input Device Available - Likely no microphone in sandbox.
2025-06-04 07:13:43,699 [INFO] - No command received or error in listening.
2025-06-04 07:13:43,716 [WARNING] - Audio input error (OSError): No Default Input Device Available - Likely no microphone in sandbox.
2025-06-04 07:13:43,716 [INFO] - No command received or error in listening.
2025-06-04 07:13:43,733 [WARNING] - Audio input error (OSError): No Default Input Device Available - Likely no microphone in sandbox.
2025-06-04 07:13:43,734 [INFO] - No command received or error in listening.
2025-06-04 07:13:43,751 [WARNING] - Audio input error (OSError): No Default Input Device Available - Likely no microphone in sandbox.
2025-06-04 07:13:43,751 [INFO] - No command received or error in listening.
2025-06-04 07:13:43,768 [WARNING] - Audio input error (OSError): No Default Input Device Available - Likely no microphone in sandbox.
2025-06-04 07:13:43,768 [INFO] - No command received or error in listening.
2025-06-04 07:13:43,785 [WARNING] - Audio input error (OSError): No Default Input Device Available - Likely no microphone in sandbox.
2025-06-04 07:13:43,786 [INFO] - No command received or error in listening.
2025-06-04 07:13:43,803 [WARNING] - Audio input error (OSError): No Default Input Device Available - Likely no microphone in sandbox.
2025-06-04 07:13:43,803 [INFO] - No command received or error in listening.
2025-06-04 07:13:43,821 [WARNING] - Audio input error (OSError): No Default Input Device Available - Likely no microphone in sandbox.
2025-06-04 07:13:43,821 [INFO] - No command received or error in listening.
2025-06-04 07:13:43,840 [WARNING] - Audio input error (OSError): No Default Input Device Available - Likely no microphone in sandbox.
2025-06-04 07:13:43,841 [INFO] - No command received or error in listening.
2025-06-04 07:13:43,859 [WARNING] - Audio input error (OSError): No Default Input Device Available - Likely no microphone in sandbox.
2025-06-04 07:13:43,859 [INFO] - No command received or error in listening.
2025-06-04 07:13:43,877 [WARNING] - Audio input error (OSError): No Default Input Device Available - Likely no microphone in sandbox.
2025-06-04 07:13:43,877 [INFO] - No command received or error in listening.
2025-06-04 07:13:43,894 [WARNING] - Audio input error (OSError): No Default Input Device Available - Likely no microphone in sandbox.
2025-06-04 07:13:43,894 [INFO] - No command received or error in listening.
2025-06-04 07:13:43,911 [WARNING] - Audio input error (OSError): No Default Input Device Available - Likely no microphone in sandbox.
2025-06-04 07:13:43,912 [INFO] - No command received or error in listening.
2025-06-04 07:13:43,929 [WARNING] - Audio input error (OSError): No Default Input Device Available - Likely no microphone in sandbox.
2025-06-04 07:13:43,929 [INFO] - No command received or error in listening.
2025-06-04 07:13:43,947 [WARNING] - Audio input error (OSError): No Default Input Device Available - Likely no microphone in sandbox.
2025-06-04 07:13:43,947 [INFO] - No command received or error in listening.
2025-06-04 07:13:43,964 [WARNING] - Audio input error (OSError): No Default Input Device Available - Likely no microphone in sandbox.
2025-06-04 07:13:43,964 [INFO] - No command received or error in listening.
2025-06-04 07:13:43,981 [WARNING] - Audio input error (OSError): No Default Input Device Available - Likely no microphone in sandbox.
2025-06-04 07:13:43,982 [INFO] - No command received or error in listening.
2025-06-04 07:13:44,000 [WARNING] - Audio input error (OSError): No Default Input Device Available - Likely no microphone in sandbox.
2025-06-04 07:13:44,000 [INFO] - No command received or error in listening.
2025-06-04 07:13:44,017 [WARNING] - Audio input error (OSError): No Default Input Device Available - Likely no microphone in sandbox.
2025-06-04 07:13:44,017 [INFO] - No command received or error in listening.
2025-06-04 07:13:44,035 [WARNING] - Audio input error (OSError): No Default Input Device Available - Likely no microphone in sandbox.
2025-06-04 07:13:44,035 [INFO] - No command received or error in listening.
2025-06-04 07:13:44,052 [WARNING] - Audio input error (OSError): No Default Input Device Available - Likely no microphone in sandbox.
2025-06-04 07:13:44,053 [INFO] - No command received or error in listening.
2025-06-04 07:13:44,070 [WARNING] - Audio input error (OSError): No Default Input Device Available - Likely no microphone in sandbox.
2025-06-04 07:13:44,070 [INFO] - No command received or error in listening.
2025-06-04 07:13:44,088 [WARNING] - Audio input error (OSError): No Default Input Device Available - Likely no microphone in sandbox.
2025-06-04 07:13:44,088 [INFO] - No command received or error in listening.
2025-06-04 07:13:44,105 [WARNING] - Audio input error (OSError): No Default Input Device Available - Likely no microphone in sandbox.
2025-06-04 07:13:44,105 [INFO] - No command received or error in listening.
2025-06-04 07:13:44,123 [WARNING] - Audio input error (OSError): No Default Input Device Available - Likely no microphone in sandbox.
2025-06-04 07:13:44,123 [INFO] - No command received or error in listening.
2025-06-04 07:13:44,140 [WARNING] - Audio input error (OSError): No Default Input Device Available - Likely no microphone in sandbox.
2025-06-04 07:13:44,140 [INFO] - No command received or error in listening.
2025-06-04 07:13:44,157 [WARNING] - Audio input error (OSError): No Default Input Device Available - Likely no microphone in sandbox.
2025-06-04 07:13:44,157 [INFO] - No command received or error in listening.
2025-06-04 07:13:44,174 [WARNING] - Audio input error (OSError): No Default Input Device Available - Likely no microphone in sandbox.
2025-06-04 07:13:44,175 [INFO] - No command received or error in listening.
2025-06-04 07:13:44,192 [WARNING] - Audio input error (OSError): No Default Input Device Available - Likely no microphone in sandbox.
2025-06-04 07:13:44,192 [INFO] - No command received or error in listening.
2025-06-04 07:13:44,209 [WARNING] - Audio input error (OSError): No Default Input Device Available - Likely no microphone in sandbox.
2025-06-04 07:13:44,210 [INFO] - No command received or error in listening.
2025-06-04 07:13:44,227 [WARNING] - Audio input error (OSError): No Default Input Device Available - Likely no microphone in sandbox.
2025-06-04 07:13:44,227 [INFO] - No command received or error in listening.
2025-06-04 07:13:44,244 [WARNING] - Audio input error (OSError): No Default Input Device Available - Likely no microphone in sandbox.
2025-06-04 07:13:44,244 [INFO] - No command received or error in listening.
2025-06-04 07:13:44,262 [WARNING] - Audio input error (OSError): No Default Input Device Available - Likely no microphone in sandbox.
2025-06-04 07:13:44,262 [INFO] - No command received or error in listening.
2025-06-04 07:13:44,280 [WARNING] - Audio input error (OSError): No Default Input Device Available - Likely no microphone in sandbox.
2025-06-04 07:13:44,280 [INFO] - No command received or error in listening.
2025-06-04 07:13:44,298 [WARNING] - Audio input error (OSError): No Default Input Device Available - Likely no microphone in sandbox.
2025-06-04 07:13:44,298 [INFO] - No command received or error in listening.
2025-06-04 07:13:44,315 [WARNING] - Audio input error (OSError): No Default Input Device Available - Likely no microphone in sandbox.
2025-06-04 07:13:44,315 [INFO] - No command received or error in listening.
2025-06-04 07:13:44,333 [WARNING] - Audio input error (OSError): No Default Input Device Available - Likely no microphone in sandbox.
2025-06-04 07:13:44,333 [INFO] - No command received or error in listening.
2025-06-04 07:13:44,350 [WARNING] - Audio input error (OSError): No Default Input Device Available - Likely no microphone in sandbox.
2025-06-04 07:13:44,351 [INFO] - No command received or error in listening.
2025-06-04 07:13:44,368 [WARNING] - Audio input error (OSError): No Default Input Device Available - Likely no microphone in sandbox.
2025-06-04 07:13:44,368 [INFO] - No command received or error in listening.
2025-06-04 07:13:44,385 [WARNING] - Audio input error (OSError): No Default Input Device Available - Likely no microphone in sandbox.
2025-06-04 07:13:44,386 [INFO] - No command received or error in listening.
2025-06-04 07:13:44,403 [WARNING] - Audio input error (OSError): No Default Input Device Available - Likely no microphone in sandbox.
2025-06-04 07:13:44,403 [INFO] - No command received or error in listening.
2025-06-04 07:13:44,420 [WARNING] - Audio input error (OSError): No Default Input Device Available - Likely no microphone in sandbox.
2025-06-04 07:13:44,420 [INFO] - No command received or error in listening.
2025-06-04 07:13:44,438 [WARNING] - Audio input error (OSError): No Default Input Device Available - Likely no microphone in sandbox.
2025-06-04 07:13:44,438 [INFO] - No command received or error in listening.
2025-06-04 07:13:44,456 [WARNING] - Audio input error (OSError): No Default Input Device Available - Likely no microphone in sandbox.
2025-06-04 07:13:44,457 [INFO] - No command received or error in listening.
2025-06-04 07:13:44,474 [WARNING] - Audio input error (OSError): No Default Input Device Available - Likely no microphone in sandbox.
2025-06-04 07:13:44,474 [INFO] - No command received or error in listening.
2025-06-04 07:13:44,491 [WARNING] - Audio input error (OSError): No Default Input Device Available - Likely no microphone in sandbox.
2025-06-04 07:13:44,491 [INFO] - No command received or error in listening.
2025-06-04 07:13:44,509 [WARNING] - Audio input error (OSError): No Default Input Device Available - Likely no microphone in sandbox.
2025-06-04 07:13:44,509 [INFO] - No command received or error in listening.
2025-06-04 07:13:44,526 [WARNING] - Audio input error (OSError): No Default Input Device Available - Likely no microphone in sandbox.
2025-06-04 07:13:44,526 [INFO] - No command received or error in listening.
2025-06-04 07:13:44,543 [WARNING] - Audio input error (OSError): No Default Input Device Available - Likely no microphone in sandbox.
2025-06-04 07:13:44,544 [INFO] - No command received or error in listening.
2025-06-04 07:13:44,561 [WARNING] - Audio input error (OSError): No Default Input Device Available - Likely no microphone in sandbox.
2025-06-04 07:13:44,561 [INFO] - No command received or error in listening.
2025-06-04 07:13:44,578 [WARNING] - Audio input error (OSError): No Default Input Device Available - Likely no microphone in sandbox.
2025-06-04 07:13:44,578 [INFO] - No command received or error in listening.
2025-06-04 07:13:44,595 [WARNING] - Audio input error (OSError): No Default Input Device Available - Likely no microphone in sandbox.
2025-06-04 07:13:44,596 [INFO] - No command received or error in listening.
2025-06-04 07:13:44,613 [WARNING] - Audio input error (OSError): No Default Input Device Available - Likely no microphone in sandbox.
2025-06-04 07:13:44,613 [INFO] - No command received or error in listening.
2025-06-04 07:13:44,630 [WARNING] - Audio input error (OSError): No Default Input Device Available - Likely no microphone in sandbox.
2025-06-04 07:13:44,630 [INFO] - No command received or error in listening.
2025-06-04 07:13:44,647 [WARNING] - Audio input error (OSError): No Default Input Device Available - Likely no microphone in sandbox.
2025-06-04 07:13:44,648 [INFO] - No command received or error in listening.
2025-06-04 07:13:44,665 [WARNING] - Audio input error (OSError): No Default Input Device Available - Likely no microphone in sandbox.
2025-06-04 07:13:44,665 [INFO] - No command received or error in listening.
2025-06-04 07:13:44,682 [WARNING] - Audio input error (OSError): No Default Input Device Available - Likely no microphone in sandbox.
2025-06-04 07:13:44,682 [INFO] - No command received or error in listening.
2025-06-04 07:13:44,700 [WARNING] - Audio input error (OSError): No Default Input Device Available - Likely no microphone in sandbox.
2025-06-04 07:13:44,700 [INFO] - No command received or error in listening.
2025-06-04 07:13:44,717 [WARNING] - Audio input error (OSError): No Default Input Device Available - Likely no microphone in sandbox.
2025-06-04 07:13:44,718 [INFO] - No command received or error in listening.
2025-06-04 07:13:44,735 [WARNING] - Audio input error (OSError): No Default Input Device Available - Likely no microphone in sandbox.
2025-06-04 07:13:44,735 [INFO] - No command received or error in listening.
2025-06-04 07:13:44,752 [WARNING] - Audio input error (OSError): No Default Input Device Available - Likely no microphone in sandbox.
2025-06-04 07:13:44,752 [INFO] - No command received or error in listening.
2025-06-04 07:13:44,769 [WARNING] - Audio input error (OSError): No Default Input Device Available - Likely no microphone in sandbox.
2025-06-04 07:13:44,769 [INFO] - No command received or error in listening.
2025-06-04 07:13:44,786 [WARNING] - Audio input error (OSError): No Default Input Device Available - Likely no microphone in sandbox.
2025-06-04 07:13:44,786 [INFO] - No command received or error in listening.
2025-06-04 07:13:44,803 [WARNING] - Audio input error (OSError): No Default Input Device Available - Likely no microphone in sandbox.
2025-06-04 07:13:44,804 [INFO] - No command received or error in listening.
2025-06-04 07:13:44,821 [WARNING] - Audio input error (OSError): No Default Input Device Available - Likely no microphone in sandbox.
2025-06-04 07:13:44,821 [INFO] - No command received or error in listening.
2025-06-04 07:13:44,839 [WARNING] - Audio input error (OSError): No Default Input Device Available - Likely no microphone in sandbox.
2025-06-04 07:13:44,839 [INFO] - No command received or error in listening.
2025-06-04 07:13:44,856 [WARNING] - Audio input error (OSError): No Default Input Device Available - Likely no microphone in sandbox.
2025-06-04 07:13:44,856 [INFO] - No command received or error in listening.
2025-06-04 07:13:44,873 [WARNING] - Audio input error (OSError): No Default Input Device Available - Likely no microphone in sandbox.
2025-06-04 07:13:44,873 [INFO] - No command received or error in listening.
2025-06-04 07:13:44,890 [WARNING] - Audio input error (OSError): No Default Input Device Available - Likely no microphone in sandbox.
2025-06-04 07:13:44,890 [INFO] - No command received or error in listening.
2025-06-04 07:13:44,907 [WARNING] - Audio input error (OSError): No Default Input Device Available - Likely no microphone in sandbox.
2025-06-04 07:13:44,907 [INFO] - No command received or error in listening.
2025-06-04 07:13:44,924 [WARNING] - Audio input error (OSError): No Default Input Device Available - Likely no microphone in sandbox.
2025-06-04 07:13:44,924 [INFO] - No command received or error in listening.
2025-06-04 07:13:44,942 [WARNING] - Audio input error (OSError): No Default Input Device Available - Likely no microphone in sandbox.
2025-06-04 07:13:44,942 [INFO] - No command received or error in listening.
2025-06-04 07:13:44,959 [WARNING] - Audio input error (OSError): No Default Input Device Available - Likely no microphone in sandbox.
2025-06-04 07:13:44,959 [INFO] - No command received or error in listening.
2025-06-04 07:13:44,976 [WARNING] - Audio input error (OSError): No Default Input Device Available - Likely no microphone in sandbox.
2025-06-04 07:13:44,976 [INFO] - No command received or error in listening.
2025-06-04 07:13:44,993 [WARNING] - Audio input error (OSError): No Default Input Device Available - Likely no microphone in sandbox.
2025-06-04 07:13:44,994 [INFO] - No command received or error in listening.
2025-06-04 07:13:45,011 [WARNING] - Audio input error (OSError): No Default Input Device Available - Likely no microphone in sandbox.
2025-06-04 07:13:45,011 [INFO] - No command received or error in listening.
2025-06-04 07:13:45,028 [WARNING] - Audio input error (OSError): No Default Input Device Available - Likely no microphone in sandbox.
2025-06-04 07:13:45,028 [INFO] - No command received or error in listening.
2025-06-04 07:13:45,045 [WARNING] - Audio input error (OSError): No Default Input Device Available - Likely no microphone in sandbox.
2025-06-04 07:13:45,046 [INFO] - No command received or error in listening.
2025-06-04 07:13:45,063 [WARNING] - Audio input error (OSError): No Default Input Device Available - Likely no microphone in sandbox.
2025-06-04 07:13:45,063 [INFO] - No command received or error in listening.
2025-06-04 07:13:45,080 [WARNING] - Audio input error (OSError): No Default Input Device Available - Likely no microphone in sandbox.
2025-06-04 07:13:45,080 [INFO] - No command received or error in listening.
2025-06-04 07:13:45,097 [WARNING] - Audio input error (OSError): No Default Input Device Available - Likely no microphone in sandbox.
2025-06-04 07:13:45,097 [INFO] - No command received or error in listening.
2025-06-04 07:13:45,115 [WARNING] - Audio input error (OSError): No Default Input Device Available - Likely no microphone in sandbox.
2025-06-04 07:13:45,115 [INFO] - No command received or error in listening.
2025-06-04 07:13:45,132 [WARNING] - Audio input error (OSError): No Default Input Device Available - Likely no microphone in sandbox.
2025-06-04 07:13:45,132 [INFO] - No command received or error in listening.
2025-06-04 07:13:45,149 [WARNING] - Audio input error (OSError): No Default Input Device Available - Likely no microphone in sandbox.
2025-06-04 07:13:45,149 [INFO] - No command received or error in listening.
2025-06-04 07:13:45,167 [WARNING] - Audio input error (OSError): No Default Input Device Available - Likely no microphone in sandbox.
2025-06-04 07:13:45,167 [INFO] - No command received or error in listening.
2025-06-04 07:13:45,184 [WARNING] - Audio input error (OSError): No Default Input Device Available - Likely no microphone in sandbox.
2025-06-04 07:13:45,184 [INFO] - No command received or error in listening.
2025-06-04 07:13:45,201 [WARNING] - Audio input error (OSError): No Default Input Device Available - Likely no microphone in sandbox.
2025-06-04 07:13:45,201 [INFO] - No command received or error in listening.
2025-06-04 07:13:45,218 [WARNING] - Audio input error (OSError): No Default Input Device Available - Likely no microphone in sandbox.
2025-06-04 07:13:45,219 [INFO] - No command received or error in listening.
2025-06-04 07:13:45,236 [WARNING] - Audio input error (OSError): No Default Input Device Available - Likely no microphone in sandbox.
2025-06-04 07:13:45,236 [INFO] - No command received or error in listening.
2025-06-04 07:13:45,254 [WARNING] - Audio input error (OSError): No Default Input Device Available - Likely no microphone in sandbox.
2025-06-04 07:13:45,254 [INFO] - No command received or error in listening.
2025-06-04 07:13:45,271 [WARNING] - Audio input error (OSError): No Default Input Device Available - Likely no microphone in sandbox.
2025-06-04 07:13:45,271 [INFO] - No command received or error in listening.
2025-06-04 07:13:45,288 [WARNING] - Audio input error (OSError): No Default Input Device Available - Likely no microphone in sandbox.
2025-06-04 07:13:45,289 [INFO] - No command received or error in listening.
2025-06-04 07:13:45,306 [WARNING] - Audio input error (OSError): No Default Input Device Available - Likely no microphone in sandbox.
2025-06-04 07:13:45,306 [INFO] - No command received or error in listening.
2025-06-04 07:13:45,324 [WARNING] - Audio input error (OSError): No Default Input Device Available - Likely no microphone in sandbox.
2025-06-04 07:13:45,324 [INFO] - No command received or error in listening.
2025-06-04 07:13:45,341 [WARNING] - Audio input error (OSError): No Default Input Device Available - Likely no microphone in sandbox.
2025-06-04 07:13:45,341 [INFO] - No command received or error in listening.
2025-06-04 07:13:45,359 [WARNING] - Audio input error (OSError): No Default Input Device Available - Likely no microphone in sandbox.
2025-06-04 07:13:45,359 [INFO] - No command received or error in listening.
2025-06-04 07:13:45,376 [WARNING] - Audio input error (OSError): No Default Input Device Available - Likely no microphone in sandbox.
2025-06-04 07:13:45,376 [INFO] - No command received or error in listening.
2025-06-04 07:13:45,393 [WARNING] - Audio input error (OSError): No Default Input Device Available - Likely no microphone in sandbox.
2025-06-04 07:13:45,393 [INFO] - No command received or error in listening.
2025-06-04 07:13:45,411 [WARNING] - Audio input error (OSError): No Default Input Device Available - Likely no microphone in sandbox.
2025-06-04 07:13:45,411 [INFO] - No command received or error in listening.
2025-06-04 07:13:45,428 [WARNING] - Audio input error (OSError): No Default Input Device Available - Likely no microphone in sandbox.
2025-06-04 07:13:45,428 [INFO] - No command received or error in listening.
2025-06-04 07:13:45,445 [WARNING] - Audio input error (OSError): No Default Input Device Available - Likely no microphone in sandbox.
2025-06-04 07:13:45,445 [INFO] - No command received or error in listening.
2025-06-04 07:13:45,462 [WARNING] - Audio input error (OSError): No Default Input Device Available - Likely no microphone in sandbox.
2025-06-04 07:13:45,463 [INFO] - No command received or error in listening.
2025-06-04 07:13:45,480 [WARNING] - Audio input error (OSError): No Default Input Device Available - Likely no microphone in sandbox.
2025-06-04 07:13:45,480 [INFO] - No command received or error in listening.
2025-06-04 07:13:45,497 [WARNING] - Audio input error (OSError): No Default Input Device Available - Likely no microphone in sandbox.
2025-06-04 07:13:45,497 [INFO] - No command received or error in listening.
2025-06-04 07:13:45,515 [WARNING] - Audio input error (OSError): No Default Input Device Available - Likely no microphone in sandbox.
2025-06-04 07:13:45,515 [INFO] - No command received or error in listening.
2025-06-04 07:13:45,532 [WARNING] - Audio input error (OSError): No Default Input Device Available - Likely no microphone in sandbox.
2025-06-04 07:13:45,532 [INFO] - No command received or error in listening.
2025-06-04 07:13:45,549 [WARNING] - Audio input error (OSError): No Default Input Device Available - Likely no microphone in sandbox.
2025-06-04 07:13:45,549 [INFO] - No command received or error in listening.
2025-06-04 07:13:45,566 [WARNING] - Audio input error (OSError): No Default Input Device Available - Likely no microphone in sandbox.
2025-06-04 07:13:45,566 [INFO] - No command received or error in listening.
2025-06-04 07:13:45,584 [WARNING] - Audio input error (OSError): No Default Input Device Available - Likely no microphone in sandbox.
2025-06-04 07:13:45,584 [INFO] - No command received or error in listening.
2025-06-04 07:13:45,601 [WARNING] - Audio input error (OSError): No Default Input Device Available - Likely no microphone in sandbox.
2025-06-04 07:13:45,602 [INFO] - No command received or error in listening.
2025-06-04 07:13:45,619 [WARNING] - Audio input error (OSError): No Default Input Device Available - Likely no microphone in sandbox.
2025-06-04 07:13:45,619 [INFO] - No command received or error in listening.
2025-06-04 07:13:45,636 [WARNING] - Audio input error (OSError): No Default Input Device Available - Likely no microphone in sandbox.
2025-06-04 07:13:45,636 [INFO] - No command received or error in listening.
2025-06-04 07:13:45,653 [WARNING] - Audio input error (OSError): No Default Input Device Available - Likely no microphone in sandbox.
2025-06-04 07:13:45,654 [INFO] - No command received or error in listening.
2025-06-04 07:13:45,671 [WARNING] - Audio input error (OSError): No Default Input Device Available - Likely no microphone in sandbox.
2025-06-04 07:13:45,671 [INFO] - No command received or error in listening.
2025-06-04 07:13:45,688 [WARNING] - Audio input error (OSError): No Default Input Device Available - Likely no microphone in sandbox.
2025-06-04 07:13:45,688 [INFO] - No command received or error in listening.
2025-06-04 07:13:45,705 [WARNING] - Audio input error (OSError): No Default Input Device Available - Likely no microphone in sandbox.
2025-06-04 07:13:45,705 [INFO] - No command received or error in listening.
2025-06-04 07:13:45,723 [WARNING] - Audio input error (OSError): No Default Input Device Available - Likely no microphone in sandbox.
2025-06-04 07:13:45,723 [INFO] - No command received or error in listening.
2025-06-04 07:13:45,740 [WARNING] - Audio input error (OSError): No Default Input Device Available - Likely no microphone in sandbox.
2025-06-04 07:13:45,740 [INFO] - No command received or error in listening.
2025-06-04 07:13:45,757 [WARNING] - Audio input error (OSError): No Default Input Device Available - Likely no microphone in sandbox.
2025-06-04 07:13:45,757 [INFO] - No command received or error in listening.
2025-06-04 07:13:45,775 [WARNING] - Audio input error (OSError): No Default Input Device Available - Likely no microphone in sandbox.
2025-06-04 07:13:45,775 [INFO] - No command received or error in listening.
2025-06-04 07:13:45,792 [WARNING] - Audio input error (OSError): No Default Input Device Available - Likely no microphone in sandbox.
2025-06-04 07:13:45,792 [INFO] - No command received or error in listening.
2025-06-04 07:13:45,809 [WARNING] - Audio input error (OSError): No Default Input Device Available - Likely no microphone in sandbox.
2025-06-04 07:13:45,809 [INFO] - No command received or error in listening.
2025-06-04 07:13:45,827 [WARNING] - Audio input error (OSError): No Default Input Device Available - Likely no microphone in sandbox.
2025-06-04 07:13:45,827 [INFO] - No command received or error in listening.
2025-06-04 07:13:45,844 [WARNING] - Audio input error (OSError): No Default Input Device Available - Likely no microphone in sandbox.
2025-06-04 07:13:45,844 [INFO] - No command received or error in listening.
2025-06-04 07:13:45,861 [WARNING] - Audio input error (OSError): No Default Input Device Available - Likely no microphone in sandbox.
2025-06-04 07:13:45,861 [INFO] - No command received or error in listening.
2025-06-04 07:13:45,878 [WARNING] - Audio input error (OSError): No Default Input Device Available - Likely no microphone in sandbox.
2025-06-04 07:13:45,879 [INFO] - No command received or error in listening.
2025-06-04 07:13:45,895 [WARNING] - Audio input error (OSError): No Default Input Device Available - Likely no microphone in sandbox.
2025-06-04 07:13:45,895 [INFO] - No command received or error in listening.
2025-06-04 07:13:45,912 [WARNING] - Audio input error (OSError): No Default Input Device Available - Likely no microphone in sandbox.
2025-06-04 07:13:45,913 [INFO] - No command received or error in listening.
2025-06-04 07:13:45,930 [WARNING] - Audio input error (OSError): No Default Input Device Available - Likely no microphone in sandbox.
2025-06-04 07:13:45,930 [INFO] - No command received or error in listening.
2025-06-04 07:13:45,947 [WARNING] - Audio input error (OSError): No Default Input Device Available - Likely no microphone in sandbox.
2025-06-04 07:13:45,947 [INFO] - No command received or error in listening.
2025-06-04 07:13:45,964 [WARNING] - Audio input error (OSError): No Default Input Device Available - Likely no microphone in sandbox.
2025-06-04 07:13:45,964 [INFO] - No command received or error in listening.
2025-06-04 07:13:45,981 [WARNING] - Audio input error (OSError): No Default Input Device Available - Likely no microphone in sandbox.
2025-06-04 07:13:45,982 [INFO] - No command received or error in listening.
2025-06-04 07:13:45,999 [WARNING] - Audio input error (OSError): No Default Input Device Available - Likely no microphone in sandbox.
2025-06-04 07:13:45,999 [INFO] - No command received or error in listening.
2025-06-04 07:13:46,016 [WARNING] - Audio input error (OSError): No Default Input Device Available - Likely no microphone in sandbox.
2025-06-04 07:13:46,017 [INFO] - No command received or error in listening.
2025-06-04 07:13:46,036 [WARNING] - Audio input error (OSError): No Default Input Device Available - Likely no microphone in sandbox.
2025-06-04 07:13:46,036 [INFO] - No command received or error in listening.
2025-06-04 07:13:46,056 [WARNING] - Audio input error (OSError): No Default Input Device Available - Likely no microphone in sandbox.
2025-06-04 07:13:46,056 [INFO] - No command received or error in listening.
2025-06-04 07:13:46,076 [WARNING] - Audio input error (OSError): No Default Input Device Available - Likely no microphone in sandbox.
2025-06-04 07:13:46,076 [INFO] - No command received or error in listening.
2025-06-04 07:13:46,096 [WARNING] - Audio input error (OSError): No Default Input Device Available - Likely no microphone in sandbox.
2025-06-04 07:13:46,096 [INFO] - No command received or error in listening.
2025-06-04 07:13:46,116 [WARNING] - Audio input error (OSError): No Default Input Device Available - Likely no microphone in sandbox.
2025-06-04 07:13:46,116 [INFO] - No command received or error in listening.
2025-06-04 07:13:46,134 [WARNING] - Audio input error (OSError): No Default Input Device Available - Likely no microphone in sandbox.
2025-06-04 07:13:46,134 [INFO] - No command received or error in listening.
2025-06-04 07:13:46,151 [WARNING] - Audio input error (OSError): No Default Input Device Available - Likely no microphone in sandbox.
2025-06-04 07:13:46,151 [INFO] - No command received or error in listening.
2025-06-04 07:13:46,169 [WARNING] - Audio input error (OSError): No Default Input Device Available - Likely no microphone in sandbox.
2025-06-04 07:13:46,170 [INFO] - No command received or error in listening.
2025-06-04 07:13:46,187 [WARNING] - Audio input error (OSError): No Default Input Device Available - Likely no microphone in sandbox.
2025-06-04 07:13:46,187 [INFO] - No command received or error in listening.
2025-06-04 07:13:46,204 [WARNING] - Audio input error (OSError): No Default Input Device Available - Likely no microphone in sandbox.
2025-06-04 07:13:46,204 [INFO] - No command received or error in listening.
2025-06-04 07:13:46,221 [WARNING] - Audio input error (OSError): No Default Input Device Available - Likely no microphone in sandbox.
2025-06-04 07:13:46,222 [INFO] - No command received or error in listening.
2025-06-04 07:13:46,239 [WARNING] - Audio input error (OSError): No Default Input Device Available - Likely no microphone in sandbox.
2025-06-04 07:13:46,239 [INFO] - No command received or error in listening.
2025-06-04 07:13:46,257 [WARNING] - Audio input error (OSError): No Default Input Device Available - Likely no microphone in sandbox.
2025-06-04 07:13:46,257 [INFO] - No command received or error in listening.
2025-06-04 07:13:46,274 [WARNING] - Audio input error (OSError): No Default Input Device Available - Likely no microphone in sandbox.
2025-06-04 07:13:46,274 [INFO] - No command received or error in listening.
2025-06-04 07:13:46,291 [WARNING] - Audio input error (OSError): No Default Input Device Available - Likely no microphone in sandbox.
2025-06-04 07:13:46,291 [INFO] - No command received or error in listening.
2025-06-04 07:13:46,309 [WARNING] - Audio input error (OSError): No Default Input Device Available - Likely no microphone in sandbox.
2025-06-04 07:13:46,309 [INFO] - No command received or error in listening.
2025-06-04 07:13:46,326 [WARNING] - Audio input error (OSError): No Default Input Device Available - Likely no microphone in sandbox.
2025-06-04 07:13:46,326 [INFO] - No command received or error in listening.
2025-06-04 07:13:46,343 [WARNING] - Audio input error (OSError): No Default Input Device Available - Likely no microphone in sandbox.
2025-06-04 07:13:46,343 [INFO] - No command received or error in listening.
2025-06-04 07:13:46,361 [WARNING] - Audio input error (OSError): No Default Input Device Available - Likely no microphone in sandbox.
2025-06-04 07:13:46,361 [INFO] - No command received or error in listening.
2025-06-04 07:13:46,378 [WARNING] - Audio input error (OSError): No Default Input Device Available - Likely no microphone in sandbox.
2025-06-04 07:13:46,378 [INFO] - No command received or error in listening.
2025-06-04 07:13:46,395 [WARNING] - Audio input error (OSError): No Default Input Device Available - Likely no microphone in sandbox.
2025-06-04 07:13:46,395 [INFO] - No command received or error in listening.
2025-06-04 07:13:46,413 [WARNING] - Audio input error (OSError): No Default Input Device Available - Likely no microphone in sandbox.
2025-06-04 07:13:46,413 [INFO] - No command received or error in listening.
2025-06-04 07:13:46,430 [WARNING] - Audio input error (OSError): No Default Input Device Available - Likely no microphone in sandbox.
2025-06-04 07:13:46,430 [INFO] - No command received or error in listening.
2025-06-04 07:13:46,447 [WARNING] - Audio input error (OSError): No Default Input Device Available - Likely no microphone in sandbox.
2025-06-04 07:13:46,448 [INFO] - No command received or error in listening.
2025-06-04 07:13:46,465 [WARNING] - Audio input error (OSError): No Default Input Device Available - Likely no microphone in sandbox.
2025-06-04 07:13:46,465 [INFO] - No command received or error in listening.
2025-06-04 07:13:46,482 [WARNING] - Audio input error (OSError): No Default Input Device Available - Likely no microphone in sandbox.
2025-06-04 07:13:46,482 [INFO] - No command received or error in listening.
2025-06-04 07:13:46,499 [WARNING] - Audio input error (OSError): No Default Input Device Available - Likely no microphone in sandbox.
2025-06-04 07:13:46,499 [INFO] - No command received or error in listening.
2025-06-04 07:13:46,517 [WARNING] - Audio input error (OSError): No Default Input Device Available - Likely no microphone in sandbox.
2025-06-04 07:13:46,517 [INFO] - No command received or error in listening.
2025-06-04 07:13:46,534 [WARNING] - Audio input error (OSError): No Default Input Device Available - Likely no microphone in sandbox.
2025-06-04 07:13:46,534 [INFO] - No command received or error in listening.
2025-06-04 07:13:46,552 [WARNING] - Audio input error (OSError): No Default Input Device Available - Likely no microphone in sandbox.
2025-06-04 07:13:46,552 [INFO] - No command received or error in listening.
2025-06-04 07:13:46,569 [WARNING] - Audio input error (OSError): No Default Input Device Available - Likely no microphone in sandbox.
2025-06-04 07:13:46,569 [INFO] - No command received or error in listening.
2025-06-04 07:13:46,586 [WARNING] - Audio input error (OSError): No Default Input Device Available - Likely no microphone in sandbox.
2025-06-04 07:13:46,586 [INFO] - No command received or error in listening.
2025-06-04 07:13:46,604 [WARNING] - Audio input error (OSError): No Default Input Device Available - Likely no microphone in sandbox.
2025-06-04 07:13:46,604 [INFO] - No command received or error in listening.
2025-06-04 07:13:46,621 [WARNING] - Audio input error (OSError): No Default Input Device Available - Likely no microphone in sandbox.
2025-06-04 07:13:46,621 [INFO] - No command received or error in listening.
2025-06-04 07:13:46,639 [WARNING] - Audio input error (OSError): No Default Input Device Available - Likely no microphone in sandbox.
2025-06-04 07:13:46,639 [INFO] - No command received or error in listening.
2025-06-04 07:13:46,657 [WARNING] - Audio input error (OSError): No Default Input Device Available - Likely no microphone in sandbox.
2025-06-04 07:13:46,657 [INFO] - No command received or error in listening.
2025-06-04 07:13:46,675 [WARNING] - Audio input error (OSError): No Default Input Device Available - Likely no microphone in sandbox.
2025-06-04 07:13:46,675 [INFO] - No command received or error in listening.
2025-06-04 07:13:46,692 [WARNING] - Audio input error (OSError): No Default Input Device Available - Likely no microphone in sandbox.
2025-06-04 07:13:46,692 [INFO] - No command received or error in listening.
2025-06-04 07:13:46,709 [WARNING] - Audio input error (OSError): No Default Input Device Available - Likely no microphone in sandbox.
2025-06-04 07:13:46,710 [INFO] - No command received or error in listening.
2025-06-04 07:13:46,727 [WARNING] - Audio input error (OSError): No Default Input Device Available - Likely no microphone in sandbox.
2025-06-04 07:13:46,727 [INFO] - No command received or error in listening.
2025-06-04 07:13:46,744 [WARNING] - Audio input error (OSError): No Default Input Device Available - Likely no microphone in sandbox.
2025-06-04 07:13:46,744 [INFO] - No command received or error in listening.
2025-06-04 07:13:46,761 [WARNING] - Audio input error (OSError): No Default Input Device Available - Likely no microphone in sandbox.
2025-06-04 07:13:46,761 [INFO] - No command received or error in listening.
2025-06-04 07:13:46,779 [WARNING] - Audio input error (OSError): No Default Input Device Available - Likely no microphone in sandbox.
2025-06-04 07:13:46,779 [INFO] - No command received or error in listening.
2025-06-04 07:13:46,796 [WARNING] - Audio input error (OSError): No Default Input Device Available - Likely no microphone in sandbox.
2025-06-04 07:13:46,796 [INFO] - No command received or error in listening.
2025-06-04 07:13:46,813 [WARNING] - Audio input error (OSError): No Default Input Device Available - Likely no microphone in sandbox.
2025-06-04 07:13:46,813 [INFO] - No command received or error in listening.
2025-06-04 07:13:46,830 [WARNING] - Audio input error (OSError): No Default Input Device Available - Likely no microphone in sandbox.
2025-06-04 07:13:46,830 [INFO] - No command received or error in listening.
2025-06-04 07:13:46,847 [WARNING] - Audio input error (OSError): No Default Input Device Available - Likely no microphone in sandbox.
2025-06-04 07:13:46,847 [INFO] - No command received or error in listening.
2025-06-04 07:13:46,864 [WARNING] - Audio input error (OSError): No Default Input Device Available - Likely no microphone in sandbox.
2025-06-04 07:13:46,864 [INFO] - No command received or error in listening.
2025-06-04 07:13:46,882 [WARNING] - Audio input error (OSError): No Default Input Device Available - Likely no microphone in sandbox.
2025-06-04 07:13:46,882 [INFO] - No command received or error in listening.
2025-06-04 07:13:46,899 [WARNING] - Audio input error (OSError): No Default Input Device Available - Likely no microphone in sandbox.
2025-06-04 07:13:46,900 [INFO] - No command received or error in listening.
2025-06-04 07:13:46,917 [WARNING] - Audio input error (OSError): No Default Input Device Available - Likely no microphone in sandbox.
2025-06-04 07:13:46,917 [INFO] - No command received or error in listening.
2025-06-04 07:13:46,934 [WARNING] - Audio input error (OSError): No Default Input Device Available - Likely no microphone in sandbox.
2025-06-04 07:13:46,935 [INFO] - No command received or error in listening.
2025-06-04 07:13:46,952 [WARNING] - Audio input error (OSError): No Default Input Device Available - Likely no microphone in sandbox.
2025-06-04 07:13:46,952 [INFO] - No command received or error in listening.
2025-06-04 07:13:46,969 [WARNING] - Audio input error (OSError): No Default Input Device Available - Likely no microphone in sandbox.
2025-06-04 07:13:46,969 [INFO] - No command received or error in listening.
2025-06-04 07:13:46,987 [WARNING] - Audio input error (OSError): No Default Input Device Available - Likely no microphone in sandbox.
2025-06-04 07:13:46,987 [INFO] - No command received or error in listening.
2025-06-04 07:13:47,004 [WARNING] - Audio input error (OSError): No Default Input Device Available - Likely no microphone in sandbox.
2025-06-04 07:13:47,004 [INFO] - No command received or error in listening.
2025-06-04 07:13:47,021 [WARNING] - Audio input error (OSError): No Default Input Device Available - Likely no microphone in sandbox.
2025-06-04 07:13:47,021 [INFO] - No command received or error in listening.
2025-06-04 07:13:47,038 [WARNING] - Audio input error (OSError): No Default Input Device Available - Likely no microphone in sandbox.
2025-06-04 07:13:47,038 [INFO] - No command received or error in listening.
2025-06-04 07:13:47,056 [WARNING] - Audio input error (OSError): No Default Input Device Available - Likely no microphone in sandbox.
2025-06-04 07:13:47,056 [INFO] - No command received or error in listening.
2025-06-04 07:13:47,073 [WARNING] - Audio input error (OSError): No Default Input Device Available - Likely no microphone in sandbox.
2025-06-04 07:13:47,073 [INFO] - No command received or error in listening.
2025-06-04 07:13:47,090 [WARNING] - Audio input error (OSError): No Default Input Device Available - Likely no microphone in sandbox.
2025-06-04 07:13:47,091 [INFO] - No command received or error in listening.
2025-06-04 07:13:47,108 [WARNING] - Audio input error (OSError): No Default Input Device Available - Likely no microphone in sandbox.
2025-06-04 07:13:47,108 [INFO] - No command received or error in listening.
2025-06-04 07:13:47,125 [WARNING] - Audio input error (OSError): No Default Input Device Available - Likely no microphone in sandbox.
2025-06-04 07:13:47,125 [INFO] - No command received or error in listening.
2025-06-04 07:13:47,143 [WARNING] - Audio input error (OSError): No Default Input Device Available - Likely no microphone in sandbox.
2025-06-04 07:13:47,143 [INFO] - No command received or error in listening.
2025-06-04 07:13:47,160 [WARNING] - Audio input error (OSError): No Default Input Device Available - Likely no microphone in sandbox.
2025-06-04 07:13:47,160 [INFO] - No command received or error in listening.
2025-06-04 07:13:47,178 [WARNING] - Audio input error (OSError): No Default Input Device Available - Likely no microphone in sandbox.
2025-06-04 07:13:47,178 [INFO] - No command received or error in listening.
2025-06-04 07:13:47,195 [WARNING] - Audio input error (OSError): No Default Input Device Available - Likely no microphone in sandbox.
2025-06-04 07:13:47,195 [INFO] - No command received or error in listening.
2025-06-04 07:13:47,212 [WARNING] - Audio input error (OSError): No Default Input Device Available - Likely no microphone in sandbox.
2025-06-04 07:13:47,213 [INFO] - No command received or error in listening.
2025-06-04 07:13:47,230 [WARNING] - Audio input error (OSError): No Default Input Device Available - Likely no microphone in sandbox.
2025-06-04 07:13:47,230 [INFO] - No command received or error in listening.
2025-06-04 07:13:47,247 [WARNING] - Audio input error (OSError): No Default Input Device Available - Likely no microphone in sandbox.
2025-06-04 07:13:47,248 [INFO] - No command received or error in listening.
2025-06-04 07:13:47,265 [WARNING] - Audio input error (OSError): No Default Input Device Available - Likely no microphone in sandbox.
2025-06-04 07:13:47,265 [INFO] - No command received or error in listening.
2025-06-04 07:13:47,282 [WARNING] - Audio input error (OSError): No Default Input Device Available - Likely no microphone in sandbox.
2025-06-04 07:13:47,282 [INFO] - No command received or error in listening.
2025-06-04 07:13:47,300 [WARNING] - Audio input error (OSError): No Default Input Device Available - Likely no microphone in sandbox.
2025-06-04 07:13:47,300 [INFO] - No command received or error in listening.
2025-06-04 07:13:47,318 [WARNING] - Audio input error (OSError): No Default Input Device Available - Likely no microphone in sandbox.
2025-06-04 07:13:47,318 [INFO] - No command received or error in listening.
2025-06-04 07:13:47,336 [WARNING] - Audio input error (OSError): No Default Input Device Available - Likely no microphone in sandbox.
2025-06-04 07:13:47,336 [INFO] - No command received or error in listening.
2025-06-04 07:13:47,353 [WARNING] - Audio input error (OSError): No Default Input Device Available - Likely no microphone in sandbox.
2025-06-04 07:13:47,353 [INFO] - No command received or error in listening.
2025-06-04 07:13:47,371 [WARNING] - Audio input error (OSError): No Default Input Device Available - Likely no microphone in sandbox.
2025-06-04 07:13:47,371 [INFO] - No command received or error in listening.
2025-06-04 07:13:47,388 [WARNING] - Audio input error (OSError): No Default Input Device Available - Likely no microphone in sandbox.
2025-06-04 07:13:47,388 [INFO] - No command received or error in listening.
2025-06-04 07:13:47,405 [WARNING] - Audio input error (OSError): No Default Input Device Available - Likely no microphone in sandbox.
2025-06-04 07:13:47,405 [INFO] - No command received or error in listening.
2025-06-04 07:13:47,423 [WARNING] - Audio input error (OSError): No Default Input Device Available - Likely no microphone in sandbox.
2025-06-04 07:13:47,423 [INFO] - No command received or error in listening.
2025-06-04 07:13:47,441 [WARNING] - Audio input error (OSError): No Default Input Device Available - Likely no microphone in sandbox.
2025-06-04 07:13:47,441 [INFO] - No command received or error in listening.
2025-06-04 07:13:47,465 [WARNING] - Audio input error (OSError): No Default Input Device Available - Likely no microphone in sandbox.
2025-06-04 07:13:47,465 [INFO] - No command received or error in listening.
2025-06-04 07:13:47,491 [WARNING] - Audio input error (OSError): No Default Input Device Available - Likely no microphone in sandbox.
2025-06-04 07:13:47,492 [INFO] - No command received or error in listening.
2025-06-04 07:13:47,512 [WARNING] - Audio input error (OSError): No Default Input Device Available - Likely no microphone in sandbox.
2025-06-04 07:13:47,512 [INFO] - No command received or error in listening.
2025-06-04 07:13:47,537 [WARNING] - Audio input error (OSError): No Default Input Device Available - Likely no microphone in sandbox.
2025-06-04 07:13:47,537 [INFO] - No command received or error in listening.
2025-06-04 07:13:47,561 [WARNING] - Audio input error (OSError): No Default Input Device Available - Likely no microphone in sandbox.
2025-06-04 07:13:47,562 [INFO] - No command received or error in listening.
2025-06-04 07:13:47,588 [WARNING] - Audio input error (OSError): No Default Input Device Available - Likely no microphone in sandbox.
2025-06-04 07:13:47,588 [INFO] - No command received or error in listening.
2025-06-04 07:13:47,614 [WARNING] - Audio input error (OSError): No Default Input Device Available - Likely no microphone in sandbox.
2025-06-04 07:13:47,614 [INFO] - No command received or error in listening.
2025-06-04 07:13:47,639 [WARNING] - Audio input error (OSError): No Default Input Device Available - Likely no microphone in sandbox.
2025-06-04 07:13:47,639 [INFO] - No command received or error in listening.
2025-06-04 07:13:47,660 [WARNING] - Audio input error (OSError): No Default Input Device Available - Likely no microphone in sandbox.
2025-06-04 07:13:47,661 [INFO] - No command received or error in listening.
2025-06-04 07:13:47,690 [WARNING] - Audio input error (OSError): No Default Input Device Available - Likely no microphone in sandbox.
2025-06-04 07:13:47,691 [INFO] - No command received or error in listening.
2025-06-04 07:13:47,722 [WARNING] - Audio input error (OSError): No Default Input Device Available - Likely no microphone in sandbox.
2025-06-04 07:13:47,722 [INFO] - No command received or error in listening.
2025-06-04 07:13:47,747 [WARNING] - Audio input error (OSError): No Default Input Device Available - Likely no microphone in sandbox.
2025-06-04 07:13:47,747 [INFO] - No command received or error in listening.
2025-06-04 07:13:47,785 [WARNING] - Audio input error (OSError): No Default Input Device Available - Likely no microphone in sandbox.
2025-06-04 07:13:47,786 [INFO] - No command received or error in listening.
2025-06-04 07:13:47,811 [WARNING] - Audio input error (OSError): No Default Input Device Available - Likely no microphone in sandbox.
2025-06-04 07:13:47,812 [INFO] - No command received or error in listening.
2025-06-04 07:13:47,839 [WARNING] - Audio input error (OSError): No Default Input Device Available - Likely no microphone in sandbox.
2025-06-04 07:13:47,839 [INFO] - No command received or error in listening.
2025-06-04 07:13:47,868 [WARNING] - Audio input error (OSError): No Default Input Device Available - Likely no microphone in sandbox.
2025-06-04 07:13:47,869 [INFO] - No command received or error in listening.
2025-06-04 07:13:47,897 [WARNING] - Audio input error (OSError): No Default Input Device Available - Likely no microphone in sandbox.
2025-06-04 07:13:47,898 [INFO] - No command received or error in listening.
2025-06-04 07:13:47,930 [WARNING] - Audio input error (OSError): No Default Input Device Available - Likely no microphone in sandbox.
2025-06-04 07:13:47,930 [INFO] - No command received or error in listening.
2025-06-04 07:13:47,956 [WARNING] - Audio input error (OSError): No Default Input Device Available - Likely no microphone in sandbox.
2025-06-04 07:13:47,957 [INFO] - No command received or error in listening.
2025-06-04 07:13:47,992 [WARNING] - Audio input error (OSError): No Default Input Device Available - Likely no microphone in sandbox.
2025-06-04 07:13:47,992 [INFO] - No command received or error in listening.
2025-06-04 07:13:48,015 [WARNING] - Audio input error (OSError): No Default Input Device Available - Likely no microphone in sandbox.
2025-06-04 07:13:48,015 [INFO] - No command received or error in listening.
2025-06-04 07:13:48,034 [WARNING] - Audio input error (OSError): No Default Input Device Available - Likely no microphone in sandbox.
2025-06-04 07:13:48,035 [INFO] - No command received or error in listening.
2025-06-04 07:13:48,056 [WARNING] - Audio input error (OSError): No Default Input Device Available - Likely no microphone in sandbox.
2025-06-04 07:13:48,056 [INFO] - No command received or error in listening.
2025-06-04 07:13:48,083 [WARNING] - Audio input error (OSError): No Default Input Device Available - Likely no microphone in sandbox.
2025-06-04 07:13:48,083 [INFO] - No command received or error in listening.
2025-06-04 07:13:48,108 [WARNING] - Audio input error (OSError): No Default Input Device Available - Likely no microphone in sandbox.
2025-06-04 07:13:48,108 [INFO] - No command received or error in listening.
2025-06-04 07:13:48,137 [WARNING] - Audio input error (OSError): No Default Input Device Available - Likely no microphone in sandbox.
2025-06-04 07:13:48,137 [INFO] - No command received or error in listening.
2025-06-04 07:13:48,320 [WARNING] - Audio input error (OSError): No Default Input Device Available - Likely no microphone in sandbox.
2025-06-04 07:13:48,321 [INFO] - No command received or error in listening.
2025-06-04 07:13:48,354 [WARNING] - Audio input error (OSError): No Default Input Device Available - Likely no microphone in sandbox.
2025-06-04 07:13:48,354 [INFO] - No command received or error in listening.
2025-06-04 07:13:48,382 [WARNING] - Audio input error (OSError): No Default Input Device Available - Likely no microphone in sandbox.
2025-06-04 07:13:48,382 [INFO] - No command received or error in listening.
2025-06-04 07:13:48,416 [WARNING] - Audio input error (OSError): No Default Input Device Available - Likely no microphone in sandbox.
2025-06-04 07:13:48,417 [INFO] - No command received or error in listening.
2025-06-04 07:13:48,450 [WARNING] - Audio input error (OSError): No Default Input Device Available - Likely no microphone in sandbox.
2025-06-04 07:13:48,451 [INFO] - No command received or error in listening.
2025-06-04 07:13:48,471 [WARNING] - Audio input error (OSError): No Default Input Device Available - Likely no microphone in sandbox.
2025-06-04 07:13:48,471 [INFO] - No command received or error in listening.
2025-06-04 07:13:48,493 [WARNING] - Audio input error (OSError): No Default Input Device Available - Likely no microphone in sandbox.
2025-06-04 07:13:48,493 [INFO] - No command received or error in listening.
2025-06-04 07:13:48,514 [WARNING] - Audio input error (OSError): No Default Input Device Available - Likely no microphone in sandbox.
2025-06-04 07:13:48,514 [INFO] - No command received or error in listening.
2025-06-04 07:13:48,546 [WARNING] - Audio input error (OSError): No Default Input Device Available - Likely no microphone in sandbox.
2025-06-04 07:13:48,547 [INFO] - No command received or error in listening.
2025-06-04 07:13:48,589 [WARNING] - Audio input error (OSError): No Default Input Device Available - Likely no microphone in sandbox.
2025-06-04 07:13:48,589 [INFO] - No command received or error in listening.
2025-06-04 07:13:48,614 [WARNING] - Audio input error (OSError): No Default Input Device Available - Likely no microphone in sandbox.
2025-06-04 07:13:48,614 [INFO] - No command received or error in listening.
2025-06-04 07:13:48,636 [WARNING] - Audio input error (OSError): No Default Input Device Available - Likely no microphone in sandbox.
2025-06-04 07:13:48,636 [INFO] - No command received or error in listening.
2025-06-04 07:13:48,655 [WARNING] - Audio input error (OSError): No Default Input Device Available - Likely no microphone in sandbox.
2025-06-04 07:13:48,655 [INFO] - No command received or error in listening.
2025-06-04 07:13:48,683 [WARNING] - Audio input error (OSError): No Default Input Device Available - Likely no microphone in sandbox.
2025-06-04 07:13:48,684 [INFO] - No command received or error in listening.
2025-06-04 07:13:48,717 [WARNING] - Audio input error (OSError): No Default Input Device Available - Likely no microphone in sandbox.
2025-06-04 07:13:48,718 [INFO] - No command received or error in listening.
2025-06-04 07:13:48,751 [WARNING] - Audio input error (OSError): No Default Input Device Available - Likely no microphone in sandbox.
2025-06-04 07:13:48,751 [INFO] - No command received or error in listening.
2025-06-04 07:13:48,770 [WARNING] - Audio input error (OSError): No Default Input Device Available - Likely no microphone in sandbox.
2025-06-04 07:13:48,770 [INFO] - No command received or error in listening.
2025-06-04 07:13:48,790 [WARNING] - Audio input error (OSError): No Default Input Device Available - Likely no microphone in sandbox.
2025-06-04 07:13:48,790 [INFO] - No command received or error in listening.
2025-06-04 07:13:48,809 [WARNING] - Audio input error (OSError): No Default Input Device Available - Likely no microphone in sandbox.
2025-06-04 07:13:48,810 [INFO] - No command received or error in listening.
2025-06-04 07:13:48,829 [WARNING] - Audio input error (OSError): No Default Input Device Available - Likely no microphone in sandbox.
2025-06-04 07:13:48,829 [INFO] - No command received or error in listening.
2025-06-04 07:13:48,869 [WARNING] - Audio input error (OSError): No Default Input Device Available - Likely no microphone in sandbox.
2025-06-04 07:13:48,870 [INFO] - No command received or error in listening.
2025-06-04 07:13:48,892 [WARNING] - Audio input error (OSError): No Default Input Device Available - Likely no microphone in sandbox.
2025-06-04 07:13:48,892 [INFO] - No command received or error in listening.
2025-06-04 07:13:48,909 [WARNING] - Audio input error (OSError): No Default Input Device Available - Likely no microphone in sandbox.
2025-06-04 07:13:48,909 [INFO] - No command received or error in listening.
2025-06-04 07:13:48,927 [WARNING] - Audio input error (OSError): No Default Input Device Available - Likely no microphone in sandbox.
2025-06-04 07:13:48,927 [INFO] - No command received or error in listening.
2025-06-04 07:13:48,944 [WARNING] - Audio input error (OSError): No Default Input Device Available - Likely no microphone in sandbox.
2025-06-04 07:13:48,944 [INFO] - No command received or error in listening.
2025-06-04 07:13:48,961 [WARNING] - Audio input error (OSError): No Default Input Device Available - Likely no microphone in sandbox.
2025-06-04 07:13:48,961 [INFO] - No command received or error in listening.
2025-06-04 07:13:48,978 [WARNING] - Audio input error (OSError): No Default Input Device Available - Likely no microphone in sandbox.
2025-06-04 07:13:48,978 [INFO] - No command received or error in listening.
2025-06-04 07:13:48,996 [WARNING] - Audio input error (OSError): No Default Input Device Available - Likely no microphone in sandbox.
2025-06-04 07:13:48,996 [INFO] - No command received or error in listening.
2025-06-04 07:13:49,013 [WARNING] - Audio input error (OSError): No Default Input Device Available - Likely no microphone in sandbox.
2025-06-04 07:13:49,013 [INFO] - No command received or error in listening.
2025-06-04 07:13:49,030 [WARNING] - Audio input error (OSError): No Default Input Device Available - Likely no microphone in sandbox.
2025-06-04 07:13:49,030 [INFO] - No command received or error in listening.
2025-06-04 07:13:49,047 [WARNING] - Audio input error (OSError): No Default Input Device Available - Likely no microphone in sandbox.
2025-06-04 07:13:49,047 [INFO] - No command received or error in listening.
2025-06-04 07:13:49,064 [WARNING] - Audio input error (OSError): No Default Input Device Available - Likely no microphone in sandbox.
2025-06-04 07:13:49,064 [INFO] - No command received or error in listening.
2025-06-04 07:13:49,082 [WARNING] - Audio input error (OSError): No Default Input Device Available - Likely no microphone in sandbox.
2025-06-04 07:13:49,082 [INFO] - No command received or error in listening.
2025-06-04 07:13:49,099 [WARNING] - Audio input error (OSError): No Default Input Device Available - Likely no microphone in sandbox.
2025-06-04 07:13:49,099 [INFO] - No command received or error in listening.
2025-06-04 07:13:49,116 [WARNING] - Audio input error (OSError): No Default Input Device Available - Likely no microphone in sandbox.
2025-06-04 07:13:49,117 [INFO] - No command received or error in listening.
2025-06-04 07:13:49,134 [WARNING] - Audio input error (OSError): No Default Input Device Available - Likely no microphone in sandbox.
2025-06-04 07:13:49,134 [INFO] - No command received or error in listening.
2025-06-04 07:13:49,151 [WARNING] - Audio input error (OSError): No Default Input Device Available - Likely no microphone in sandbox.
2025-06-04 07:13:49,151 [INFO] - No command received or error in listening.
2025-06-04 07:13:49,171 [WARNING] - Audio input error (OSError): No Default Input Device Available - Likely no microphone in sandbox.
2025-06-04 07:13:49,171 [INFO] - No command received or error in listening.
2025-06-04 07:13:49,188 [WARNING] - Audio input error (OSError): No Default Input Device Available - Likely no microphone in sandbox.
2025-06-04 07:13:49,188 [INFO] - No command received or error in listening.
2025-06-04 07:13:49,206 [WARNING] - Audio input error (OSError): No Default Input Device Available - Likely no microphone in sandbox.
2025-06-04 07:13:49,206 [INFO] - No command received or error in listening.
2025-06-04 07:13:49,226 [WARNING] - Audio input error (OSError): No Default Input Device Available - Likely no microphone in sandbox.
2025-06-04 07:13:49,226 [INFO] - No command received or error in listening.
2025-06-04 07:13:49,243 [WARNING] - Audio input error (OSError): No Default Input Device Available - Likely no microphone in sandbox.
2025-06-04 07:13:49,243 [INFO] - No command received or error in listening.
2025-06-04 07:13:49,261 [WARNING] - Audio input error (OSError): No Default Input Device Available - Likely no microphone in sandbox.
2025-06-04 07:13:49,261 [INFO] - No command received or error in listening.
2025-06-04 07:13:49,279 [WARNING] - Audio input error (OSError): No Default Input Device Available - Likely no microphone in sandbox.
2025-06-04 07:13:49,279 [INFO] - No command received or error in listening.
2025-06-04 07:13:49,296 [WARNING] - Audio input error (OSError): No Default Input Device Available - Likely no microphone in sandbox.
2025-06-04 07:13:49,296 [INFO] - No command received or error in listening.
2025-06-04 07:13:49,313 [WARNING] - Audio input error (OSError): No Default Input Device Available - Likely no microphone in sandbox.
2025-06-04 07:13:49,314 [INFO] - No command received or error in listening.
2025-06-04 07:13:49,331 [WARNING] - Audio input error (OSError): No Default Input Device Available - Likely no microphone in sandbox.
2025-06-04 07:13:49,331 [INFO] - No command received or error in listening.
2025-06-04 07:13:49,348 [WARNING] - Audio input error (OSError): No Default Input Device Available - Likely no microphone in sandbox.
2025-06-04 07:13:49,348 [INFO] - No command received or error in listening.
2025-06-04 07:13:49,365 [WARNING] - Audio input error (OSError): No Default Input Device Available - Likely no microphone in sandbox.
2025-06-04 07:13:49,366 [INFO] - No command received or error in listening.
2025-06-04 07:13:49,383 [WARNING] - Audio input error (OSError): No Default Input Device Available - Likely no microphone in sandbox.
2025-06-04 07:13:49,383 [INFO] - No command received or error in listening.
2025-06-04 07:13:49,400 [WARNING] - Audio input error (OSError): No Default Input Device Available - Likely no microphone in sandbox.
2025-06-04 07:13:49,400 [INFO] - No command received or error in listening.
2025-06-04 07:13:49,417 [WARNING] - Audio input error (OSError): No Default Input Device Available - Likely no microphone in sandbox.
2025-06-04 07:13:49,418 [INFO] - No command received or error in listening.
2025-06-04 07:13:49,435 [WARNING] - Audio input error (OSError): No Default Input Device Available - Likely no microphone in sandbox.
2025-06-04 07:13:49,435 [INFO] - No command received or error in listening.
2025-06-04 07:13:49,452 [WARNING] - Audio input error (OSError): No Default Input Device Available - Likely no microphone in sandbox.
2025-06-04 07:13:49,452 [INFO] - No command received or error in listening.
2025-06-04 07:13:49,469 [WARNING] - Audio input error (OSError): No Default Input Device Available - Likely no microphone in sandbox.
2025-06-04 07:13:49,469 [INFO] - No command received or error in listening.
2025-06-04 07:13:49,487 [WARNING] - Audio input error (OSError): No Default Input Device Available - Likely no microphone in sandbox.
2025-06-04 07:13:49,487 [INFO] - No command received or error in listening.
2025-06-04 07:13:49,504 [WARNING] - Audio input error (OSError): No Default Input Device Available - Likely no microphone in sandbox.
2025-06-04 07:13:49,504 [INFO] - No command received or error in listening.
2025-06-04 07:13:49,521 [WARNING] - Audio input error (OSError): No Default Input Device Available - Likely no microphone in sandbox.
2025-06-04 07:13:49,521 [INFO] - No command received or error in listening.
2025-06-04 07:13:49,539 [WARNING] - Audio input error (OSError): No Default Input Device Available - Likely no microphone in sandbox.
2025-06-04 07:13:49,539 [INFO] - No command received or error in listening.
2025-06-04 07:13:49,556 [WARNING] - Audio input error (OSError): No Default Input Device Available - Likely no microphone in sandbox.
2025-06-04 07:13:49,557 [INFO] - No command received or error in listening.
2025-06-04 07:13:49,574 [WARNING] - Audio input error (OSError): No Default Input Device Available - Likely no microphone in sandbox.
2025-06-04 07:13:49,574 [INFO] - No command received or error in listening.
2025-06-04 07:13:49,591 [WARNING] - Audio input error (OSError): No Default Input Device Available - Likely no microphone in sandbox.
2025-06-04 07:13:49,591 [INFO] - No command received or error in listening.
2025-06-04 07:13:49,609 [WARNING] - Audio input error (OSError): No Default Input Device Available - Likely no microphone in sandbox.
2025-06-04 07:13:49,609 [INFO] - No command received or error in listening.
2025-06-04 07:13:49,626 [WARNING] - Audio input error (OSError): No Default Input Device Available - Likely no microphone in sandbox.
2025-06-04 07:13:49,626 [INFO] - No command received or error in listening.
2025-06-04 07:13:49,643 [WARNING] - Audio input error (OSError): No Default Input Device Available - Likely no microphone in sandbox.
2025-06-04 07:13:49,643 [INFO] - No command received or error in listening.
2025-06-04 07:13:49,661 [WARNING] - Audio input error (OSError): No Default Input Device Available - Likely no microphone in sandbox.
2025-06-04 07:13:49,661 [INFO] - No command received or error in listening.
2025-06-04 07:13:49,678 [WARNING] - Audio input error (OSError): No Default Input Device Available - Likely no microphone in sandbox.
2025-06-04 07:13:49,678 [INFO] - No command received or error in listening.
2025-06-04 07:13:49,696 [WARNING] - Audio input error (OSError): No Default Input Device Available - Likely no microphone in sandbox.
2025-06-04 07:13:49,696 [INFO] - No command received or error in listening.
2025-06-04 07:13:49,713 [WARNING] - Audio input error (OSError): No Default Input Device Available - Likely no microphone in sandbox.
2025-06-04 07:13:49,713 [INFO] - No command received or error in listening.
2025-06-04 07:13:49,730 [WARNING] - Audio input error (OSError): No Default Input Device Available - Likely no microphone in sandbox.
2025-06-04 07:13:49,731 [INFO] - No command received or error in listening.
2025-06-04 07:13:49,748 [WARNING] - Audio input error (OSError): No Default Input Device Available - Likely no microphone in sandbox.
2025-06-04 07:13:49,748 [INFO] - No command received or error in listening.
2025-06-04 07:13:49,765 [WARNING] - Audio input error (OSError): No Default Input Device Available - Likely no microphone in sandbox.
2025-06-04 07:13:49,766 [INFO] - No command received or error in listening.
2025-06-04 07:13:49,782 [WARNING] - Audio input error (OSError): No Default Input Device Available - Likely no microphone in sandbox.
2025-06-04 07:13:49,783 [INFO] - No command received or error in listening.
2025-06-04 07:13:49,800 [WARNING] - Audio input error (OSError): No Default Input Device Available - Likely no microphone in sandbox.
2025-06-04 07:13:49,800 [INFO] - No command received or error in listening.
2025-06-04 07:13:49,817 [WARNING] - Audio input error (OSError): No Default Input Device Available - Likely no microphone in sandbox.
2025-06-04 07:13:49,818 [INFO] - No command received or error in listening.
2025-06-04 07:13:49,835 [WARNING] - Audio input error (OSError): No Default Input Device Available - Likely no microphone in sandbox.
2025-06-04 07:13:49,835 [INFO] - No command received or error in listening.
2025-06-04 07:13:49,852 [WARNING] - Audio input error (OSError): No Default Input Device Available - Likely no microphone in sandbox.
2025-06-04 07:13:49,852 [INFO] - No command received or error in listening.
2025-06-04 07:13:49,869 [WARNING] - Audio input error (OSError): No Default Input Device Available - Likely no microphone in sandbox.
2025-06-04 07:13:49,869 [INFO] - No command received or error in listening.
2025-06-04 07:13:49,887 [WARNING] - Audio input error (OSError): No Default Input Device Available - Likely no microphone in sandbox.
2025-06-04 07:13:49,887 [INFO] - No command received or error in listening.
2025-06-04 07:13:49,904 [WARNING] - Audio input error (OSError): No Default Input Device Available - Likely no microphone in sandbox.
2025-06-04 07:13:49,904 [INFO] - No command received or error in listening.
2025-06-04 07:13:49,921 [WARNING] - Audio input error (OSError): No Default Input Device Available - Likely no microphone in sandbox.
2025-06-04 07:13:49,921 [INFO] - No command received or error in listening.
2025-06-04 07:13:49,939 [WARNING] - Audio input error (OSError): No Default Input Device Available - Likely no microphone in sandbox.
2025-06-04 07:13:49,939 [INFO] - No command received or error in listening.
2025-06-04 07:13:49,956 [WARNING] - Audio input error (OSError): No Default Input Device Available - Likely no microphone in sandbox.
2025-06-04 07:13:49,956 [INFO] - No command received or error in listening.
2025-06-04 07:13:49,974 [WARNING] - Audio input error (OSError): No Default Input Device Available - Likely no microphone in sandbox.
2025-06-04 07:13:49,974 [INFO] - No command received or error in listening.
2025-06-04 07:13:49,991 [WARNING] - Audio input error (OSError): No Default Input Device Available - Likely no microphone in sandbox.
2025-06-04 07:13:49,991 [INFO] - No command received or error in listening.
2025-06-04 07:13:50,008 [WARNING] - Audio input error (OSError): No Default Input Device Available - Likely no microphone in sandbox.
2025-06-04 07:13:50,008 [INFO] - No command received or error in listening.
2025-06-04 07:13:50,025 [WARNING] - Audio input error (OSError): No Default Input Device Available - Likely no microphone in sandbox.
2025-06-04 07:13:50,025 [INFO] - No command received or error in listening.
2025-06-04 07:13:50,042 [WARNING] - Audio input error (OSError): No Default Input Device Available - Likely no microphone in sandbox.
2025-06-04 07:13:50,043 [INFO] - No command received or error in listening.
2025-06-04 07:13:50,060 [WARNING] - Audio input error (OSError): No Default Input Device Available - Likely no microphone in sandbox.
2025-06-04 07:13:50,060 [INFO] - No command received or error in listening.
2025-06-04 07:13:50,077 [WARNING] - Audio input error (OSError): No Default Input Device Available - Likely no microphone in sandbox.
2025-06-04 07:13:50,077 [INFO] - No command received or error in listening.
2025-06-04 07:13:50,094 [WARNING] - Audio input error (OSError): No Default Input Device Available - Likely no microphone in sandbox.
2025-06-04 07:13:50,095 [INFO] - No command received or error in listening.
2025-06-04 07:13:50,112 [WARNING] - Audio input error (OSError): No Default Input Device Available - Likely no microphone in sandbox.
2025-06-04 07:13:50,112 [INFO] - No command received or error in listening.
2025-06-04 07:13:50,129 [WARNING] - Audio input error (OSError): No Default Input Device Available - Likely no microphone in sandbox.
2025-06-04 07:13:50,129 [INFO] - No command received or error in listening.
2025-06-04 07:13:50,146 [WARNING] - Audio input error (OSError): No Default Input Device Available - Likely no microphone in sandbox.
2025-06-04 07:13:50,147 [INFO] - No command received or error in listening.
2025-06-04 07:13:50,164 [WARNING] - Audio input error (OSError): No Default Input Device Available - Likely no microphone in sandbox.
2025-06-04 07:13:50,164 [INFO] - No command received or error in listening.
2025-06-04 07:13:50,181 [WARNING] - Audio input error (OSError): No Default Input Device Available - Likely no microphone in sandbox.
2025-06-04 07:13:50,181 [INFO] - No command received or error in listening.
2025-06-04 07:13:50,198 [WARNING] - Audio input error (OSError): No Default Input Device Available - Likely no microphone in sandbox.
2025-06-04 07:13:50,199 [INFO] - No command received or error in listening.
2025-06-04 07:13:50,216 [WARNING] - Audio input error (OSError): No Default Input Device Available - Likely no microphone in sandbox.
2025-06-04 07:13:50,216 [INFO] - No command received or error in listening.
2025-06-04 07:13:50,233 [WARNING] - Audio input error (OSError): No Default Input Device Available - Likely no microphone in sandbox.
2025-06-04 07:13:50,233 [INFO] - No command received or error in listening.
2025-06-04 07:13:50,250 [WARNING] - Audio input error (OSError): No Default Input Device Available - Likely no microphone in sandbox.
2025-06-04 07:13:50,251 [INFO] - No command received or error in listening.
2025-06-04 07:13:50,268 [WARNING] - Audio input error (OSError): No Default Input Device Available - Likely no microphone in sandbox.
2025-06-04 07:13:50,268 [INFO] - No command received or error in listening.
2025-06-04 07:13:50,285 [WARNING] - Audio input error (OSError): No Default Input Device Available - Likely no microphone in sandbox.
2025-06-04 07:13:50,285 [INFO] - No command received or error in listening.
2025-06-04 07:13:50,302 [WARNING] - Audio input error (OSError): No Default Input Device Available - Likely no microphone in sandbox.
2025-06-04 07:13:50,303 [INFO] - No command received or error in listening.
2025-06-04 07:13:50,320 [WARNING] - Audio input error (OSError): No Default Input Device Available - Likely no microphone in sandbox.
2025-06-04 07:13:50,320 [INFO] - No command received or error in listening.
2025-06-04 07:13:50,337 [WARNING] - Audio input error (OSError): No Default Input Device Available - Likely no microphone in sandbox.
2025-06-04 07:13:50,338 [INFO] - No command received or error in listening.
2025-06-04 07:13:50,355 [WARNING] - Audio input error (OSError): No Default Input Device Available - Likely no microphone in sandbox.
2025-06-04 07:13:50,355 [INFO] - No command received or error in listening.
2025-06-04 07:13:50,373 [WARNING] - Audio input error (OSError): No Default Input Device Available - Likely no microphone in sandbox.
2025-06-04 07:13:50,373 [INFO] - No command received or error in listening.
2025-06-04 07:13:50,391 [WARNING] - Audio input error (OSError): No Default Input Device Available - Likely no microphone in sandbox.
2025-06-04 07:13:50,391 [INFO] - No command received or error in listening.
2025-06-04 07:13:50,408 [WARNING] - Audio input error (OSError): No Default Input Device Available - Likely no microphone in sandbox.
2025-06-04 07:13:50,408 [INFO] - No command received or error in listening.
2025-06-04 07:13:50,425 [WARNING] - Audio input error (OSError): No Default Input Device Available - Likely no microphone in sandbox.
2025-06-04 07:13:50,425 [INFO] - No command received or error in listening.
2025-06-04 07:13:50,443 [WARNING] - Audio input error (OSError): No Default Input Device Available - Likely no microphone in sandbox.
2025-06-04 07:13:50,443 [INFO] - No command received or error in listening.
2025-06-04 07:13:50,460 [WARNING] - Audio input error (OSError): No Default Input Device Available - Likely no microphone in sandbox.
2025-06-04 07:13:50,460 [INFO] - No command received or error in listening.
2025-06-04 07:13:50,477 [WARNING] - Audio input error (OSError): No Default Input Device Available - Likely no microphone in sandbox.
2025-06-04 07:13:50,478 [INFO] - No command received or error in listening.
2025-06-04 07:13:50,495 [WARNING] - Audio input error (OSError): No Default Input Device Available - Likely no microphone in sandbox.
2025-06-04 07:13:50,495 [INFO] - No command received or error in listening.
2025-06-04 07:13:50,513 [WARNING] - Audio input error (OSError): No Default Input Device Available - Likely no microphone in sandbox.
2025-06-04 07:13:50,513 [INFO] - No command received or error in listening.
2025-06-04 07:13:50,530 [WARNING] - Audio input error (OSError): No Default Input Device Available - Likely no microphone in sandbox.
2025-06-04 07:13:50,530 [INFO] - No command received or error in listening.
2025-06-04 07:13:50,549 [WARNING] - Audio input error (OSError): No Default Input Device Available - Likely no microphone in sandbox.
2025-06-04 07:13:50,549 [INFO] - No command received or error in listening.
2025-06-04 07:13:50,568 [WARNING] - Audio input error (OSError): No Default Input Device Available - Likely no microphone in sandbox.
2025-06-04 07:13:50,568 [INFO] - No command received or error in listening.
2025-06-04 07:13:50,588 [WARNING] - Audio input error (OSError): No Default Input Device Available - Likely no microphone in sandbox.
2025-06-04 07:13:50,588 [INFO] - No command received or error in listening.
2025-06-04 07:13:50,607 [WARNING] - Audio input error (OSError): No Default Input Device Available - Likely no microphone in sandbox.
2025-06-04 07:13:50,607 [INFO] - No command received or error in listening.
2025-06-04 07:13:50,625 [WARNING] - Audio input error (OSError): No Default Input Device Available - Likely no microphone in sandbox.
2025-06-04 07:13:50,625 [INFO] - No command received or error in listening.
2025-06-04 07:13:50,644 [WARNING] - Audio input error (OSError): No Default Input Device Available - Likely no microphone in sandbox.
2025-06-04 07:13:50,645 [INFO] - No command received or error in listening.
2025-06-04 07:13:50,663 [WARNING] - Audio input error (OSError): No Default Input Device Available - Likely no microphone in sandbox.
2025-06-04 07:13:50,663 [INFO] - No command received or error in listening.
2025-06-04 07:13:50,681 [WARNING] - Audio input error (OSError): No Default Input Device Available - Likely no microphone in sandbox.
2025-06-04 07:13:50,681 [INFO] - No command received or error in listening.
2025-06-04 07:13:50,698 [WARNING] - Audio input error (OSError): No Default Input Device Available - Likely no microphone in sandbox.
2025-06-04 07:13:50,698 [INFO] - No command received or error in listening.
2025-06-04 07:13:50,716 [WARNING] - Audio input error (OSError): No Default Input Device Available - Likely no microphone in sandbox.
2025-06-04 07:13:50,716 [INFO] - No command received or error in listening.
2025-06-04 07:13:50,733 [WARNING] - Audio input error (OSError): No Default Input Device Available - Likely no microphone in sandbox.
2025-06-04 07:13:50,733 [INFO] - No command received or error in listening.
2025-06-04 07:13:50,750 [WARNING] - Audio input error (OSError): No Default Input Device Available - Likely no microphone in sandbox.
2025-06-04 07:13:50,751 [INFO] - No command received or error in listening.
2025-06-04 07:13:50,768 [WARNING] - Audio input error (OSError): No Default Input Device Available - Likely no microphone in sandbox.
2025-06-04 07:13:50,768 [INFO] - No command received or error in listening.
2025-06-04 07:13:50,785 [WARNING] - Audio input error (OSError): No Default Input Device Available - Likely no microphone in sandbox.
2025-06-04 07:13:50,785 [INFO] - No command received or error in listening.
2025-06-04 07:13:50,802 [WARNING] - Audio input error (OSError): No Default Input Device Available - Likely no microphone in sandbox.
2025-06-04 07:13:50,802 [INFO] - No command received or error in listening.
2025-06-04 07:13:50,820 [WARNING] - Audio input error (OSError): No Default Input Device Available - Likely no microphone in sandbox.
2025-06-04 07:13:50,820 [INFO] - No command received or error in listening.
2025-06-04 07:13:50,837 [WARNING] - Audio input error (OSError): No Default Input Device Available - Likely no microphone in sandbox.
2025-06-04 07:13:50,837 [INFO] - No command received or error in listening.
2025-06-04 07:13:50,854 [WARNING] - Audio input error (OSError): No Default Input Device Available - Likely no microphone in sandbox.
2025-06-04 07:13:50,855 [INFO] - No command received or error in listening.
2025-06-04 07:13:50,871 [WARNING] - Audio input error (OSError): No Default Input Device Available - Likely no microphone in sandbox.
2025-06-04 07:13:50,871 [INFO] - No command received or error in listening.
2025-06-04 07:13:50,889 [WARNING] - Audio input error (OSError): No Default Input Device Available - Likely no microphone in sandbox.
2025-06-04 07:13:50,889 [INFO] - No command received or error in listening.
2025-06-04 07:13:50,906 [WARNING] - Audio input error (OSError): No Default Input Device Available - Likely no microphone in sandbox.
2025-06-04 07:13:50,906 [INFO] - No command received or error in listening.
2025-06-04 07:13:50,923 [WARNING] - Audio input error (OSError): No Default Input Device Available - Likely no microphone in sandbox.
2025-06-04 07:13:50,923 [INFO] - No command received or error in listening.
2025-06-04 07:13:50,940 [WARNING] - Audio input error (OSError): No Default Input Device Available - Likely no microphone in sandbox.
2025-06-04 07:13:50,940 [INFO] - No command received or error in listening.
2025-06-04 07:13:50,957 [WARNING] - Audio input error (OSError): No Default Input Device Available - Likely no microphone in sandbox.
2025-06-04 07:13:50,958 [INFO] - No command received or error in listening.
2025-06-04 07:13:50,974 [WARNING] - Audio input error (OSError): No Default Input Device Available - Likely no microphone in sandbox.
2025-06-04 07:13:50,975 [INFO] - No command received or error in listening.
2025-06-04 07:13:50,992 [WARNING] - Audio input error (OSError): No Default Input Device Available - Likely no microphone in sandbox.
2025-06-04 07:13:50,992 [INFO] - No command received or error in listening.
2025-06-04 07:13:51,009 [WARNING] - Audio input error (OSError): No Default Input Device Available - Likely no microphone in sandbox.
2025-06-04 07:13:51,009 [INFO] - No command received or error in listening.
2025-06-04 07:13:51,026 [WARNING] - Audio input error (OSError): No Default Input Device Available - Likely no microphone in sandbox.
2025-06-04 07:13:51,026 [INFO] - No command received or error in listening.
2025-06-04 07:13:51,044 [WARNING] - Audio input error (OSError): No Default Input Device Available - Likely no microphone in sandbox.
2025-06-04 07:13:51,044 [INFO] - No command received or error in listening.
2025-06-04 07:13:51,061 [WARNING] - Audio input error (OSError): No Default Input Device Available - Likely no microphone in sandbox.
2025-06-04 07:13:51,061 [INFO] - No command received or error in listening.
2025-06-04 07:13:51,078 [WARNING] - Audio input error (OSError): No Default Input Device Available - Likely no microphone in sandbox.
2025-06-04 07:13:51,078 [INFO] - No command received or error in listening.
2025-06-04 07:13:51,096 [WARNING] - Audio input error (OSError): No Default Input Device Available - Likely no microphone in sandbox.
2025-06-04 07:13:51,096 [INFO] - No command received or error in listening.
2025-06-04 07:13:51,113 [WARNING] - Audio input error (OSError): No Default Input Device Available - Likely no microphone in sandbox.
2025-06-04 07:13:51,113 [INFO] - No command received or error in listening.
2025-06-04 07:13:51,130 [WARNING] - Audio input error (OSError): No Default Input Device Available - Likely no microphone in sandbox.
2025-06-04 07:13:51,130 [INFO] - No command received or error in listening.
2025-06-04 07:13:51,147 [WARNING] - Audio input error (OSError): No Default Input Device Available - Likely no microphone in sandbox.
2025-06-04 07:13:51,147 [INFO] - No command received or error in listening.
2025-06-04 07:13:51,164 [WARNING] - Audio input error (OSError): No Default Input Device Available - Likely no microphone in sandbox.
2025-06-04 07:13:51,164 [INFO] - No command received or error in listening.
2025-06-04 07:13:51,181 [WARNING] - Audio input error (OSError): No Default Input Device Available - Likely no microphone in sandbox.
2025-06-04 07:13:51,181 [INFO] - No command received or error in listening.
2025-06-04 07:13:51,199 [WARNING] - Audio input error (OSError): No Default Input Device Available - Likely no microphone in sandbox.
2025-06-04 07:13:51,199 [INFO] - No command received or error in listening.
2025-06-04 07:13:51,216 [WARNING] - Audio input error (OSError): No Default Input Device Available - Likely no microphone in sandbox.
2025-06-04 07:13:51,216 [INFO] - No command received or error in listening.
2025-06-04 07:13:51,233 [WARNING] - Audio input error (OSError): No Default Input Device Available - Likely no microphone in sandbox.
2025-06-04 07:13:51,233 [INFO] - No command received or error in listening.
2025-06-04 07:13:51,251 [WARNING] - Audio input error (OSError): No Default Input Device Available - Likely no microphone in sandbox.
2025-06-04 07:13:51,251 [INFO] - No command received or error in listening.
2025-06-04 07:13:51,268 [WARNING] - Audio input error (OSError): No Default Input Device Available - Likely no microphone in sandbox.
2025-06-04 07:13:51,268 [INFO] - No command received or error in listening.
2025-06-04 07:13:51,285 [WARNING] - Audio input error (OSError): No Default Input Device Available - Likely no microphone in sandbox.
2025-06-04 07:13:51,285 [INFO] - No command received or error in listening.
2025-06-04 07:13:51,303 [WARNING] - Audio input error (OSError): No Default Input Device Available - Likely no microphone in sandbox.
2025-06-04 07:13:51,303 [INFO] - No command received or error in listening.
2025-06-04 07:13:51,320 [WARNING] - Audio input error (OSError): No Default Input Device Available - Likely no microphone in sandbox.
2025-06-04 07:13:51,320 [INFO] - No command received or error in listening.
2025-06-04 07:13:51,337 [WARNING] - Audio input error (OSError): No Default Input Device Available - Likely no microphone in sandbox.
2025-06-04 07:13:51,338 [INFO] - No command received or error in listening.
2025-06-04 07:13:51,355 [WARNING] - Audio input error (OSError): No Default Input Device Available - Likely no microphone in sandbox.
2025-06-04 07:13:51,355 [INFO] - No command received or error in listening.
2025-06-04 07:13:51,372 [WARNING] - Audio input error (OSError): No Default Input Device Available - Likely no microphone in sandbox.
2025-06-04 07:13:51,372 [INFO] - No command received or error in listening.
2025-06-04 07:13:51,389 [WARNING] - Audio input error (OSError): No Default Input Device Available - Likely no microphone in sandbox.
2025-06-04 07:13:51,389 [INFO] - No command received or error in listening.
2025-06-04 07:13:51,406 [WARNING] - Audio input error (OSError): No Default Input Device Available - Likely no microphone in sandbox.
2025-06-04 07:13:51,406 [INFO] - No command received or error in listening.
2025-06-04 07:13:51,424 [WARNING] - Audio input error (OSError): No Default Input Device Available - Likely no microphone in sandbox.
2025-06-04 07:13:51,424 [INFO] - No command received or error in listening.
2025-06-04 07:13:51,441 [WARNING] - Audio input error (OSError): No Default Input Device Available - Likely no microphone in sandbox.
2025-06-04 07:13:51,441 [INFO] - No command received or error in listening.
2025-06-04 07:13:51,459 [WARNING] - Audio input error (OSError): No Default Input Device Available - Likely no microphone in sandbox.
2025-06-04 07:13:51,459 [INFO] - No command received or error in listening.
2025-06-04 07:13:51,476 [WARNING] - Audio input error (OSError): No Default Input Device Available - Likely no microphone in sandbox.
2025-06-04 07:13:51,476 [INFO] - No command received or error in listening.
2025-06-04 07:13:51,493 [WARNING] - Audio input error (OSError): No Default Input Device Available - Likely no microphone in sandbox.
2025-06-04 07:13:51,493 [INFO] - No command received or error in listening.
2025-06-04 07:13:51,511 [WARNING] - Audio input error (OSError): No Default Input Device Available - Likely no microphone in sandbox.
2025-06-04 07:13:51,511 [INFO] - No command received or error in listening.
2025-06-04 07:13:51,528 [WARNING] - Audio input error (OSError): No Default Input Device Available - Likely no microphone in sandbox.
2025-06-04 07:13:51,528 [INFO] - No command received or error in listening.
2025-06-04 07:13:51,545 [WARNING] - Audio input error (OSError): No Default Input Device Available - Likely no microphone in sandbox.
2025-06-04 07:13:51,545 [INFO] - No command received or error in listening.
2025-06-04 07:13:51,562 [WARNING] - Audio input error (OSError): No Default Input Device Available - Likely no microphone in sandbox.
2025-06-04 07:13:51,562 [INFO] - No command received or error in listening.
2025-06-04 07:13:51,580 [WARNING] - Audio input error (OSError): No Default Input Device Available - Likely no microphone in sandbox.
2025-06-04 07:13:51,580 [INFO] - No command received or error in listening.
2025-06-04 07:13:51,597 [WARNING] - Audio input error (OSError): No Default Input Device Available - Likely no microphone in sandbox.
2025-06-04 07:13:51,597 [INFO] - No command received or error in listening.
2025-06-04 07:13:51,615 [WARNING] - Audio input error (OSError): No Default Input Device Available - Likely no microphone in sandbox.
2025-06-04 07:13:51,615 [INFO] - No command received or error in listening.
2025-06-04 07:13:51,632 [WARNING] - Audio input error (OSError): No Default Input Device Available - Likely no microphone in sandbox.
2025-06-04 07:13:51,632 [INFO] - No command received or error in listening.
2025-06-04 07:13:51,649 [WARNING] - Audio input error (OSError): No Default Input Device Available - Likely no microphone in sandbox.
2025-06-04 07:13:51,650 [INFO] - No command received or error in listening.
2025-06-04 07:13:51,667 [WARNING] - Audio input error (OSError): No Default Input Device Available - Likely no microphone in sandbox.
2025-06-04 07:13:51,667 [INFO] - No command received or error in listening.
2025-06-04 07:13:51,684 [WARNING] - Audio input error (OSError): No Default Input Device Available - Likely no microphone in sandbox.
2025-06-04 07:13:51,684 [INFO] - No command received or error in listening.
2025-06-04 07:13:51,701 [WARNING] - Audio input error (OSError): No Default Input Device Available - Likely no microphone in sandbox.
2025-06-04 07:13:51,702 [INFO] - No command received or error in listening.
2025-06-04 07:13:51,719 [WARNING] - Audio input error (OSError): No Default Input Device Available - Likely no microphone in sandbox.
2025-06-04 07:13:51,719 [INFO] - No command received or error in listening.
2025-06-04 07:13:51,736 [WARNING] - Audio input error (OSError): No Default Input Device Available - Likely no microphone in sandbox.
2025-06-04 07:13:51,736 [INFO] - No command received or error in listening.
2025-06-04 07:13:51,753 [WARNING] - Audio input error (OSError): No Default Input Device Available - Likely no microphone in sandbox.
2025-06-04 07:13:51,753 [INFO] - No command received or error in listening.
2025-06-04 07:13:51,770 [WARNING] - Audio input error (OSError): No Default Input Device Available - Likely no microphone in sandbox.
2025-06-04 07:13:51,770 [INFO] - No command received or error in listening.
2025-06-04 07:13:51,788 [WARNING] - Audio input error (OSError): No Default Input Device Available - Likely no microphone in sandbox.
2025-06-04 07:13:51,788 [INFO] - No command received or error in listening.
2025-06-04 07:13:51,805 [WARNING] - Audio input error (OSError): No Default Input Device Available - Likely no microphone in sandbox.
2025-06-04 07:13:51,805 [INFO] - No command received or error in listening.
2025-06-04 07:13:51,823 [WARNING] - Audio input error (OSError): No Default Input Device Available - Likely no microphone in sandbox.
2025-06-04 07:13:51,823 [INFO] - No command received or error in listening.
2025-06-04 07:13:51,840 [WARNING] - Audio input error (OSError): No Default Input Device Available - Likely no microphone in sandbox.
2025-06-04 07:13:51,840 [INFO] - No command received or error in listening.
2025-06-04 07:13:51,858 [WARNING] - Audio input error (OSError): No Default Input Device Available - Likely no microphone in sandbox.
2025-06-04 07:13:51,858 [INFO] - No command received or error in listening.
2025-06-04 07:13:51,875 [WARNING] - Audio input error (OSError): No Default Input Device Available - Likely no microphone in sandbox.
2025-06-04 07:13:51,875 [INFO] - No command received or error in listening.
2025-06-04 07:13:51,892 [WARNING] - Audio input error (OSError): No Default Input Device Available - Likely no microphone in sandbox.
2025-06-04 07:13:51,893 [INFO] - No command received or error in listening.
2025-06-04 07:13:51,910 [WARNING] - Audio input error (OSError): No Default Input Device Available - Likely no microphone in sandbox.
2025-06-04 07:13:51,910 [INFO] - No command received or error in listening.
2025-06-04 07:13:51,927 [WARNING] - Audio input error (OSError): No Default Input Device Available - Likely no microphone in sandbox.
2025-06-04 07:13:51,927 [INFO] - No command received or error in listening.
2025-06-04 07:13:51,944 [WARNING] - Audio input error (OSError): No Default Input Device Available - Likely no microphone in sandbox.
2025-06-04 07:13:51,944 [INFO] - No command received or error in listening.
2025-06-04 07:13:51,961 [WARNING] - Audio input error (OSError): No Default Input Device Available - Likely no microphone in sandbox.
2025-06-04 07:13:51,961 [INFO] - No command received or error in listening.
2025-06-04 07:13:51,979 [WARNING] - Audio input error (OSError): No Default Input Device Available - Likely no microphone in sandbox.
2025-06-04 07:13:51,979 [INFO] - No command received or error in listening.
2025-06-04 07:13:51,996 [WARNING] - Audio input error (OSError): No Default Input Device Available - Likely no microphone in sandbox.
2025-06-04 07:13:51,996 [INFO] - No command received or error in listening.
2025-06-04 07:13:52,013 [WARNING] - Audio input error (OSError): No Default Input Device Available - Likely no microphone in sandbox.
2025-06-04 07:13:52,013 [INFO] - No command received or error in listening.
2025-06-04 07:13:52,030 [WARNING] - Audio input error (OSError): No Default Input Device Available - Likely no microphone in sandbox.
2025-06-04 07:13:52,030 [INFO] - No command received or error in listening.
2025-06-04 07:13:52,047 [WARNING] - Audio input error (OSError): No Default Input Device Available - Likely no microphone in sandbox.
2025-06-04 07:13:52,047 [INFO] - No command received or error in listening.
2025-06-04 07:13:52,064 [WARNING] - Audio input error (OSError): No Default Input Device Available - Likely no microphone in sandbox.
2025-06-04 07:13:52,064 [INFO] - No command received or error in listening.
2025-06-04 07:13:52,081 [WARNING] - Audio input error (OSError): No Default Input Device Available - Likely no microphone in sandbox.
2025-06-04 07:13:52,081 [INFO] - No command received or error in listening.
2025-06-04 07:13:52,098 [WARNING] - Audio input error (OSError): No Default Input Device Available - Likely no microphone in sandbox.
2025-06-04 07:13:52,099 [INFO] - No command received or error in listening.
2025-06-04 07:13:52,116 [WARNING] - Audio input error (OSError): No Default Input Device Available - Likely no microphone in sandbox.
2025-06-04 07:13:52,116 [INFO] - No command received or error in listening.
2025-06-04 07:13:52,133 [WARNING] - Audio input error (OSError): No Default Input Device Available - Likely no microphone in sandbox.
2025-06-04 07:13:52,133 [INFO] - No command received or error in listening.
2025-06-04 07:13:52,150 [WARNING] - Audio input error (OSError): No Default Input Device Available - Likely no microphone in sandbox.
2025-06-04 07:13:52,150 [INFO] - No command received or error in listening.
2025-06-04 07:13:52,167 [WARNING] - Audio input error (OSError): No Default Input Device Available - Likely no microphone in sandbox.
2025-06-04 07:13:52,167 [INFO] - No command received or error in listening.
2025-06-04 07:13:52,184 [WARNING] - Audio input error (OSError): No Default Input Device Available - Likely no microphone in sandbox.
2025-06-04 07:13:52,184 [INFO] - No command received or error in listening.
2025-06-04 07:13:52,201 [WARNING] - Audio input error (OSError): No Default Input Device Available - Likely no microphone in sandbox.
2025-06-04 07:13:52,201 [INFO] - No command received or error in listening.
2025-06-04 07:13:52,218 [WARNING] - Audio input error (OSError): No Default Input Device Available - Likely no microphone in sandbox.
2025-06-04 07:13:52,219 [INFO] - No command received or error in listening.
2025-06-04 07:13:52,236 [WARNING] - Audio input error (OSError): No Default Input Device Available - Likely no microphone in sandbox.
2025-06-04 07:13:52,236 [INFO] - No command received or error in listening.
2025-06-04 07:13:52,253 [WARNING] - Audio input error (OSError): No Default Input Device Available - Likely no microphone in sandbox.
2025-06-04 07:13:52,253 [INFO] - No command received or error in listening.
2025-06-04 07:13:52,270 [WARNING] - Audio input error (OSError): No Default Input Device Available - Likely no microphone in sandbox.
2025-06-04 07:13:52,271 [INFO] - No command received or error in listening.
2025-06-04 07:13:52,288 [WARNING] - Audio input error (OSError): No Default Input Device Available - Likely no microphone in sandbox.
2025-06-04 07:13:52,288 [INFO] - No command received or error in listening.
2025-06-04 07:13:52,305 [WARNING] - Audio input error (OSError): No Default Input Device Available - Likely no microphone in sandbox.
2025-06-04 07:13:52,305 [INFO] - No command received or error in listening.
2025-06-04 07:13:52,322 [WARNING] - Audio input error (OSError): No Default Input Device Available - Likely no microphone in sandbox.
2025-06-04 07:13:52,322 [INFO] - No command received or error in listening.
2025-06-04 07:13:52,339 [WARNING] - Audio input error (OSError): No Default Input Device Available - Likely no microphone in sandbox.
2025-06-04 07:13:52,339 [INFO] - No command received or error in listening.
2025-06-04 07:13:52,356 [WARNING] - Audio input error (OSError): No Default Input Device Available - Likely no microphone in sandbox.
2025-06-04 07:13:52,356 [INFO] - No command received or error in listening.
2025-06-04 07:13:52,373 [WARNING] - Audio input error (OSError): No Default Input Device Available - Likely no microphone in sandbox.
2025-06-04 07:13:52,373 [INFO] - No command received or error in listening.
2025-06-04 07:13:52,391 [WARNING] - Audio input error (OSError): No Default Input Device Available - Likely no microphone in sandbox.
2025-06-04 07:13:52,391 [INFO] - No command received or error in listening.
2025-06-04 07:13:52,408 [WARNING] - Audio input error (OSError): No Default Input Device Available - Likely no microphone in sandbox.
2025-06-04 07:13:52,408 [INFO] - No command received or error in listening.
2025-06-04 07:13:52,425 [WARNING] - Audio input error (OSError): No Default Input Device Available - Likely no microphone in sandbox.
2025-06-04 07:13:52,425 [INFO] - No command received or error in listening.
2025-06-04 07:13:52,442 [WARNING] - Audio input error (OSError): No Default Input Device Available - Likely no microphone in sandbox.
2025-06-04 07:13:52,442 [INFO] - No command received or error in listening.
2025-06-04 07:13:52,460 [WARNING] - Audio input error (OSError): No Default Input Device Available - Likely no microphone in sandbox.
2025-06-04 07:13:52,460 [INFO] - No command received or error in listening.
2025-06-04 07:13:52,477 [WARNING] - Audio input error (OSError): No Default Input Device Available - Likely no microphone in sandbox.
2025-06-04 07:13:52,477 [INFO] - No command received or error in listening.
2025-06-04 07:13:52,494 [WARNING] - Audio input error (OSError): No Default Input Device Available - Likely no microphone in sandbox.
2025-06-04 07:13:52,495 [INFO] - No command received or error in listening.
2025-06-04 07:13:52,512 [WARNING] - Audio input error (OSError): No Default Input Device Available - Likely no microphone in sandbox.
2025-06-04 07:13:52,512 [INFO] - No command received or error in listening.
2025-06-04 07:13:52,529 [WARNING] - Audio input error (OSError): No Default Input Device Available - Likely no microphone in sandbox.
2025-06-04 07:13:52,529 [INFO] - No command received or error in listening.
2025-06-04 07:13:52,546 [WARNING] - Audio input error (OSError): No Default Input Device Available - Likely no microphone in sandbox.
2025-06-04 07:13:52,546 [INFO] - No command received or error in listening.
2025-06-04 07:13:52,563 [WARNING] - Audio input error (OSError): No Default Input Device Available - Likely no microphone in sandbox.
2025-06-04 07:13:52,564 [INFO] - No command received or error in listening.
2025-06-04 07:13:52,581 [WARNING] - Audio input error (OSError): No Default Input Device Available - Likely no microphone in sandbox.
2025-06-04 07:13:52,581 [INFO] - No command received or error in listening.
2025-06-04 07:13:52,598 [WARNING] - Audio input error (OSError): No Default Input Device Available - Likely no microphone in sandbox.
2025-06-04 07:13:52,598 [INFO] - No command received or error in listening.
2025-06-04 07:13:52,615 [WARNING] - Audio input error (OSError): No Default Input Device Available - Likely no microphone in sandbox.
2025-06-04 07:13:52,615 [INFO] - No command received or error in listening.
2025-06-04 07:13:52,632 [WARNING] - Audio input error (OSError): No Default Input Device Available - Likely no microphone in sandbox.
2025-06-04 07:13:52,632 [INFO] - No command received or error in listening.
2025-06-04 07:13:52,649 [WARNING] - Audio input error (OSError): No Default Input Device Available - Likely no microphone in sandbox.
2025-06-04 07:13:52,649 [INFO] - No command received or error in listening.
2025-06-04 07:13:52,666 [WARNING] - Audio input error (OSError): No Default Input Device Available - Likely no microphone in sandbox.
2025-06-04 07:13:52,666 [INFO] - No command received or error in listening.
2025-06-04 07:13:52,684 [WARNING] - Audio input error (OSError): No Default Input Device Available - Likely no microphone in sandbox.
2025-06-04 07:13:52,684 [INFO] - No command received or error in listening.
2025-06-04 07:13:52,701 [WARNING] - Audio input error (OSError): No Default Input Device Available - Likely no microphone in sandbox.
2025-06-04 07:13:52,701 [INFO] - No command received or error in listening.
2025-06-04 07:13:52,718 [WARNING] - Audio input error (OSError): No Default Input Device Available - Likely no microphone in sandbox.
2025-06-04 07:13:52,718 [INFO] - No command received or error in listening.
2025-06-04 07:13:52,735 [WARNING] - Audio input error (OSError): No Default Input Device Available - Likely no microphone in sandbox.
2025-06-04 07:13:52,735 [INFO] - No command received or error in listening.
2025-06-04 07:13:52,752 [WARNING] - Audio input error (OSError): No Default Input Device Available - Likely no microphone in sandbox.
2025-06-04 07:13:52,752 [INFO] - No command received or error in listening.
2025-06-04 07:13:52,770 [WARNING] - Audio input error (OSError): No Default Input Device Available - Likely no microphone in sandbox.
2025-06-04 07:13:52,770 [INFO] - No command received or error in listening.
2025-06-04 07:13:52,787 [WARNING] - Audio input error (OSError): No Default Input Device Available - Likely no microphone in sandbox.
2025-06-04 07:13:52,787 [INFO] - No command received or error in listening.
2025-06-04 07:13:52,804 [WARNING] - Audio input error (OSError): No Default Input Device Available - Likely no microphone in sandbox.
2025-06-04 07:13:52,804 [INFO] - No command received or error in listening.
2025-06-04 07:13:52,821 [WARNING] - Audio input error (OSError): No Default Input Device Available - Likely no microphone in sandbox.
2025-06-04 07:13:52,821 [INFO] - No command received or error in listening.
2025-06-04 07:13:52,839 [WARNING] - Audio input error (OSError): No Default Input Device Available - Likely no microphone in sandbox.
2025-06-04 07:13:52,839 [INFO] - No command received or error in listening.
2025-06-04 07:13:52,856 [WARNING] - Audio input error (OSError): No Default Input Device Available - Likely no microphone in sandbox.
2025-06-04 07:13:52,856 [INFO] - No command received or error in listening.
2025-06-04 07:13:52,873 [WARNING] - Audio input error (OSError): No Default Input Device Available - Likely no microphone in sandbox.
2025-06-04 07:13:52,873 [INFO] - No command received or error in listening.
2025-06-04 07:13:52,890 [WARNING] - Audio input error (OSError): No Default Input Device Available - Likely no microphone in sandbox.
2025-06-04 07:13:52,890 [INFO] - No command received or error in listening.
2025-06-04 07:13:52,907 [WARNING] - Audio input error (OSError): No Default Input Device Available - Likely no microphone in sandbox.
2025-06-04 07:13:52,907 [INFO] - No command received or error in listening.
2025-06-04 07:13:52,924 [WARNING] - Audio input error (OSError): No Default Input Device Available - Likely no microphone in sandbox.
2025-06-04 07:13:52,924 [INFO] - No command received or error in listening.
2025-06-04 07:13:52,942 [WARNING] - Audio input error (OSError): No Default Input Device Available - Likely no microphone in sandbox.
2025-06-04 07:13:52,942 [INFO] - No command received or error in listening.
2025-06-04 07:13:52,959 [WARNING] - Audio input error (OSError): No Default Input Device Available - Likely no microphone in sandbox.
2025-06-04 07:13:52,959 [INFO] - No command received or error in listening.
2025-06-04 07:13:52,976 [WARNING] - Audio input error (OSError): No Default Input Device Available - Likely no microphone in sandbox.
2025-06-04 07:13:52,976 [INFO] - No command received or error in listening.
2025-06-04 07:13:52,993 [WARNING] - Audio input error (OSError): No Default Input Device Available - Likely no microphone in sandbox.
2025-06-04 07:13:52,993 [INFO] - No command received or error in listening.
2025-06-04 07:13:53,011 [WARNING] - Audio input error (OSError): No Default Input Device Available - Likely no microphone in sandbox.
2025-06-04 07:13:53,011 [INFO] - No command received or error in listening.
2025-06-04 07:13:53,028 [WARNING] - Audio input error (OSError): No Default Input Device Available - Likely no microphone in sandbox.
2025-06-04 07:13:53,028 [INFO] - No command received or error in listening.
2025-06-04 07:13:53,045 [WARNING] - Audio input error (OSError): No Default Input Device Available - Likely no microphone in sandbox.
2025-06-04 07:13:53,045 [INFO] - No command received or error in listening.
2025-06-04 07:13:53,062 [WARNING] - Audio input error (OSError): No Default Input Device Available - Likely no microphone in sandbox.
2025-06-04 07:13:53,062 [INFO] - No command received or error in listening.
2025-06-04 07:13:53,079 [WARNING] - Audio input error (OSError): No Default Input Device Available - Likely no microphone in sandbox.
2025-06-04 07:13:53,080 [INFO] - No command received or error in listening.
2025-06-04 07:13:53,096 [WARNING] - Audio input error (OSError): No Default Input Device Available - Likely no microphone in sandbox.
2025-06-04 07:13:53,097 [INFO] - No command received or error in listening.
2025-06-04 07:13:53,114 [WARNING] - Audio input error (OSError): No Default Input Device Available - Likely no microphone in sandbox.
2025-06-04 07:13:53,114 [INFO] - No command received or error in listening.
2025-06-04 07:13:53,131 [WARNING] - Audio input error (OSError): No Default Input Device Available - Likely no microphone in sandbox.
2025-06-04 07:13:53,131 [INFO] - No command received or error in listening.
2025-06-04 07:13:53,148 [WARNING] - Audio input error (OSError): No Default Input Device Available - Likely no microphone in sandbox.
2025-06-04 07:13:53,148 [INFO] - No command received or error in listening.
2025-06-04 07:13:53,165 [WARNING] - Audio input error (OSError): No Default Input Device Available - Likely no microphone in sandbox.
2025-06-04 07:13:53,165 [INFO] - No command received or error in listening.
2025-06-04 07:13:53,182 [WARNING] - Audio input error (OSError): No Default Input Device Available - Likely no microphone in sandbox.
2025-06-04 07:13:53,182 [INFO] - No command received or error in listening.
2025-06-04 07:13:53,199 [WARNING] - Audio input error (OSError): No Default Input Device Available - Likely no microphone in sandbox.
2025-06-04 07:13:53,199 [INFO] - No command received or error in listening.
2025-06-04 07:13:53,216 [WARNING] - Audio input error (OSError): No Default Input Device Available - Likely no microphone in sandbox.
2025-06-04 07:13:53,216 [INFO] - No command received or error in listening.
2025-06-04 07:13:53,233 [WARNING] - Audio input error (OSError): No Default Input Device Available - Likely no microphone in sandbox.
2025-06-04 07:13:53,233 [INFO] - No command received or error in listening.
2025-06-04 07:13:53,250 [WARNING] - Audio input error (OSError): No Default Input Device Available - Likely no microphone in sandbox.
2025-06-04 07:13:53,251 [INFO] - No command received or error in listening.
2025-06-04 07:13:53,268 [WARNING] - Audio input error (OSError): No Default Input Device Available - Likely no microphone in sandbox.
2025-06-04 07:13:53,268 [INFO] - No command received or error in listening.
2025-06-04 07:13:53,285 [WARNING] - Audio input error (OSError): No Default Input Device Available - Likely no microphone in sandbox.
2025-06-04 07:13:53,285 [INFO] - No command received or error in listening.
2025-06-04 07:13:53,302 [WARNING] - Audio input error (OSError): No Default Input Device Available - Likely no microphone in sandbox.
2025-06-04 07:13:53,302 [INFO] - No command received or error in listening.
2025-06-04 07:13:53,319 [WARNING] - Audio input error (OSError): No Default Input Device Available - Likely no microphone in sandbox.
2025-06-04 07:13:53,320 [INFO] - No command received or error in listening.
2025-06-04 07:13:53,337 [WARNING] - Audio input error (OSError): No Default Input Device Available - Likely no microphone in sandbox.
2025-06-04 07:13:53,337 [INFO] - No command received or error in listening.
2025-06-04 07:13:53,354 [WARNING] - Audio input error (OSError): No Default Input Device Available - Likely no microphone in sandbox.
2025-06-04 07:13:53,354 [INFO] - No command received or error in listening.
2025-06-04 07:13:53,371 [WARNING] - Audio input error (OSError): No Default Input Device Available - Likely no microphone in sandbox.
2025-06-04 07:13:53,371 [INFO] - No command received or error in listening.
2025-06-04 07:13:53,389 [WARNING] - Audio input error (OSError): No Default Input Device Available - Likely no microphone in sandbox.
2025-06-04 07:13:53,389 [INFO] - No command received or error in listening.
2025-06-04 07:13:53,406 [WARNING] - Audio input error (OSError): No Default Input Device Available - Likely no microphone in sandbox.
2025-06-04 07:13:53,406 [INFO] - No command received or error in listening.
2025-06-04 07:13:53,423 [WARNING] - Audio input error (OSError): No Default Input Device Available - Likely no microphone in sandbox.
2025-06-04 07:13:53,423 [INFO] - No command received or error in listening.
2025-06-04 07:13:53,440 [WARNING] - Audio input error (OSError): No Default Input Device Available - Likely no microphone in sandbox.
2025-06-04 07:13:53,440 [INFO] - No command received or error in listening.
2025-06-04 07:13:53,457 [WARNING] - Audio input error (OSError): No Default Input Device Available - Likely no microphone in sandbox.
2025-06-04 07:13:53,458 [INFO] - No command received or error in listening.
2025-06-04 07:13:53,475 [WARNING] - Audio input error (OSError): No Default Input Device Available - Likely no microphone in sandbox.
2025-06-04 07:13:53,475 [INFO] - No command received or error in listening.
2025-06-04 07:13:53,492 [WARNING] - Audio input error (OSError): No Default Input Device Available - Likely no microphone in sandbox.
2025-06-04 07:13:53,492 [INFO] - No command received or error in listening.
2025-06-04 07:13:53,509 [WARNING] - Audio input error (OSError): No Default Input Device Available - Likely no microphone in sandbox.
2025-06-04 07:13:53,509 [INFO] - No command received or error in listening.
2025-06-04 07:13:53,526 [WARNING] - Audio input error (OSError): No Default Input Device Available - Likely no microphone in sandbox.
2025-06-04 07:13:53,526 [INFO] - No command received or error in listening.
2025-06-04 07:13:53,543 [WARNING] - Audio input error (OSError): No Default Input Device Available - Likely no microphone in sandbox.
2025-06-04 07:13:53,543 [INFO] - No command received or error in listening.
2025-06-04 07:13:53,560 [WARNING] - Audio input error (OSError): No Default Input Device Available - Likely no microphone in sandbox.
2025-06-04 07:13:53,560 [INFO] - No command received or error in listening.
2025-06-04 07:13:53,577 [WARNING] - Audio input error (OSError): No Default Input Device Available - Likely no microphone in sandbox.
2025-06-04 07:13:53,577 [INFO] - No command received or error in listening.
2025-06-04 07:13:53,594 [WARNING] - Audio input error (OSError): No Default Input Device Available - Likely no microphone in sandbox.
2025-06-04 07:13:53,595 [INFO] - No command received or error in listening.
2025-06-04 07:13:53,611 [WARNING] - Audio input error (OSError): No Default Input Device Available - Likely no microphone in sandbox.
2025-06-04 07:13:53,612 [INFO] - No command received or error in listening.
2025-06-04 07:13:53,628 [WARNING] - Audio input error (OSError): No Default Input Device Available - Likely no microphone in sandbox.
2025-06-04 07:13:53,629 [INFO] - No command received or error in listening.
2025-06-04 07:13:53,645 [WARNING] - Audio input error (OSError): No Default Input Device Available - Likely no microphone in sandbox.
2025-06-04 07:13:53,646 [INFO] - No command received or error in listening.
2025-06-04 07:13:53,663 [WARNING] - Audio input error (OSError): No Default Input Device Available - Likely no microphone in sandbox.
2025-06-04 07:13:53,663 [INFO] - No command received or error in listening.
2025-06-04 07:13:53,680 [WARNING] - Audio input error (OSError): No Default Input Device Available - Likely no microphone in sandbox.
2025-06-04 07:13:53,680 [INFO] - No command received or error in listening.
2025-06-04 07:13:53,697 [WARNING] - Audio input error (OSError): No Default Input Device Available - Likely no microphone in sandbox.
2025-06-04 07:13:53,697 [INFO] - No command received or error in listening.
2025-06-04 07:13:53,714 [WARNING] - Audio input error (OSError): No Default Input Device Available - Likely no microphone in sandbox.
2025-06-04 07:13:53,714 [INFO] - No command received or error in listening.
2025-06-04 07:13:53,731 [WARNING] - Audio input error (OSError): No Default Input Device Available - Likely no microphone in sandbox.
2025-06-04 07:13:53,731 [INFO] - No command received or error in listening.
2025-06-04 07:13:53,748 [WARNING] - Audio input error (OSError): No Default Input Device Available - Likely no microphone in sandbox.
2025-06-04 07:13:53,748 [INFO] - No command received or error in listening.
2025-06-04 07:13:53,765 [WARNING] - Audio input error (OSError): No Default Input Device Available - Likely no microphone in sandbox.
2025-06-04 07:13:53,765 [INFO] - No command received or error in listening.
2025-06-04 07:13:53,782 [WARNING] - Audio input error (OSError): No Default Input Device Available - Likely no microphone in sandbox.
2025-06-04 07:13:53,782 [INFO] - No command received or error in listening.
2025-06-04 07:13:53,800 [WARNING] - Audio input error (OSError): No Default Input Device Available - Likely no microphone in sandbox.
2025-06-04 07:13:53,800 [INFO] - No command received or error in listening.
2025-06-04 07:13:53,817 [WARNING] - Audio input error (OSError): No Default Input Device Available - Likely no microphone in sandbox.
2025-06-04 07:13:53,817 [INFO] - No command received or error in listening.
2025-06-04 07:13:53,834 [WARNING] - Audio input error (OSError): No Default Input Device Available - Likely no microphone in sandbox.
2025-06-04 07:13:53,835 [INFO] - No command received or error in listening.
2025-06-04 07:13:53,852 [WARNING] - Audio input error (OSError): No Default Input Device Available - Likely no microphone in sandbox.
2025-06-04 07:13:53,852 [INFO] - No command received or error in listening.
2025-06-04 07:13:53,869 [WARNING] - Audio input error (OSError): No Default Input Device Available - Likely no microphone in sandbox.
2025-06-04 07:13:53,869 [INFO] - No command received or error in listening.
2025-06-04 07:13:53,886 [WARNING] - Audio input error (OSError): No Default Input Device Available - Likely no microphone in sandbox.
2025-06-04 07:13:53,886 [INFO] - No command received or error in listening.
2025-06-04 07:13:53,903 [WARNING] - Audio input error (OSError): No Default Input Device Available - Likely no microphone in sandbox.
2025-06-04 07:13:53,903 [INFO] - No command received or error in listening.
2025-06-04 07:13:53,920 [WARNING] - Audio input error (OSError): No Default Input Device Available - Likely no microphone in sandbox.
2025-06-04 07:13:53,920 [INFO] - No command received or error in listening.
2025-06-04 07:13:53,937 [WARNING] - Audio input error (OSError): No Default Input Device Available - Likely no microphone in sandbox.
2025-06-04 07:13:53,938 [INFO] - No command received or error in listening.
2025-06-04 07:13:53,955 [WARNING] - Audio input error (OSError): No Default Input Device Available - Likely no microphone in sandbox.
2025-06-04 07:13:53,955 [INFO] - No command received or error in listening.
2025-06-04 07:13:53,972 [WARNING] - Audio input error (OSError): No Default Input Device Available - Likely no microphone in sandbox.
2025-06-04 07:13:53,972 [INFO] - No command received or error in listening.
2025-06-04 07:13:53,989 [WARNING] - Audio input error (OSError): No Default Input Device Available - Likely no microphone in sandbox.
2025-06-04 07:13:53,989 [INFO] - No command received or error in listening.
2025-06-04 07:13:54,006 [WARNING] - Audio input error (OSError): No Default Input Device Available - Likely no microphone in sandbox.
2025-06-04 07:13:54,006 [INFO] - No command received or error in listening.
2025-06-04 07:13:54,023 [WARNING] - Audio input error (OSError): No Default Input Device Available - Likely no microphone in sandbox.
2025-06-04 07:13:54,023 [INFO] - No command received or error in listening.
2025-06-04 07:13:54,041 [WARNING] - Audio input error (OSError): No Default Input Device Available - Likely no microphone in sandbox.
2025-06-04 07:13:54,041 [INFO] - No command received or error in listening.
2025-06-04 07:13:54,058 [WARNING] - Audio input error (OSError): No Default Input Device Available - Likely no microphone in sandbox.
2025-06-04 07:13:54,058 [INFO] - No command received or error in listening.
2025-06-04 07:13:54,075 [WARNING] - Audio input error (OSError): No Default Input Device Available - Likely no microphone in sandbox.
2025-06-04 07:13:54,075 [INFO] - No command received or error in listening.
2025-06-04 07:13:54,092 [WARNING] - Audio input error (OSError): No Default Input Device Available - Likely no microphone in sandbox.
2025-06-04 07:13:54,092 [INFO] - No command received or error in listening.
2025-06-04 07:13:54,109 [WARNING] - Audio input error (OSError): No Default Input Device Available - Likely no microphone in sandbox.
2025-06-04 07:13:54,110 [INFO] - No command received or error in listening.
2025-06-04 07:13:54,127 [WARNING] - Audio input error (OSError): No Default Input Device Available - Likely no microphone in sandbox.
2025-06-04 07:13:54,127 [INFO] - No command received or error in listening.
2025-06-04 07:13:54,144 [WARNING] - Audio input error (OSError): No Default Input Device Available - Likely no microphone in sandbox.
2025-06-04 07:13:54,144 [INFO] - No command received or error in listening.
2025-06-04 07:13:54,161 [WARNING] - Audio input error (OSError): No Default Input Device Available - Likely no microphone in sandbox.
2025-06-04 07:13:54,161 [INFO] - No command received or error in listening.
2025-06-04 07:13:54,178 [WARNING] - Audio input error (OSError): No Default Input Device Available - Likely no microphone in sandbox.
2025-06-04 07:13:54,178 [INFO] - No command received or error in listening.
2025-06-04 07:13:54,195 [WARNING] - Audio input error (OSError): No Default Input Device Available - Likely no microphone in sandbox.
2025-06-04 07:13:54,195 [INFO] - No command received or error in listening.
2025-06-04 07:13:54,212 [WARNING] - Audio input error (OSError): No Default Input Device Available - Likely no microphone in sandbox.
2025-06-04 07:13:54,212 [INFO] - No command received or error in listening.
2025-06-04 07:13:54,229 [WARNING] - Audio input error (OSError): No Default Input Device Available - Likely no microphone in sandbox.
2025-06-04 07:13:54,229 [INFO] - No command received or error in listening.
2025-06-04 07:13:54,246 [WARNING] - Audio input error (OSError): No Default Input Device Available - Likely no microphone in sandbox.
2025-06-04 07:13:54,247 [INFO] - No command received or error in listening.
2025-06-04 07:13:54,264 [WARNING] - Audio input error (OSError): No Default Input Device Available - Likely no microphone in sandbox.
2025-06-04 07:13:54,264 [INFO] - No command received or error in listening.
2025-06-04 07:13:54,281 [WARNING] - Audio input error (OSError): No Default Input Device Available - Likely no microphone in sandbox.
2025-06-04 07:13:54,281 [INFO] - No command received or error in listening.
2025-06-04 07:13:54,298 [WARNING] - Audio input error (OSError): No Default Input Device Available - Likely no microphone in sandbox.
2025-06-04 07:13:54,298 [INFO] - No command received or error in listening.
2025-06-04 07:13:54,315 [WARNING] - Audio input error (OSError): No Default Input Device Available - Likely no microphone in sandbox.
2025-06-04 07:13:54,315 [INFO] - No command received or error in listening.
2025-06-04 07:13:54,332 [WARNING] - Audio input error (OSError): No Default Input Device Available - Likely no microphone in sandbox.
2025-06-04 07:13:54,333 [INFO] - No command received or error in listening.
2025-06-04 07:13:54,350 [WARNING] - Audio input error (OSError): No Default Input Device Available - Likely no microphone in sandbox.
2025-06-04 07:13:54,350 [INFO] - No command received or error in listening.
2025-06-04 07:13:54,367 [WARNING] - Audio input error (OSError): No Default Input Device Available - Likely no microphone in sandbox.
2025-06-04 07:13:54,367 [INFO] - No command received or error in listening.
2025-06-04 07:13:54,384 [WARNING] - Audio input error (OSError): No Default Input Device Available - Likely no microphone in sandbox.
2025-06-04 07:13:54,384 [INFO] - No command received or error in listening.
2025-06-04 07:13:54,401 [WARNING] - Audio input error (OSError): No Default Input Device Available - Likely no microphone in sandbox.
2025-06-04 07:13:54,401 [INFO] - No command received or error in listening.
2025-06-04 07:13:54,419 [WARNING] - Audio input error (OSError): No Default Input Device Available - Likely no microphone in sandbox.
2025-06-04 07:13:54,419 [INFO] - No command received or error in listening.
2025-06-04 07:13:54,436 [WARNING] - Audio input error (OSError): No Default Input Device Available - Likely no microphone in sandbox.
2025-06-04 07:13:54,436 [INFO] - No command received or error in listening.
2025-06-04 07:13:54,452 [WARNING] - Audio input error (OSError): No Default Input Device Available - Likely no microphone in sandbox.
2025-06-04 07:13:54,453 [INFO] - No command received or error in listening.
2025-06-04 07:13:54,469 [WARNING] - Audio input error (OSError): No Default Input Device Available - Likely no microphone in sandbox.
2025-06-04 07:13:54,470 [INFO] - No command received or error in listening.
2025-06-04 07:13:54,486 [WARNING] - Audio input error (OSError): No Default Input Device Available - Likely no microphone in sandbox.
2025-06-04 07:13:54,486 [INFO] - No command received or error in listening.
2025-06-04 07:13:54,503 [WARNING] - Audio input error (OSError): No Default Input Device Available - Likely no microphone in sandbox.
2025-06-04 07:13:54,503 [INFO] - No command received or error in listening.
2025-06-04 07:13:54,520 [WARNING] - Audio input error (OSError): No Default Input Device Available - Likely no microphone in sandbox.
2025-06-04 07:13:54,520 [INFO] - No command received or error in listening.
2025-06-04 07:13:54,537 [WARNING] - Audio input error (OSError): No Default Input Device Available - Likely no microphone in sandbox.
2025-06-04 07:13:54,537 [INFO] - No command received or error in listening.
2025-06-04 07:13:54,554 [WARNING] - Audio input error (OSError): No Default Input Device Available - Likely no microphone in sandbox.
2025-06-04 07:13:54,554 [INFO] - No command received or error in listening.
2025-06-04 07:13:54,572 [WARNING] - Audio input error (OSError): No Default Input Device Available - Likely no microphone in sandbox.
2025-06-04 07:13:54,572 [INFO] - No command received or error in listening.
2025-06-04 07:13:54,590 [WARNING] - Audio input error (OSError): No Default Input Device Available - Likely no microphone in sandbox.
2025-06-04 07:13:54,590 [INFO] - No command received or error in listening.
2025-06-04 07:13:54,607 [WARNING] - Audio input error (OSError): No Default Input Device Available - Likely no microphone in sandbox.
2025-06-04 07:13:54,607 [INFO] - No command received or error in listening.
2025-06-04 07:13:54,624 [WARNING] - Audio input error (OSError): No Default Input Device Available - Likely no microphone in sandbox.
2025-06-04 07:13:54,624 [INFO] - No command received or error in listening.
2025-06-04 07:13:54,641 [WARNING] - Audio input error (OSError): No Default Input Device Available - Likely no microphone in sandbox.
2025-06-04 07:13:54,641 [INFO] - No command received or error in listening.
2025-06-04 07:13:54,658 [WARNING] - Audio input error (OSError): No Default Input Device Available - Likely no microphone in sandbox.
2025-06-04 07:13:54,658 [INFO] - No command received or error in listening.
2025-06-04 07:13:54,675 [WARNING] - Audio input error (OSError): No Default Input Device Available - Likely no microphone in sandbox.
2025-06-04 07:13:54,675 [INFO] - No command received or error in listening.
2025-06-04 07:13:54,692 [WARNING] - Audio input error (OSError): No Default Input Device Available - Likely no microphone in sandbox.
2025-06-04 07:13:54,692 [INFO] - No command received or error in listening.
2025-06-04 07:13:54,709 [WARNING] - Audio input error (OSError): No Default Input Device Available - Likely no microphone in sandbox.
2025-06-04 07:13:54,709 [INFO] - No command received or error in listening.
2025-06-04 07:13:54,726 [WARNING] - Audio input error (OSError): No Default Input Device Available - Likely no microphone in sandbox.
2025-06-04 07:13:54,727 [INFO] - No command received or error in listening.
2025-06-04 07:13:54,744 [WARNING] - Audio input error (OSError): No Default Input Device Available - Likely no microphone in sandbox.
2025-06-04 07:13:54,744 [INFO] - No command received or error in listening.
2025-06-04 07:13:54,761 [WARNING] - Audio input error (OSError): No Default Input Device Available - Likely no microphone in sandbox.
2025-06-04 07:13:54,761 [INFO] - No command received or error in listening.
2025-06-04 07:13:54,779 [WARNING] - Audio input error (OSError): No Default Input Device Available - Likely no microphone in sandbox.
2025-06-04 07:13:54,779 [INFO] - No command received or error in listening.
2025-06-04 07:13:54,796 [WARNING] - Audio input error (OSError): No Default Input Device Available - Likely no microphone in sandbox.
2025-06-04 07:13:54,796 [INFO] - No command received or error in listening.
2025-06-04 07:13:54,813 [WARNING] - Audio input error (OSError): No Default Input Device Available - Likely no microphone in sandbox.
2025-06-04 07:13:54,813 [INFO] - No command received or error in listening.
2025-06-04 07:13:54,831 [WARNING] - Audio input error (OSError): No Default Input Device Available - Likely no microphone in sandbox.
2025-06-04 07:13:54,831 [INFO] - No command received or error in listening.
2025-06-04 07:13:54,848 [WARNING] - Audio input error (OSError): No Default Input Device Available - Likely no microphone in sandbox.
2025-06-04 07:13:54,848 [INFO] - No command received or error in listening.
2025-06-04 07:13:54,865 [WARNING] - Audio input error (OSError): No Default Input Device Available - Likely no microphone in sandbox.
2025-06-04 07:13:54,865 [INFO] - No command received or error in listening.
2025-06-04 07:13:54,882 [WARNING] - Audio input error (OSError): No Default Input Device Available - Likely no microphone in sandbox.
2025-06-04 07:13:54,882 [INFO] - No command received or error in listening.
2025-06-04 07:13:54,900 [WARNING] - Audio input error (OSError): No Default Input Device Available - Likely no microphone in sandbox.
2025-06-04 07:13:54,900 [INFO] - No command received or error in listening.
2025-06-04 07:13:54,917 [WARNING] - Audio input error (OSError): No Default Input Device Available - Likely no microphone in sandbox.
2025-06-04 07:13:54,917 [INFO] - No command received or error in listening.
2025-06-04 07:13:54,934 [WARNING] - Audio input error (OSError): No Default Input Device Available - Likely no microphone in sandbox.
2025-06-04 07:13:54,934 [INFO] - No command received or error in listening.
2025-06-04 07:13:54,951 [WARNING] - Audio input error (OSError): No Default Input Device Available - Likely no microphone in sandbox.
2025-06-04 07:13:54,951 [INFO] - No command received or error in listening.
2025-06-04 07:13:54,968 [WARNING] - Audio input error (OSError): No Default Input Device Available - Likely no microphone in sandbox.
2025-06-04 07:13:54,968 [INFO] - No command received or error in listening.
2025-06-04 07:13:54,985 [WARNING] - Audio input error (OSError): No Default Input Device Available - Likely no microphone in sandbox.
2025-06-04 07:13:54,985 [INFO] - No command received or error in listening.
2025-06-04 07:13:55,002 [WARNING] - Audio input error (OSError): No Default Input Device Available - Likely no microphone in sandbox.
2025-06-04 07:13:55,002 [INFO] - No command received or error in listening.
2025-06-04 07:13:55,019 [WARNING] - Audio input error (OSError): No Default Input Device Available - Likely no microphone in sandbox.
2025-06-04 07:13:55,020 [INFO] - No command received or error in listening.
2025-06-04 07:13:55,037 [WARNING] - Audio input error (OSError): No Default Input Device Available - Likely no microphone in sandbox.
2025-06-04 07:13:55,037 [INFO] - No command received or error in listening.
2025-06-04 07:13:55,054 [WARNING] - Audio input error (OSError): No Default Input Device Available - Likely no microphone in sandbox.
2025-06-04 07:13:55,054 [INFO] - No command received or error in listening.
2025-06-04 07:13:55,071 [WARNING] - Audio input error (OSError): No Default Input Device Available - Likely no microphone in sandbox.
2025-06-04 07:13:55,072 [INFO] - No command received or error in listening.
2025-06-04 07:13:55,089 [WARNING] - Audio input error (OSError): No Default Input Device Available - Likely no microphone in sandbox.
2025-06-04 07:13:55,089 [INFO] - No command received or error in listening.
2025-06-04 07:13:55,106 [WARNING] - Audio input error (OSError): No Default Input Device Available - Likely no microphone in sandbox.
2025-06-04 07:13:55,106 [INFO] - No command received or error in listening.
2025-06-04 07:13:55,123 [WARNING] - Audio input error (OSError): No Default Input Device Available - Likely no microphone in sandbox.
2025-06-04 07:13:55,123 [INFO] - No command received or error in listening.
2025-06-04 07:13:55,141 [WARNING] - Audio input error (OSError): No Default Input Device Available - Likely no microphone in sandbox.
2025-06-04 07:13:55,141 [INFO] - No command received or error in listening.
2025-06-04 07:13:55,158 [WARNING] - Audio input error (OSError): No Default Input Device Available - Likely no microphone in sandbox.
2025-06-04 07:13:55,158 [INFO] - No command received or error in listening.
2025-06-04 07:13:55,175 [WARNING] - Audio input error (OSError): No Default Input Device Available - Likely no microphone in sandbox.
2025-06-04 07:13:55,175 [INFO] - No command received or error in listening.
2025-06-04 07:13:55,192 [WARNING] - Audio input error (OSError): No Default Input Device Available - Likely no microphone in sandbox.
2025-06-04 07:13:55,192 [INFO] - No command received or error in listening.
2025-06-04 07:13:55,209 [WARNING] - Audio input error (OSError): No Default Input Device Available - Likely no microphone in sandbox.
2025-06-04 07:13:55,210 [INFO] - No command received or error in listening.
2025-06-04 07:13:55,227 [WARNING] - Audio input error (OSError): No Default Input Device Available - Likely no microphone in sandbox.
2025-06-04 07:13:55,227 [INFO] - No command received or error in listening.
2025-06-04 07:13:55,244 [WARNING] - Audio input error (OSError): No Default Input Device Available - Likely no microphone in sandbox.
2025-06-04 07:13:55,244 [INFO] - No command received or error in listening.
2025-06-04 07:13:55,261 [WARNING] - Audio input error (OSError): No Default Input Device Available - Likely no microphone in sandbox.
2025-06-04 07:13:55,261 [INFO] - No command received or error in listening.
2025-06-04 07:13:55,279 [WARNING] - Audio input error (OSError): No Default Input Device Available - Likely no microphone in sandbox.
2025-06-04 07:13:55,279 [INFO] - No command received or error in listening.
2025-06-04 07:13:55,296 [WARNING] - Audio input error (OSError): No Default Input Device Available - Likely no microphone in sandbox.
2025-06-04 07:13:55,296 [INFO] - No command received or error in listening.
2025-06-04 07:13:55,313 [WARNING] - Audio input error (OSError): No Default Input Device Available - Likely no microphone in sandbox.
2025-06-04 07:13:55,313 [INFO] - No command received or error in listening.
2025-06-04 07:13:55,331 [WARNING] - Audio input error (OSError): No Default Input Device Available - Likely no microphone in sandbox.
2025-06-04 07:13:55,331 [INFO] - No command received or error in listening.
2025-06-04 07:13:55,348 [WARNING] - Audio input error (OSError): No Default Input Device Available - Likely no microphone in sandbox.
2025-06-04 07:13:55,348 [INFO] - No command received or error in listening.
2025-06-04 07:13:55,365 [WARNING] - Audio input error (OSError): No Default Input Device Available - Likely no microphone in sandbox.
2025-06-04 07:13:55,365 [INFO] - No command received or error in listening.
2025-06-04 07:13:55,382 [WARNING] - Audio input error (OSError): No Default Input Device Available - Likely no microphone in sandbox.
2025-06-04 07:13:55,383 [INFO] - No command received or error in listening.
2025-06-04 07:13:55,400 [WARNING] - Audio input error (OSError): No Default Input Device Available - Likely no microphone in sandbox.
2025-06-04 07:13:55,400 [INFO] - No command received or error in listening.
2025-06-04 07:13:55,417 [WARNING] - Audio input error (OSError): No Default Input Device Available - Likely no microphone in sandbox.
2025-06-04 07:13:55,417 [INFO] - No command received or error in listening.
2025-06-04 07:13:55,434 [WARNING] - Audio input error (OSError): No Default Input Device Available - Likely no microphone in sandbox.
2025-06-04 07:13:55,435 [INFO] - No command received or error in listening.
2025-06-04 07:13:55,452 [WARNING] - Audio input error (OSError): No Default Input Device Available - Likely no microphone in sandbox.
2025-06-04 07:13:55,452 [INFO] - No command received or error in listening.
2025-06-04 07:13:55,469 [WARNING] - Audio input error (OSError): No Default Input Device Available - Likely no microphone in sandbox.
2025-06-04 07:13:55,470 [INFO] - No command received or error in listening.
2025-06-04 07:13:55,487 [WARNING] - Audio input error (OSError): No Default Input Device Available - Likely no microphone in sandbox.
2025-06-04 07:13:55,487 [INFO] - No command received or error in listening.
2025-06-04 07:13:55,504 [WARNING] - Audio input error (OSError): No Default Input Device Available - Likely no microphone in sandbox.
2025-06-04 07:13:55,504 [INFO] - No command received or error in listening.
2025-06-04 07:13:55,522 [WARNING] - Audio input error (OSError): No Default Input Device Available - Likely no microphone in sandbox.
2025-06-04 07:13:55,522 [INFO] - No command received or error in listening.
2025-06-04 07:13:55,539 [WARNING] - Audio input error (OSError): No Default Input Device Available - Likely no microphone in sandbox.
2025-06-04 07:13:55,539 [INFO] - No command received or error in listening.
2025-06-04 07:13:55,556 [WARNING] - Audio input error (OSError): No Default Input Device Available - Likely no microphone in sandbox.
2025-06-04 07:13:55,556 [INFO] - No command received or error in listening.
2025-06-04 07:13:55,573 [WARNING] - Audio input error (OSError): No Default Input Device Available - Likely no microphone in sandbox.
2025-06-04 07:13:55,573 [INFO] - No command received or error in listening.
2025-06-04 07:13:55,591 [WARNING] - Audio input error (OSError): No Default Input Device Available - Likely no microphone in sandbox.
2025-06-04 07:13:55,591 [INFO] - No command received or error in listening.
2025-06-04 07:13:55,608 [WARNING] - Audio input error (OSError): No Default Input Device Available - Likely no microphone in sandbox.
2025-06-04 07:13:55,608 [INFO] - No command received or error in listening.
2025-06-04 07:13:55,625 [WARNING] - Audio input error (OSError): No Default Input Device Available - Likely no microphone in sandbox.
2025-06-04 07:13:55,625 [INFO] - No command received or error in listening.
2025-06-04 07:13:55,642 [WARNING] - Audio input error (OSError): No Default Input Device Available - Likely no microphone in sandbox.
2025-06-04 07:13:55,642 [INFO] - No command received or error in listening.
2025-06-04 07:13:55,660 [WARNING] - Audio input error (OSError): No Default Input Device Available - Likely no microphone in sandbox.
2025-06-04 07:13:55,660 [INFO] - No command received or error in listening.
2025-06-04 07:13:55,677 [WARNING] - Audio input error (OSError): No Default Input Device Available - Likely no microphone in sandbox.
2025-06-04 07:13:55,677 [INFO] - No command received or error in listening.
2025-06-04 07:13:55,694 [WARNING] - Audio input error (OSError): No Default Input Device Available - Likely no microphone in sandbox.
2025-06-04 07:13:55,694 [INFO] - No command received or error in listening.
2025-06-04 07:13:55,712 [WARNING] - Audio input error (OSError): No Default Input Device Available - Likely no microphone in sandbox.
2025-06-04 07:13:55,712 [INFO] - No command received or error in listening.
2025-06-04 07:13:55,729 [WARNING] - Audio input error (OSError): No Default Input Device Available - Likely no microphone in sandbox.
2025-06-04 07:13:55,729 [INFO] - No command received or error in listening.
2025-06-04 07:13:55,746 [WARNING] - Audio input error (OSError): No Default Input Device Available - Likely no microphone in sandbox.
2025-06-04 07:13:55,746 [INFO] - No command received or error in listening.
2025-06-04 07:13:55,763 [WARNING] - Audio input error (OSError): No Default Input Device Available - Likely no microphone in sandbox.
2025-06-04 07:13:55,763 [INFO] - No command received or error in listening.
2025-06-04 07:13:55,780 [WARNING] - Audio input error (OSError): No Default Input Device Available - Likely no microphone in sandbox.
2025-06-04 07:13:55,781 [INFO] - No command received or error in listening.
2025-06-04 07:13:55,798 [WARNING] - Audio input error (OSError): No Default Input Device Available - Likely no microphone in sandbox.
2025-06-04 07:13:55,798 [INFO] - No command received or error in listening.
2025-06-04 07:13:55,814 [WARNING] - Audio input error (OSError): No Default Input Device Available - Likely no microphone in sandbox.
2025-06-04 07:13:55,815 [INFO] - No command received or error in listening.
2025-06-04 07:13:55,832 [WARNING] - Audio input error (OSError): No Default Input Device Available - Likely no microphone in sandbox.
2025-06-04 07:13:55,832 [INFO] - No command received or error in listening.
2025-06-04 07:13:55,848 [WARNING] - Audio input error (OSError): No Default Input Device Available - Likely no microphone in sandbox.
2025-06-04 07:13:55,848 [INFO] - No command received or error in listening.
2025-06-04 07:13:55,866 [WARNING] - Audio input error (OSError): No Default Input Device Available - Likely no microphone in sandbox.
2025-06-04 07:13:55,866 [INFO] - No command received or error in listening.
2025-06-04 07:13:55,883 [WARNING] - Audio input error (OSError): No Default Input Device Available - Likely no microphone in sandbox.
2025-06-04 07:13:55,883 [INFO] - No command received or error in listening.
2025-06-04 07:13:55,900 [WARNING] - Audio input error (OSError): No Default Input Device Available - Likely no microphone in sandbox.
2025-06-04 07:13:55,900 [INFO] - No command received or error in listening.
2025-06-04 07:13:55,917 [WARNING] - Audio input error (OSError): No Default Input Device Available - Likely no microphone in sandbox.
2025-06-04 07:13:55,917 [INFO] - No command received or error in listening.
2025-06-04 07:13:55,935 [WARNING] - Audio input error (OSError): No Default Input Device Available - Likely no microphone in sandbox.
2025-06-04 07:13:55,935 [INFO] - No command received or error in listening.
2025-06-04 07:13:55,952 [WARNING] - Audio input error (OSError): No Default Input Device Available - Likely no microphone in sandbox.
2025-06-04 07:13:55,952 [INFO] - No command received or error in listening.
2025-06-04 07:13:55,969 [WARNING] - Audio input error (OSError): No Default Input Device Available - Likely no microphone in sandbox.
2025-06-04 07:13:55,969 [INFO] - No command received or error in listening.
2025-06-04 07:13:55,987 [WARNING] - Audio input error (OSError): No Default Input Device Available - Likely no microphone in sandbox.
2025-06-04 07:13:55,987 [INFO] - No command received or error in listening.
2025-06-04 07:13:56,004 [WARNING] - Audio input error (OSError): No Default Input Device Available - Likely no microphone in sandbox.
2025-06-04 07:13:56,004 [INFO] - No command received or error in listening.
2025-06-04 07:13:56,021 [WARNING] - Audio input error (OSError): No Default Input Device Available - Likely no microphone in sandbox.
2025-06-04 07:13:56,021 [INFO] - No command received or error in listening.
2025-06-04 07:13:56,039 [WARNING] - Audio input error (OSError): No Default Input Device Available - Likely no microphone in sandbox.
2025-06-04 07:13:56,040 [INFO] - No command received or error in listening.
2025-06-04 07:13:56,057 [WARNING] - Audio input error (OSError): No Default Input Device Available - Likely no microphone in sandbox.
2025-06-04 07:13:56,057 [INFO] - No command received or error in listening.
2025-06-04 07:13:56,074 [WARNING] - Audio input error (OSError): No Default Input Device Available - Likely no microphone in sandbox.
2025-06-04 07:13:56,074 [INFO] - No command received or error in listening.
2025-06-04 07:13:56,091 [WARNING] - Audio input error (OSError): No Default Input Device Available - Likely no microphone in sandbox.
2025-06-04 07:13:56,091 [INFO] - No command received or error in listening.
2025-06-04 07:13:56,108 [WARNING] - Audio input error (OSError): No Default Input Device Available - Likely no microphone in sandbox.
2025-06-04 07:13:56,109 [INFO] - No command received or error in listening.
2025-06-04 07:13:56,126 [WARNING] - Audio input error (OSError): No Default Input Device Available - Likely no microphone in sandbox.
2025-06-04 07:13:56,126 [INFO] - No command received or error in listening.
2025-06-04 07:13:56,143 [WARNING] - Audio input error (OSError): No Default Input Device Available - Likely no microphone in sandbox.
2025-06-04 07:13:56,143 [INFO] - No command received or error in listening.
2025-06-04 07:13:56,160 [WARNING] - Audio input error (OSError): No Default Input Device Available - Likely no microphone in sandbox.
2025-06-04 07:13:56,160 [INFO] - No command received or error in listening.
2025-06-04 07:13:56,177 [WARNING] - Audio input error (OSError): No Default Input Device Available - Likely no microphone in sandbox.
2025-06-04 07:13:56,178 [INFO] - No command received or error in listening.
2025-06-04 07:13:56,194 [WARNING] - Audio input error (OSError): No Default Input Device Available - Likely no microphone in sandbox.
2025-06-04 07:13:56,195 [INFO] - No command received or error in listening.
2025-06-04 07:13:56,212 [WARNING] - Audio input error (OSError): No Default Input Device Available - Likely no microphone in sandbox.
2025-06-04 07:13:56,212 [INFO] - No command received or error in listening.
2025-06-04 07:13:56,229 [WARNING] - Audio input error (OSError): No Default Input Device Available - Likely no microphone in sandbox.
2025-06-04 07:13:56,229 [INFO] - No command received or error in listening.
2025-06-04 07:13:56,247 [WARNING] - Audio input error (OSError): No Default Input Device Available - Likely no microphone in sandbox.
2025-06-04 07:13:56,247 [INFO] - No command received or error in listening.
2025-06-04 07:13:56,264 [WARNING] - Audio input error (OSError): No Default Input Device Available - Likely no microphone in sandbox.
2025-06-04 07:13:56,264 [INFO] - No command received or error in listening.
2025-06-04 07:13:56,281 [WARNING] - Audio input error (OSError): No Default Input Device Available - Likely no microphone in sandbox.
2025-06-04 07:13:56,281 [INFO] - No command received or error in listening.
2025-06-04 07:13:56,299 [WARNING] - Audio input error (OSError): No Default Input Device Available - Likely no microphone in sandbox.
2025-06-04 07:13:56,299 [INFO] - No command received or error in listening.
2025-06-04 07:13:56,316 [WARNING] - Audio input error (OSError): No Default Input Device Available - Likely no microphone in sandbox.
2025-06-04 07:13:56,316 [INFO] - No command received or error in listening.
2025-06-04 07:13:56,333 [WARNING] - Audio input error (OSError): No Default Input Device Available - Likely no microphone in sandbox.
2025-06-04 07:13:56,333 [INFO] - No command received or error in listening.
2025-06-04 07:13:56,351 [WARNING] - Audio input error (OSError): No Default Input Device Available - Likely no microphone in sandbox.
2025-06-04 07:13:56,351 [INFO] - No command received or error in listening.
2025-06-04 07:13:56,368 [WARNING] - Audio input error (OSError): No Default Input Device Available - Likely no microphone in sandbox.
2025-06-04 07:13:56,368 [INFO] - No command received or error in listening.
2025-06-04 07:13:56,385 [WARNING] - Audio input error (OSError): No Default Input Device Available - Likely no microphone in sandbox.
2025-06-04 07:13:56,385 [INFO] - No command received or error in listening.
2025-06-04 07:13:56,402 [WARNING] - Audio input error (OSError): No Default Input Device Available - Likely no microphone in sandbox.
2025-06-04 07:13:56,402 [INFO] - No command received or error in listening.
2025-06-04 07:13:56,420 [WARNING] - Audio input error (OSError): No Default Input Device Available - Likely no microphone in sandbox.
2025-06-04 07:13:56,420 [INFO] - No command received or error in listening.
2025-06-04 07:13:56,437 [WARNING] - Audio input error (OSError): No Default Input Device Available - Likely no microphone in sandbox.
2025-06-04 07:13:56,437 [INFO] - No command received or error in listening.
2025-06-04 07:13:56,454 [WARNING] - Audio input error (OSError): No Default Input Device Available - Likely no microphone in sandbox.
2025-06-04 07:13:56,454 [INFO] - No command received or error in listening.
2025-06-04 07:13:56,471 [WARNING] - Audio input error (OSError): No Default Input Device Available - Likely no microphone in sandbox.
2025-06-04 07:13:56,471 [INFO] - No command received or error in listening.
2025-06-04 07:13:56,488 [WARNING] - Audio input error (OSError): No Default Input Device Available - Likely no microphone in sandbox.
2025-06-04 07:13:56,488 [INFO] - No command received or error in listening.
2025-06-04 07:13:56,505 [WARNING] - Audio input error (OSError): No Default Input Device Available - Likely no microphone in sandbox.
2025-06-04 07:13:56,506 [INFO] - No command received or error in listening.
2025-06-04 07:13:56,522 [WARNING] - Audio input error (OSError): No Default Input Device Available - Likely no microphone in sandbox.
2025-06-04 07:13:56,522 [INFO] - No command received or error in listening.
2025-06-04 07:13:56,540 [WARNING] - Audio input error (OSError): No Default Input Device Available - Likely no microphone in sandbox.
2025-06-04 07:13:56,540 [INFO] - No command received or error in listening.
2025-06-04 07:13:56,557 [WARNING] - Audio input error (OSError): No Default Input Device Available - Likely no microphone in sandbox.
2025-06-04 07:13:56,557 [INFO] - No command received or error in listening.
2025-06-04 07:13:56,575 [WARNING] - Audio input error (OSError): No Default Input Device Available - Likely no microphone in sandbox.
2025-06-04 07:13:56,575 [INFO] - No command received or error in listening.
2025-06-04 07:13:56,593 [WARNING] - Audio input error (OSError): No Default Input Device Available - Likely no microphone in sandbox.
2025-06-04 07:13:56,593 [INFO] - No command received or error in listening.
2025-06-04 07:13:56,611 [WARNING] - Audio input error (OSError): No Default Input Device Available - Likely no microphone in sandbox.
2025-06-04 07:13:56,611 [INFO] - No command received or error in listening.
2025-06-04 07:13:56,630 [WARNING] - Audio input error (OSError): No Default Input Device Available - Likely no microphone in sandbox.
2025-06-04 07:13:56,630 [INFO] - No command received or error in listening.
2025-06-04 07:13:56,647 [WARNING] - Audio input error (OSError): No Default Input Device Available - Likely no microphone in sandbox.
2025-06-04 07:13:56,647 [INFO] - No command received or error in listening.
2025-06-04 07:13:56,664 [WARNING] - Audio input error (OSError): No Default Input Device Available - Likely no microphone in sandbox.
2025-06-04 07:13:56,664 [INFO] - No command received or error in listening.
2025-06-04 07:13:56,681 [WARNING] - Audio input error (OSError): No Default Input Device Available - Likely no microphone in sandbox.
2025-06-04 07:13:56,682 [INFO] - No command received or error in listening.
2025-06-04 07:13:56,699 [WARNING] - Audio input error (OSError): No Default Input Device Available - Likely no microphone in sandbox.
2025-06-04 07:13:56,699 [INFO] - No command received or error in listening.
2025-06-04 07:13:56,716 [WARNING] - Audio input error (OSError): No Default Input Device Available - Likely no microphone in sandbox.
2025-06-04 07:13:56,716 [INFO] - No command received or error in listening.
2025-06-04 07:13:56,733 [WARNING] - Audio input error (OSError): No Default Input Device Available - Likely no microphone in sandbox.
2025-06-04 07:13:56,733 [INFO] - No command received or error in listening.
2025-06-04 07:13:56,751 [WARNING] - Audio input error (OSError): No Default Input Device Available - Likely no microphone in sandbox.
2025-06-04 07:13:56,751 [INFO] - No command received or error in listening.
2025-06-04 07:13:56,770 [WARNING] - Audio input error (OSError): No Default Input Device Available - Likely no microphone in sandbox.
2025-06-04 07:13:56,770 [INFO] - No command received or error in listening.
2025-06-04 07:13:56,789 [WARNING] - Audio input error (OSError): No Default Input Device Available - Likely no microphone in sandbox.
2025-06-04 07:13:56,789 [INFO] - No command received or error in listening.
2025-06-04 07:13:56,806 [WARNING] - Audio input error (OSError): No Default Input Device Available - Likely no microphone in sandbox.
2025-06-04 07:13:56,807 [INFO] - No command received or error in listening.
2025-06-04 07:13:56,824 [WARNING] - Audio input error (OSError): No Default Input Device Available - Likely no microphone in sandbox.
2025-06-04 07:13:56,824 [INFO] - No command received or error in listening.
2025-06-04 07:13:56,841 [WARNING] - Audio input error (OSError): No Default Input Device Available - Likely no microphone in sandbox.
2025-06-04 07:13:56,842 [INFO] - No command received or error in listening.
2025-06-04 07:13:56,859 [WARNING] - Audio input error (OSError): No Default Input Device Available - Likely no microphone in sandbox.
2025-06-04 07:13:56,859 [INFO] - No command received or error in listening.
2025-06-04 07:13:56,877 [WARNING] - Audio input error (OSError): No Default Input Device Available - Likely no microphone in sandbox.
2025-06-04 07:13:56,877 [INFO] - No command received or error in listening.
2025-06-04 07:13:56,894 [WARNING] - Audio input error (OSError): No Default Input Device Available - Likely no microphone in sandbox.
2025-06-04 07:13:56,895 [INFO] - No command received or error in listening.
2025-06-04 07:13:56,912 [WARNING] - Audio input error (OSError): No Default Input Device Available - Likely no microphone in sandbox.
2025-06-04 07:13:56,912 [INFO] - No command received or error in listening.
2025-06-04 07:13:56,931 [WARNING] - Audio input error (OSError): No Default Input Device Available - Likely no microphone in sandbox.
2025-06-04 07:13:56,931 [INFO] - No command received or error in listening.
2025-06-04 07:13:56,948 [WARNING] - Audio input error (OSError): No Default Input Device Available - Likely no microphone in sandbox.
2025-06-04 07:13:56,949 [INFO] - No command received or error in listening.
2025-06-04 07:13:56,966 [WARNING] - Audio input error (OSError): No Default Input Device Available - Likely no microphone in sandbox.
2025-06-04 07:13:56,966 [INFO] - No command received or error in listening.
2025-06-04 07:13:56,983 [WARNING] - Audio input error (OSError): No Default Input Device Available - Likely no microphone in sandbox.
2025-06-04 07:13:56,984 [INFO] - No command received or error in listening.
2025-06-04 07:13:57,001 [WARNING] - Audio input error (OSError): No Default Input Device Available - Likely no microphone in sandbox.
2025-06-04 07:13:57,001 [INFO] - No command received or error in listening.
2025-06-04 07:13:57,018 [WARNING] - Audio input error (OSError): No Default Input Device Available - Likely no microphone in sandbox.
2025-06-04 07:13:57,019 [INFO] - No command received or error in listening.
2025-06-04 07:13:57,036 [WARNING] - Audio input error (OSError): No Default Input Device Available - Likely no microphone in sandbox.
2025-06-04 07:13:57,036 [INFO] - No command received or error in listening.
2025-06-04 07:13:57,053 [WARNING] - Audio input error (OSError): No Default Input Device Available - Likely no microphone in sandbox.
2025-06-04 07:13:57,054 [INFO] - No command received or error in listening.
2025-06-04 07:13:57,071 [WARNING] - Audio input error (OSError): No Default Input Device Available - Likely no microphone in sandbox.
2025-06-04 07:13:57,071 [INFO] - No command received or error in listening.
2025-06-04 07:13:57,088 [WARNING] - Audio input error (OSError): No Default Input Device Available - Likely no microphone in sandbox.
2025-06-04 07:13:57,088 [INFO] - No command received or error in listening.
2025-06-04 07:13:57,108 [WARNING] - Audio input error (OSError): No Default Input Device Available - Likely no microphone in sandbox.
2025-06-04 07:13:57,108 [INFO] - No command received or error in listening.
2025-06-04 07:13:57,125 [WARNING] - Audio input error (OSError): No Default Input Device Available - Likely no microphone in sandbox.
2025-06-04 07:13:57,125 [INFO] - No command received or error in listening.
2025-06-04 07:13:57,143 [WARNING] - Audio input error (OSError): No Default Input Device Available - Likely no microphone in sandbox.
2025-06-04 07:13:57,143 [INFO] - No command received or error in listening.
2025-06-04 07:13:57,160 [WARNING] - Audio input error (OSError): No Default Input Device Available - Likely no microphone in sandbox.
2025-06-04 07:13:57,160 [INFO] - No command received or error in listening.
2025-06-04 07:13:57,177 [WARNING] - Audio input error (OSError): No Default Input Device Available - Likely no microphone in sandbox.
2025-06-04 07:13:57,178 [INFO] - No command received or error in listening.
2025-06-04 07:13:57,195 [WARNING] - Audio input error (OSError): No Default Input Device Available - Likely no microphone in sandbox.
2025-06-04 07:13:57,195 [INFO] - No command received or error in listening.
2025-06-04 07:13:57,212 [WARNING] - Audio input error (OSError): No Default Input Device Available - Likely no microphone in sandbox.
2025-06-04 07:13:57,212 [INFO] - No command received or error in listening.
2025-06-04 07:13:57,230 [WARNING] - Audio input error (OSError): No Default Input Device Available - Likely no microphone in sandbox.
2025-06-04 07:13:57,230 [INFO] - No command received or error in listening.
2025-06-04 07:13:57,247 [WARNING] - Audio input error (OSError): No Default Input Device Available - Likely no microphone in sandbox.
2025-06-04 07:13:57,247 [INFO] - No command received or error in listening.
2025-06-04 07:13:57,264 [WARNING] - Audio input error (OSError): No Default Input Device Available - Likely no microphone in sandbox.
2025-06-04 07:13:57,264 [INFO] - No command received or error in listening.
2025-06-04 07:13:57,282 [WARNING] - Audio input error (OSError): No Default Input Device Available - Likely no microphone in sandbox.
2025-06-04 07:13:57,282 [INFO] - No command received or error in listening.
2025-06-04 07:13:57,299 [WARNING] - Audio input error (OSError): No Default Input Device Available - Likely no microphone in sandbox.
2025-06-04 07:13:57,299 [INFO] - No command received or error in listening.
2025-06-04 07:13:57,316 [WARNING] - Audio input error (OSError): No Default Input Device Available - Likely no microphone in sandbox.
2025-06-04 07:13:57,316 [INFO] - No command received or error in listening.
2025-06-04 07:13:57,333 [WARNING] - Audio input error (OSError): No Default Input Device Available - Likely no microphone in sandbox.
2025-06-04 07:13:57,334 [INFO] - No command received or error in listening.
2025-06-04 07:13:57,351 [WARNING] - Audio input error (OSError): No Default Input Device Available - Likely no microphone in sandbox.
2025-06-04 07:13:57,351 [INFO] - No command received or error in listening.
2025-06-04 07:13:57,368 [WARNING] - Audio input error (OSError): No Default Input Device Available - Likely no microphone in sandbox.
2025-06-04 07:13:57,369 [INFO] - No command received or error in listening.
2025-06-04 07:13:57,386 [WARNING] - Audio input error (OSError): No Default Input Device Available - Likely no microphone in sandbox.
2025-06-04 07:13:57,386 [INFO] - No command received or error in listening.
2025-06-04 07:13:57,403 [WARNING] - Audio input error (OSError): No Default Input Device Available - Likely no microphone in sandbox.
2025-06-04 07:13:57,403 [INFO] - No command received or error in listening.
2025-06-04 07:13:57,421 [WARNING] - Audio input error (OSError): No Default Input Device Available - Likely no microphone in sandbox.
2025-06-04 07:13:57,421 [INFO] - No command received or error in listening.
2025-06-04 07:13:57,438 [WARNING] - Audio input error (OSError): No Default Input Device Available - Likely no microphone in sandbox.
2025-06-04 07:13:57,438 [INFO] - No command received or error in listening.
2025-06-04 07:13:57,456 [WARNING] - Audio input error (OSError): No Default Input Device Available - Likely no microphone in sandbox.
2025-06-04 07:13:57,456 [INFO] - No command received or error in listening.
2025-06-04 07:13:57,473 [WARNING] - Audio input error (OSError): No Default Input Device Available - Likely no microphone in sandbox.
2025-06-04 07:13:57,473 [INFO] - No command received or error in listening.
2025-06-04 07:13:57,491 [WARNING] - Audio input error (OSError): No Default Input Device Available - Likely no microphone in sandbox.
2025-06-04 07:13:57,491 [INFO] - No command received or error in listening.
2025-06-04 07:13:57,508 [WARNING] - Audio input error (OSError): No Default Input Device Available - Likely no microphone in sandbox.
2025-06-04 07:13:57,508 [INFO] - No command received or error in listening.
2025-06-04 07:13:57,526 [WARNING] - Audio input error (OSError): No Default Input Device Available - Likely no microphone in sandbox.
2025-06-04 07:13:57,526 [INFO] - No command received or error in listening.
2025-06-04 07:13:57,543 [WARNING] - Audio input error (OSError): No Default Input Device Available - Likely no microphone in sandbox.
2025-06-04 07:13:57,543 [INFO] - No command received or error in listening.
2025-06-04 07:13:57,560 [WARNING] - Audio input error (OSError): No Default Input Device Available - Likely no microphone in sandbox.
2025-06-04 07:13:57,560 [INFO] - No command received or error in listening.
2025-06-04 07:13:57,578 [WARNING] - Audio input error (OSError): No Default Input Device Available - Likely no microphone in sandbox.
2025-06-04 07:13:57,578 [INFO] - No command received or error in listening.
2025-06-04 07:13:57,596 [WARNING] - Audio input error (OSError): No Default Input Device Available - Likely no microphone in sandbox.
2025-06-04 07:13:57,596 [INFO] - No command received or error in listening.
2025-06-04 07:13:57,613 [WARNING] - Audio input error (OSError): No Default Input Device Available - Likely no microphone in sandbox.
2025-06-04 07:13:57,613 [INFO] - No command received or error in listening.
2025-06-04 07:13:57,631 [WARNING] - Audio input error (OSError): No Default Input Device Available - Likely no microphone in sandbox.
2025-06-04 07:13:57,631 [INFO] - No command received or error in listening.
2025-06-04 07:13:57,648 [WARNING] - Audio input error (OSError): No Default Input Device Available - Likely no microphone in sandbox.
2025-06-04 07:13:57,648 [INFO] - No command received or error in listening.
2025-06-04 07:13:57,666 [WARNING] - Audio input error (OSError): No Default Input Device Available - Likely no microphone in sandbox.
2025-06-04 07:13:57,666 [INFO] - No command received or error in listening.
2025-06-04 07:13:57,684 [WARNING] - Audio input error (OSError): No Default Input Device Available - Likely no microphone in sandbox.
2025-06-04 07:13:57,684 [INFO] - No command received or error in listening.
2025-06-04 07:13:57,702 [WARNING] - Audio input error (OSError): No Default Input Device Available - Likely no microphone in sandbox.
2025-06-04 07:13:57,702 [INFO] - No command received or error in listening.
2025-06-04 07:13:57,719 [WARNING] - Audio input error (OSError): No Default Input Device Available - Likely no microphone in sandbox.
2025-06-04 07:13:57,720 [INFO] - No command received or error in listening.
2025-06-04 07:13:57,737 [WARNING] - Audio input error (OSError): No Default Input Device Available - Likely no microphone in sandbox.
2025-06-04 07:13:57,737 [INFO] - No command received or error in listening.
2025-06-04 07:13:57,755 [WARNING] - Audio input error (OSError): No Default Input Device Available - Likely no microphone in sandbox.
2025-06-04 07:13:57,755 [INFO] - No command received or error in listening.
2025-06-04 07:13:57,773 [WARNING] - Audio input error (OSError): No Default Input Device Available - Likely no microphone in sandbox.
2025-06-04 07:13:57,773 [INFO] - No command received or error in listening.
2025-06-04 07:13:57,790 [WARNING] - Audio input error (OSError): No Default Input Device Available - Likely no microphone in sandbox.
2025-06-04 07:13:57,790 [INFO] - No command received or error in listening.
2025-06-04 07:13:57,808 [WARNING] - Audio input error (OSError): No Default Input Device Available - Likely no microphone in sandbox.
2025-06-04 07:13:57,808 [INFO] - No command received or error in listening.
2025-06-04 07:13:57,826 [WARNING] - Audio input error (OSError): No Default Input Device Available - Likely no microphone in sandbox.
2025-06-04 07:13:57,826 [INFO] - No command received or error in listening.
2025-06-04 07:13:57,844 [WARNING] - Audio input error (OSError): No Default Input Device Available - Likely no microphone in sandbox.
2025-06-04 07:13:57,844 [INFO] - No command received or error in listening.
2025-06-04 07:13:57,861 [WARNING] - Audio input error (OSError): No Default Input Device Available - Likely no microphone in sandbox.
2025-06-04 07:13:57,862 [INFO] - No command received or error in listening.
2025-06-04 07:13:57,879 [WARNING] - Audio input error (OSError): No Default Input Device Available - Likely no microphone in sandbox.
2025-06-04 07:13:57,880 [INFO] - No command received or error in listening.
2025-06-04 07:13:57,897 [WARNING] - Audio input error (OSError): No Default Input Device Available - Likely no microphone in sandbox.
2025-06-04 07:13:57,898 [INFO] - No command received or error in listening.
2025-06-04 07:13:57,915 [WARNING] - Audio input error (OSError): No Default Input Device Available - Likely no microphone in sandbox.
2025-06-04 07:13:57,915 [INFO] - No command received or error in listening.
2025-06-04 07:13:57,933 [WARNING] - Audio input error (OSError): No Default Input Device Available - Likely no microphone in sandbox.
2025-06-04 07:13:57,933 [INFO] - No command received or error in listening.
2025-06-04 07:13:57,950 [WARNING] - Audio input error (OSError): No Default Input Device Available - Likely no microphone in sandbox.
2025-06-04 07:13:57,950 [INFO] - No command received or error in listening.
2025-06-04 07:13:57,968 [WARNING] - Audio input error (OSError): No Default Input Device Available - Likely no microphone in sandbox.
2025-06-04 07:13:57,968 [INFO] - No command received or error in listening.
2025-06-04 07:13:57,986 [WARNING] - Audio input error (OSError): No Default Input Device Available - Likely no microphone in sandbox.
2025-06-04 07:13:57,986 [INFO] - No command received or error in listening.
2025-06-04 07:13:58,004 [WARNING] - Audio input error (OSError): No Default Input Device Available - Likely no microphone in sandbox.
2025-06-04 07:13:58,004 [INFO] - No command received or error in listening.
2025-06-04 07:13:58,021 [WARNING] - Audio input error (OSError): No Default Input Device Available - Likely no microphone in sandbox.
2025-06-04 07:13:58,022 [INFO] - No command received or error in listening.
2025-06-04 07:13:58,039 [WARNING] - Audio input error (OSError): No Default Input Device Available - Likely no microphone in sandbox.
2025-06-04 07:13:58,039 [INFO] - No command received or error in listening.
2025-06-04 07:13:58,056 [WARNING] - Audio input error (OSError): No Default Input Device Available - Likely no microphone in sandbox.
2025-06-04 07:13:58,057 [INFO] - No command received or error in listening.
2025-06-04 07:13:58,074 [WARNING] - Audio input error (OSError): No Default Input Device Available - Likely no microphone in sandbox.
2025-06-04 07:13:58,074 [INFO] - No command received or error in listening.
2025-06-04 07:13:58,091 [WARNING] - Audio input error (OSError): No Default Input Device Available - Likely no microphone in sandbox.
2025-06-04 07:13:58,091 [INFO] - No command received or error in listening.
2025-06-04 07:13:58,109 [WARNING] - Audio input error (OSError): No Default Input Device Available - Likely no microphone in sandbox.
2025-06-04 07:13:58,109 [INFO] - No command received or error in listening.
2025-06-04 07:13:58,127 [WARNING] - Audio input error (OSError): No Default Input Device Available - Likely no microphone in sandbox.
2025-06-04 07:13:58,127 [INFO] - No command received or error in listening.
2025-06-04 07:13:58,145 [WARNING] - Audio input error (OSError): No Default Input Device Available - Likely no microphone in sandbox.
2025-06-04 07:13:58,145 [INFO] - No command received or error in listening.
2025-06-04 07:13:58,162 [WARNING] - Audio input error (OSError): No Default Input Device Available - Likely no microphone in sandbox.
2025-06-04 07:13:58,162 [INFO] - No command received or error in listening.
2025-06-04 07:13:58,180 [WARNING] - Audio input error (OSError): No Default Input Device Available - Likely no microphone in sandbox.
2025-06-04 07:13:58,180 [INFO] - No command received or error in listening.
2025-06-04 07:13:58,197 [WARNING] - Audio input error (OSError): No Default Input Device Available - Likely no microphone in sandbox.
2025-06-04 07:13:58,198 [INFO] - No command received or error in listening.
2025-06-04 07:13:58,215 [WARNING] - Audio input error (OSError): No Default Input Device Available - Likely no microphone in sandbox.
2025-06-04 07:13:58,215 [INFO] - No command received or error in listening.
2025-06-04 07:13:58,232 [WARNING] - Audio input error (OSError): No Default Input Device Available - Likely no microphone in sandbox.
2025-06-04 07:13:58,232 [INFO] - No command received or error in listening.
2025-06-04 07:13:58,250 [WARNING] - Audio input error (OSError): No Default Input Device Available - Likely no microphone in sandbox.
2025-06-04 07:13:58,250 [INFO] - No command received or error in listening.
2025-06-04 07:13:58,268 [WARNING] - Audio input error (OSError): No Default Input Device Available - Likely no microphone in sandbox.
2025-06-04 07:13:58,268 [INFO] - No command received or error in listening.
2025-06-04 07:13:58,285 [WARNING] - Audio input error (OSError): No Default Input Device Available - Likely no microphone in sandbox.
2025-06-04 07:13:58,285 [INFO] - No command received or error in listening.
2025-06-04 07:13:58,303 [WARNING] - Audio input error (OSError): No Default Input Device Available - Likely no microphone in sandbox.
2025-06-04 07:13:58,303 [INFO] - No command received or error in listening.
2025-06-04 07:13:58,320 [WARNING] - Audio input error (OSError): No Default Input Device Available - Likely no microphone in sandbox.
2025-06-04 07:13:58,320 [INFO] - No command received or error in listening.
2025-06-04 07:13:58,337 [WARNING] - Audio input error (OSError): No Default Input Device Available - Likely no microphone in sandbox.
2025-06-04 07:13:58,338 [INFO] - No command received or error in listening.
2025-06-04 07:13:58,355 [WARNING] - Audio input error (OSError): No Default Input Device Available - Likely no microphone in sandbox.
2025-06-04 07:13:58,355 [INFO] - No command received or error in listening.
2025-06-04 07:13:58,372 [WARNING] - Audio input error (OSError): No Default Input Device Available - Likely no microphone in sandbox.
2025-06-04 07:13:58,373 [INFO] - No command received or error in listening.
2025-06-04 07:13:58,390 [WARNING] - Audio input error (OSError): No Default Input Device Available - Likely no microphone in sandbox.
2025-06-04 07:13:58,390 [INFO] - No command received or error in listening.
2025-06-04 07:13:58,408 [WARNING] - Audio input error (OSError): No Default Input Device Available - Likely no microphone in sandbox.
2025-06-04 07:13:58,408 [INFO] - No command received or error in listening.
2025-06-04 07:13:58,428 [WARNING] - Audio input error (OSError): No Default Input Device Available - Likely no microphone in sandbox.
2025-06-04 07:13:58,428 [INFO] - No command received or error in listening.
2025-06-04 07:13:58,446 [WARNING] - Audio input error (OSError): No Default Input Device Available - Likely no microphone in sandbox.
2025-06-04 07:13:58,446 [INFO] - No command received or error in listening.
2025-06-04 07:13:58,464 [WARNING] - Audio input error (OSError): No Default Input Device Available - Likely no microphone in sandbox.
2025-06-04 07:13:58,464 [INFO] - No command received or error in listening.
2025-06-04 07:13:58,483 [WARNING] - Audio input error (OSError): No Default Input Device Available - Likely no microphone in sandbox.
2025-06-04 07:13:58,483 [INFO] - No command received or error in listening.
2025-06-04 07:13:58,501 [WARNING] - Audio input error (OSError): No Default Input Device Available - Likely no microphone in sandbox.
2025-06-04 07:13:58,501 [INFO] - No command received or error in listening.
2025-06-04 07:13:58,518 [WARNING] - Audio input error (OSError): No Default Input Device Available - Likely no microphone in sandbox.
2025-06-04 07:13:58,519 [INFO] - No command received or error in listening.
2025-06-04 07:13:58,536 [WARNING] - Audio input error (OSError): No Default Input Device Available - Likely no microphone in sandbox.
2025-06-04 07:13:58,536 [INFO] - No command received or error in listening.
2025-06-04 07:13:58,553 [WARNING] - Audio input error (OSError): No Default Input Device Available - Likely no microphone in sandbox.
2025-06-04 07:13:58,553 [INFO] - No command received or error in listening.
2025-06-04 07:13:58,571 [WARNING] - Audio input error (OSError): No Default Input Device Available - Likely no microphone in sandbox.
2025-06-04 07:13:58,571 [INFO] - No command received or error in listening.
2025-06-04 07:13:58,589 [WARNING] - Audio input error (OSError): No Default Input Device Available - Likely no microphone in sandbox.
2025-06-04 07:13:58,589 [INFO] - No command received or error in listening.
2025-06-04 07:13:58,606 [WARNING] - Audio input error (OSError): No Default Input Device Available - Likely no microphone in sandbox.
2025-06-04 07:13:58,606 [INFO] - No command received or error in listening.
2025-06-04 07:13:58,624 [WARNING] - Audio input error (OSError): No Default Input Device Available - Likely no microphone in sandbox.
2025-06-04 07:13:58,624 [INFO] - No command received or error in listening.
2025-06-04 07:13:58,641 [WARNING] - Audio input error (OSError): No Default Input Device Available - Likely no microphone in sandbox.
2025-06-04 07:13:58,641 [INFO] - No command received or error in listening.
2025-06-04 07:13:58,658 [WARNING] - Audio input error (OSError): No Default Input Device Available - Likely no microphone in sandbox.
2025-06-04 07:13:58,659 [INFO] - No command received or error in listening.
2025-06-04 07:13:58,676 [WARNING] - Audio input error (OSError): No Default Input Device Available - Likely no microphone in sandbox.
2025-06-04 07:13:58,676 [INFO] - No command received or error in listening.
2025-06-04 07:13:58,693 [WARNING] - Audio input error (OSError): No Default Input Device Available - Likely no microphone in sandbox.
2025-06-04 07:13:58,693 [INFO] - No command received or error in listening.
2025-06-04 07:13:58,711 [WARNING] - Audio input error (OSError): No Default Input Device Available - Likely no microphone in sandbox.
2025-06-04 07:13:58,711 [INFO] - No command received or error in listening.
2025-06-04 07:13:58,729 [WARNING] - Audio input error (OSError): No Default Input Device Available - Likely no microphone in sandbox.
2025-06-04 07:13:58,729 [INFO] - No command received or error in listening.
2025-06-04 07:13:58,746 [WARNING] - Audio input error (OSError): No Default Input Device Available - Likely no microphone in sandbox.
2025-06-04 07:13:58,746 [INFO] - No command received or error in listening.
2025-06-04 07:13:58,764 [WARNING] - Audio input error (OSError): No Default Input Device Available - Likely no microphone in sandbox.
2025-06-04 07:13:58,764 [INFO] - No command received or error in listening.
2025-06-04 07:13:58,781 [WARNING] - Audio input error (OSError): No Default Input Device Available - Likely no microphone in sandbox.
2025-06-04 07:13:58,781 [INFO] - No command received or error in listening.
2025-06-04 07:13:58,799 [WARNING] - Audio input error (OSError): No Default Input Device Available - Likely no microphone in sandbox.
2025-06-04 07:13:58,799 [INFO] - No command received or error in listening.
2025-06-04 07:13:58,816 [WARNING] - Audio input error (OSError): No Default Input Device Available - Likely no microphone in sandbox.
2025-06-04 07:13:58,816 [INFO] - No command received or error in listening.
2025-06-04 07:13:58,833 [WARNING] - Audio input error (OSError): No Default Input Device Available - Likely no microphone in sandbox.
2025-06-04 07:13:58,833 [INFO] - No command received or error in listening.
2025-06-04 07:13:58,850 [WARNING] - Audio input error (OSError): No Default Input Device Available - Likely no microphone in sandbox.
2025-06-04 07:13:58,851 [INFO] - No command received or error in listening.
2025-06-04 07:13:58,868 [WARNING] - Audio input error (OSError): No Default Input Device Available - Likely no microphone in sandbox.
2025-06-04 07:13:58,868 [INFO] - No command received or error in listening.
2025-06-04 07:13:58,885 [WARNING] - Audio input error (OSError): No Default Input Device Available - Likely no microphone in sandbox.
2025-06-04 07:13:58,885 [INFO] - No command received or error in listening.
2025-06-04 07:13:58,903 [WARNING] - Audio input error (OSError): No Default Input Device Available - Likely no microphone in sandbox.
2025-06-04 07:13:58,903 [INFO] - No command received or error in listening.
2025-06-04 07:13:58,920 [WARNING] - Audio input error (OSError): No Default Input Device Available - Likely no microphone in sandbox.
2025-06-04 07:13:58,921 [INFO] - No command received or error in listening.
2025-06-04 07:13:58,938 [WARNING] - Audio input error (OSError): No Default Input Device Available - Likely no microphone in sandbox.
2025-06-04 07:13:58,938 [INFO] - No command received or error in listening.
2025-06-04 07:13:58,956 [WARNING] - Audio input error (OSError): No Default Input Device Available - Likely no microphone in sandbox.
2025-06-04 07:13:58,956 [INFO] - No command received or error in listening.
2025-06-04 07:13:58,973 [WARNING] - Audio input error (OSError): No Default Input Device Available - Likely no microphone in sandbox.
2025-06-04 07:13:58,973 [INFO] - No command received or error in listening.
2025-06-04 07:13:58,991 [WARNING] - Audio input error (OSError): No Default Input Device Available - Likely no microphone in sandbox.
2025-06-04 07:13:58,991 [INFO] - No command received or error in listening.
2025-06-04 07:13:59,008 [WARNING] - Audio input error (OSError): No Default Input Device Available - Likely no microphone in sandbox.
2025-06-04 07:13:59,008 [INFO] - No command received or error in listening.
2025-06-04 07:13:59,025 [WARNING] - Audio input error (OSError): No Default Input Device Available - Likely no microphone in sandbox.
2025-06-04 07:13:59,026 [INFO] - No command received or error in listening.
2025-06-04 07:13:59,043 [WARNING] - Audio input error (OSError): No Default Input Device Available - Likely no microphone in sandbox.
2025-06-04 07:13:59,043 [INFO] - No command received or error in listening.
2025-06-04 07:13:59,060 [WARNING] - Audio input error (OSError): No Default Input Device Available - Likely no microphone in sandbox.
2025-06-04 07:13:59,060 [INFO] - No command received or error in listening.
2025-06-04 07:13:59,077 [WARNING] - Audio input error (OSError): No Default Input Device Available - Likely no microphone in sandbox.
2025-06-04 07:13:59,078 [INFO] - No command received or error in listening.
2025-06-04 07:13:59,095 [WARNING] - Audio input error (OSError): No Default Input Device Available - Likely no microphone in sandbox.
2025-06-04 07:13:59,095 [INFO] - No command received or error in listening.
2025-06-04 07:13:59,112 [WARNING] - Audio input error (OSError): No Default Input Device Available - Likely no microphone in sandbox.
2025-06-04 07:13:59,112 [INFO] - No command received or error in listening.
2025-06-04 07:13:59,130 [WARNING] - Audio input error (OSError): No Default Input Device Available - Likely no microphone in sandbox.
2025-06-04 07:13:59,130 [INFO] - No command received or error in listening.
2025-06-04 07:13:59,147 [WARNING] - Audio input error (OSError): No Default Input Device Available - Likely no microphone in sandbox.
2025-06-04 07:13:59,147 [INFO] - No command received or error in listening.
2025-06-04 07:13:59,165 [WARNING] - Audio input error (OSError): No Default Input Device Available - Likely no microphone in sandbox.
2025-06-04 07:13:59,165 [INFO] - No command received or error in listening.
2025-06-04 07:13:59,182 [WARNING] - Audio input error (OSError): No Default Input Device Available - Likely no microphone in sandbox.
2025-06-04 07:13:59,183 [INFO] - No command received or error in listening.
2025-06-04 07:13:59,200 [WARNING] - Audio input error (OSError): No Default Input Device Available - Likely no microphone in sandbox.
2025-06-04 07:13:59,200 [INFO] - No command received or error in listening.
2025-06-04 07:13:59,217 [WARNING] - Audio input error (OSError): No Default Input Device Available - Likely no microphone in sandbox.
2025-06-04 07:13:59,218 [INFO] - No command received or error in listening.
2025-06-04 07:13:59,235 [WARNING] - Audio input error (OSError): No Default Input Device Available - Likely no microphone in sandbox.
2025-06-04 07:13:59,236 [INFO] - No command received or error in listening.
2025-06-04 07:13:59,253 [WARNING] - Audio input error (OSError): No Default Input Device Available - Likely no microphone in sandbox.
2025-06-04 07:13:59,253 [INFO] - No command received or error in listening.
2025-06-04 07:13:59,270 [WARNING] - Audio input error (OSError): No Default Input Device Available - Likely no microphone in sandbox.
2025-06-04 07:13:59,271 [INFO] - No command received or error in listening.
2025-06-04 07:13:59,288 [WARNING] - Audio input error (OSError): No Default Input Device Available - Likely no microphone in sandbox.
2025-06-04 07:13:59,288 [INFO] - No command received or error in listening.
2025-06-04 07:13:59,305 [WARNING] - Audio input error (OSError): No Default Input Device Available - Likely no microphone in sandbox.
2025-06-04 07:13:59,306 [INFO] - No command received or error in listening.
2025-06-04 07:13:59,323 [WARNING] - Audio input error (OSError): No Default Input Device Available - Likely no microphone in sandbox.
2025-06-04 07:13:59,323 [INFO] - No command received or error in listening.
2025-06-04 07:13:59,340 [WARNING] - Audio input error (OSError): No Default Input Device Available - Likely no microphone in sandbox.
2025-06-04 07:13:59,340 [INFO] - No command received or error in listening.
2025-06-04 07:13:59,358 [WARNING] - Audio input error (OSError): No Default Input Device Available - Likely no microphone in sandbox.
2025-06-04 07:13:59,358 [INFO] - No command received or error in listening.
2025-06-04 07:13:59,375 [WARNING] - Audio input error (OSError): No Default Input Device Available - Likely no microphone in sandbox.
2025-06-04 07:13:59,375 [INFO] - No command received or error in listening.
2025-06-04 07:13:59,392 [WARNING] - Audio input error (OSError): No Default Input Device Available - Likely no microphone in sandbox.
2025-06-04 07:13:59,392 [INFO] - No command received or error in listening.
2025-06-04 07:13:59,410 [WARNING] - Audio input error (OSError): No Default Input Device Available - Likely no microphone in sandbox.
2025-06-04 07:13:59,410 [INFO] - No command received or error in listening.
2025-06-04 07:13:59,427 [WARNING] - Audio input error (OSError): No Default Input Device Available - Likely no microphone in sandbox.
2025-06-04 07:13:59,428 [INFO] - No command received or error in listening.
2025-06-04 07:13:59,445 [WARNING] - Audio input error (OSError): No Default Input Device Available - Likely no microphone in sandbox.
2025-06-04 07:13:59,445 [INFO] - No command received or error in listening.
2025-06-04 07:13:59,463 [WARNING] - Audio input error (OSError): No Default Input Device Available - Likely no microphone in sandbox.
2025-06-04 07:13:59,463 [INFO] - No command received or error in listening.
2025-06-04 07:13:59,480 [WARNING] - Audio input error (OSError): No Default Input Device Available - Likely no microphone in sandbox.
2025-06-04 07:13:59,480 [INFO] - No command received or error in listening.
2025-06-04 07:13:59,498 [WARNING] - Audio input error (OSError): No Default Input Device Available - Likely no microphone in sandbox.
2025-06-04 07:13:59,498 [INFO] - No command received or error in listening.
2025-06-04 07:13:59,515 [WARNING] - Audio input error (OSError): No Default Input Device Available - Likely no microphone in sandbox.
2025-06-04 07:13:59,515 [INFO] - No command received or error in listening.
2025-06-04 07:13:59,533 [WARNING] - Audio input error (OSError): No Default Input Device Available - Likely no microphone in sandbox.
2025-06-04 07:13:59,533 [INFO] - No command received or error in listening.
2025-06-04 07:13:59,552 [WARNING] - Audio input error (OSError): No Default Input Device Available - Likely no microphone in sandbox.
2025-06-04 07:13:59,552 [INFO] - No command received or error in listening.
2025-06-04 07:13:59,569 [WARNING] - Audio input error (OSError): No Default Input Device Available - Likely no microphone in sandbox.
2025-06-04 07:13:59,569 [INFO] - No command received or error in listening.
2025-06-04 07:13:59,586 [WARNING] - Audio input error (OSError): No Default Input Device Available - Likely no microphone in sandbox.
2025-06-04 07:13:59,586 [INFO] - No command received or error in listening.
2025-06-04 07:13:59,604 [WARNING] - Audio input error (OSError): No Default Input Device Available - Likely no microphone in sandbox.
2025-06-04 07:13:59,604 [INFO] - No command received or error in listening.
2025-06-04 07:13:59,621 [WARNING] - Audio input error (OSError): No Default Input Device Available - Likely no microphone in sandbox.
2025-06-04 07:13:59,621 [INFO] - No command received or error in listening.
2025-06-04 07:13:59,639 [WARNING] - Audio input error (OSError): No Default Input Device Available - Likely no microphone in sandbox.
2025-06-04 07:13:59,639 [INFO] - No command received or error in listening.
2025-06-04 07:13:59,656 [WARNING] - Audio input error (OSError): No Default Input Device Available - Likely no microphone in sandbox.
2025-06-04 07:13:59,656 [INFO] - No command received or error in listening.
2025-06-04 07:13:59,673 [WARNING] - Audio input error (OSError): No Default Input Device Available - Likely no microphone in sandbox.
2025-06-04 07:13:59,673 [INFO] - No command received or error in listening.
2025-06-04 07:13:59,690 [WARNING] - Audio input error (OSError): No Default Input Device Available - Likely no microphone in sandbox.
2025-06-04 07:13:59,691 [INFO] - No command received or error in listening.
2025-06-04 07:13:59,708 [WARNING] - Audio input error (OSError): No Default Input Device Available - Likely no microphone in sandbox.
2025-06-04 07:13:59,708 [INFO] - No command received or error in listening.
2025-06-04 07:13:59,726 [WARNING] - Audio input error (OSError): No Default Input Device Available - Likely no microphone in sandbox.
2025-06-04 07:13:59,726 [INFO] - No command received or error in listening.
2025-06-04 07:13:59,743 [WARNING] - Audio input error (OSError): No Default Input Device Available - Likely no microphone in sandbox.
2025-06-04 07:13:59,744 [INFO] - No command received or error in listening.
2025-06-04 07:13:59,761 [WARNING] - Audio input error (OSError): No Default Input Device Available - Likely no microphone in sandbox.
2025-06-04 07:13:59,761 [INFO] - No command received or error in listening.
2025-06-04 07:13:59,778 [WARNING] - Audio input error (OSError): No Default Input Device Available - Likely no microphone in sandbox.
2025-06-04 07:13:59,779 [INFO] - No command received or error in listening.
2025-06-04 07:13:59,796 [WARNING] - Audio input error (OSError): No Default Input Device Available - Likely no microphone in sandbox.
2025-06-04 07:13:59,796 [INFO] - No command received or error in listening.
2025-06-04 07:13:59,814 [WARNING] - Audio input error (OSError): No Default Input Device Available - Likely no microphone in sandbox.
2025-06-04 07:13:59,814 [INFO] - No command received or error in listening.
2025-06-04 07:13:59,831 [WARNING] - Audio input error (OSError): No Default Input Device Available - Likely no microphone in sandbox.
2025-06-04 07:13:59,831 [INFO] - No command received or error in listening.
2025-06-04 07:13:59,849 [WARNING] - Audio input error (OSError): No Default Input Device Available - Likely no microphone in sandbox.
2025-06-04 07:13:59,849 [INFO] - No command received or error in listening.
2025-06-04 07:13:59,866 [WARNING] - Audio input error (OSError): No Default Input Device Available - Likely no microphone in sandbox.
2025-06-04 07:13:59,866 [INFO] - No command received or error in listening.
2025-06-04 07:13:59,884 [WARNING] - Audio input error (OSError): No Default Input Device Available - Likely no microphone in sandbox.
2025-06-04 07:13:59,884 [INFO] - No command received or error in listening.
2025-06-04 07:13:59,903 [WARNING] - Audio input error (OSError): No Default Input Device Available - Likely no microphone in sandbox.
2025-06-04 07:13:59,903 [INFO] - No command received or error in listening.
2025-06-04 07:13:59,921 [WARNING] - Audio input error (OSError): No Default Input Device Available - Likely no microphone in sandbox.
2025-06-04 07:13:59,921 [INFO] - No command received or error in listening.
2025-06-04 07:13:59,939 [WARNING] - Audio input error (OSError): No Default Input Device Available - Likely no microphone in sandbox.
2025-06-04 07:13:59,939 [INFO] - No command received or error in listening.
2025-06-04 07:13:59,958 [WARNING] - Audio input error (OSError): No Default Input Device Available - Likely no microphone in sandbox.
2025-06-04 07:13:59,958 [INFO] - No command received or error in listening.
2025-06-04 07:13:59,976 [WARNING] - Audio input error (OSError): No Default Input Device Available - Likely no microphone in sandbox.
2025-06-04 07:13:59,976 [INFO] - No command received or error in listening.
2025-06-04 07:13:59,994 [WARNING] - Audio input error (OSError): No Default Input Device Available - Likely no microphone in sandbox.
2025-06-04 07:13:59,994 [INFO] - No command received or error in listening.
2025-06-04 07:14:00,011 [WARNING] - Audio input error (OSError): No Default Input Device Available - Likely no microphone in sandbox.
2025-06-04 07:14:00,012 [INFO] - No command received or error in listening.
2025-06-04 07:14:00,029 [WARNING] - Audio input error (OSError): No Default Input Device Available - Likely no microphone in sandbox.
2025-06-04 07:14:00,029 [INFO] - No command received or error in listening.
2025-06-04 07:14:00,047 [WARNING] - Audio input error (OSError): No Default Input Device Available - Likely no microphone in sandbox.
2025-06-04 07:14:00,047 [INFO] - No command received or error in listening.
2025-06-04 07:14:00,064 [WARNING] - Audio input error (OSError): No Default Input Device Available - Likely no microphone in sandbox.
2025-06-04 07:14:00,064 [INFO] - No command received or error in listening.
2025-06-04 07:14:00,082 [WARNING] - Audio input error (OSError): No Default Input Device Available - Likely no microphone in sandbox.
2025-06-04 07:14:00,082 [INFO] - No command received or error in listening.
2025-06-04 07:14:00,100 [WARNING] - Audio input error (OSError): No Default Input Device Available - Likely no microphone in sandbox.
2025-06-04 07:14:00,100 [INFO] - No command received or error in listening.
2025-06-04 07:14:00,117 [WARNING] - Audio input error (OSError): No Default Input Device Available - Likely no microphone in sandbox.
2025-06-04 07:14:00,117 [INFO] - No command received or error in listening.
2025-06-04 07:14:00,134 [WARNING] - Audio input error (OSError): No Default Input Device Available - Likely no microphone in sandbox.
2025-06-04 07:14:00,135 [INFO] - No command received or error in listening.
2025-06-04 07:14:00,152 [WARNING] - Audio input error (OSError): No Default Input Device Available - Likely no microphone in sandbox.
2025-06-04 07:14:00,152 [INFO] - No command received or error in listening.
2025-06-04 07:14:00,169 [WARNING] - Audio input error (OSError): No Default Input Device Available - Likely no microphone in sandbox.
2025-06-04 07:14:00,170 [INFO] - No command received or error in listening.
2025-06-04 07:14:00,187 [WARNING] - Audio input error (OSError): No Default Input Device Available - Likely no microphone in sandbox.
2025-06-04 07:14:00,187 [INFO] - No command received or error in listening.
2025-06-04 07:14:00,204 [WARNING] - Audio input error (OSError): No Default Input Device Available - Likely no microphone in sandbox.
2025-06-04 07:14:00,204 [INFO] - No command received or error in listening.
2025-06-04 07:14:00,222 [WARNING] - Audio input error (OSError): No Default Input Device Available - Likely no microphone in sandbox.
2025-06-04 07:14:00,222 [INFO] - No command received or error in listening.
2025-06-04 07:14:00,239 [WARNING] - Audio input error (OSError): No Default Input Device Available - Likely no microphone in sandbox.
2025-06-04 07:14:00,239 [INFO] - No command received or error in listening.
2025-06-04 07:14:00,257 [WARNING] - Audio input error (OSError): No Default Input Device Available - Likely no microphone in sandbox.
2025-06-04 07:14:00,257 [INFO] - No command received or error in listening.
2025-06-04 07:14:00,274 [WARNING] - Audio input error (OSError): No Default Input Device Available - Likely no microphone in sandbox.
2025-06-04 07:14:00,274 [INFO] - No command received or error in listening.
2025-06-04 07:14:00,292 [WARNING] - Audio input error (OSError): No Default Input Device Available - Likely no microphone in sandbox.
2025-06-04 07:14:00,292 [INFO] - No command received or error in listening.
2025-06-04 07:14:00,309 [WARNING] - Audio input error (OSError): No Default Input Device Available - Likely no microphone in sandbox.
2025-06-04 07:14:00,310 [INFO] - No command received or error in listening.
2025-06-04 07:14:00,327 [WARNING] - Audio input error (OSError): No Default Input Device Available - Likely no microphone in sandbox.
2025-06-04 07:14:00,327 [INFO] - No command received or error in listening.
2025-06-04 07:14:00,345 [WARNING] - Audio input error (OSError): No Default Input Device Available - Likely no microphone in sandbox.
2025-06-04 07:14:00,345 [INFO] - No command received or error in listening.
2025-06-04 07:14:00,362 [WARNING] - Audio input error (OSError): No Default Input Device Available - Likely no microphone in sandbox.
2025-06-04 07:14:00,362 [INFO] - No command received or error in listening.
2025-06-04 07:14:00,380 [WARNING] - Audio input error (OSError): No Default Input Device Available - Likely no microphone in sandbox.
2025-06-04 07:14:00,380 [INFO] - No command received or error in listening.
2025-06-04 07:14:00,397 [WARNING] - Audio input error (OSError): No Default Input Device Available - Likely no microphone in sandbox.
2025-06-04 07:14:00,398 [INFO] - No command received or error in listening.
2025-06-04 07:14:00,415 [WARNING] - Audio input error (OSError): No Default Input Device Available - Likely no microphone in sandbox.
2025-06-04 07:14:00,415 [INFO] - No command received or error in listening.
2025-06-04 07:14:00,432 [WARNING] - Audio input error (OSError): No Default Input Device Available - Likely no microphone in sandbox.
2025-06-04 07:14:00,432 [INFO] - No command received or error in listening.
2025-06-04 07:14:00,450 [WARNING] - Audio input error (OSError): No Default Input Device Available - Likely no microphone in sandbox.
2025-06-04 07:14:00,450 [INFO] - No command received or error in listening.
2025-06-04 07:14:00,467 [WARNING] - Audio input error (OSError): No Default Input Device Available - Likely no microphone in sandbox.
2025-06-04 07:14:00,467 [INFO] - No command received or error in listening.
2025-06-04 07:14:00,484 [WARNING] - Audio input error (OSError): No Default Input Device Available - Likely no microphone in sandbox.
2025-06-04 07:14:00,485 [INFO] - No command received or error in listening.
2025-06-04 07:14:00,502 [WARNING] - Audio input error (OSError): No Default Input Device Available - Likely no microphone in sandbox.
2025-06-04 07:14:00,502 [INFO] - No command received or error in listening.
2025-06-04 07:14:00,520 [WARNING] - Audio input error (OSError): No Default Input Device Available - Likely no microphone in sandbox.
2025-06-04 07:14:00,520 [INFO] - No command received or error in listening.
2025-06-04 07:14:00,538 [WARNING] - Audio input error (OSError): No Default Input Device Available - Likely no microphone in sandbox.
2025-06-04 07:14:00,538 [INFO] - No command received or error in listening.
2025-06-04 07:14:00,556 [WARNING] - Audio input error (OSError): No Default Input Device Available - Likely no microphone in sandbox.
2025-06-04 07:14:00,557 [INFO] - No command received or error in listening.
2025-06-04 07:14:00,574 [WARNING] - Audio input error (OSError): No Default Input Device Available - Likely no microphone in sandbox.
2025-06-04 07:14:00,574 [INFO] - No command received or error in listening.
2025-06-04 07:14:00,592 [WARNING] - Audio input error (OSError): No Default Input Device Available - Likely no microphone in sandbox.
2025-06-04 07:14:00,592 [INFO] - No command received or error in listening.
2025-06-04 07:14:00,610 [WARNING] - Audio input error (OSError): No Default Input Device Available - Likely no microphone in sandbox.
2025-06-04 07:14:00,610 [INFO] - No command received or error in listening.
2025-06-04 07:14:00,627 [WARNING] - Audio input error (OSError): No Default Input Device Available - Likely no microphone in sandbox.
2025-06-04 07:14:00,627 [INFO] - No command received or error in listening.
2025-06-04 07:14:00,644 [WARNING] - Audio input error (OSError): No Default Input Device Available - Likely no microphone in sandbox.
2025-06-04 07:14:00,644 [INFO] - No command received or error in listening.
2025-06-04 07:14:00,662 [WARNING] - Audio input error (OSError): No Default Input Device Available - Likely no microphone in sandbox.
2025-06-04 07:14:00,662 [INFO] - No command received or error in listening.
2025-06-04 07:14:00,679 [WARNING] - Audio input error (OSError): No Default Input Device Available - Likely no microphone in sandbox.
2025-06-04 07:14:00,679 [INFO] - No command received or error in listening.
2025-06-04 07:14:00,697 [WARNING] - Audio input error (OSError): No Default Input Device Available - Likely no microphone in sandbox.
2025-06-04 07:14:00,697 [INFO] - No command received or error in listening.
2025-06-04 07:14:00,715 [WARNING] - Audio input error (OSError): No Default Input Device Available - Likely no microphone in sandbox.
2025-06-04 07:14:00,715 [INFO] - No command received or error in listening.
2025-06-04 07:14:00,732 [WARNING] - Audio input error (OSError): No Default Input Device Available - Likely no microphone in sandbox.
2025-06-04 07:14:00,732 [INFO] - No command received or error in listening.
2025-06-04 07:14:00,749 [WARNING] - Audio input error (OSError): No Default Input Device Available - Likely no microphone in sandbox.
2025-06-04 07:14:00,750 [INFO] - No command received or error in listening.
2025-06-04 07:14:00,766 [WARNING] - Audio input error (OSError): No Default Input Device Available - Likely no microphone in sandbox.
2025-06-04 07:14:00,767 [INFO] - No command received or error in listening.
2025-06-04 07:14:00,784 [WARNING] - Audio input error (OSError): No Default Input Device Available - Likely no microphone in sandbox.
2025-06-04 07:14:00,784 [INFO] - No command received or error in listening.
2025-06-04 07:14:00,801 [WARNING] - Audio input error (OSError): No Default Input Device Available - Likely no microphone in sandbox.
2025-06-04 07:14:00,802 [INFO] - No command received or error in listening.
2025-06-04 07:14:00,819 [WARNING] - Audio input error (OSError): No Default Input Device Available - Likely no microphone in sandbox.
2025-06-04 07:14:00,819 [INFO] - No command received or error in listening.
2025-06-04 07:14:00,836 [WARNING] - Audio input error (OSError): No Default Input Device Available - Likely no microphone in sandbox.
2025-06-04 07:14:00,837 [INFO] - No command received or error in listening.
2025-06-04 07:14:00,854 [WARNING] - Audio input error (OSError): No Default Input Device Available - Likely no microphone in sandbox.
2025-06-04 07:14:00,854 [INFO] - No command received or error in listening.
2025-06-04 07:14:00,871 [WARNING] - Audio input error (OSError): No Default Input Device Available - Likely no microphone in sandbox.
2025-06-04 07:14:00,871 [INFO] - No command received or error in listening.
2025-06-04 07:14:00,889 [WARNING] - Audio input error (OSError): No Default Input Device Available - Likely no microphone in sandbox.
2025-06-04 07:14:00,889 [INFO] - No command received or error in listening.
2025-06-04 07:14:00,906 [WARNING] - Audio input error (OSError): No Default Input Device Available - Likely no microphone in sandbox.
2025-06-04 07:14:00,906 [INFO] - No command received or error in listening.
2025-06-04 07:14:00,923 [WARNING] - Audio input error (OSError): No Default Input Device Available - Likely no microphone in sandbox.
2025-06-04 07:14:00,924 [INFO] - No command received or error in listening.
2025-06-04 07:14:00,941 [WARNING] - Audio input error (OSError): No Default Input Device Available - Likely no microphone in sandbox.
2025-06-04 07:14:00,941 [INFO] - No command received or error in listening.
2025-06-04 07:14:00,958 [WARNING] - Audio input error (OSError): No Default Input Device Available - Likely no microphone in sandbox.
2025-06-04 07:14:00,958 [INFO] - No command received or error in listening.
2025-06-04 07:14:00,975 [WARNING] - Audio input error (OSError): No Default Input Device Available - Likely no microphone in sandbox.
2025-06-04 07:14:00,976 [INFO] - No command received or error in listening.
2025-06-04 07:14:00,993 [WARNING] - Audio input error (OSError): No Default Input Device Available - Likely no microphone in sandbox.
2025-06-04 07:14:00,993 [INFO] - No command received or error in listening.
2025-06-04 07:14:01,010 [WARNING] - Audio input error (OSError): No Default Input Device Available - Likely no microphone in sandbox.
2025-06-04 07:14:01,010 [INFO] - No command received or error in listening.
2025-06-04 07:14:01,027 [WARNING] - Audio input error (OSError): No Default Input Device Available - Likely no microphone in sandbox.
2025-06-04 07:14:01,027 [INFO] - No command received or error in listening.
2025-06-04 07:14:01,044 [WARNING] - Audio input error (OSError): No Default Input Device Available - Likely no microphone in sandbox.
2025-06-04 07:14:01,044 [INFO] - No command received or error in listening.
2025-06-04 07:14:01,061 [WARNING] - Audio input error (OSError): No Default Input Device Available - Likely no microphone in sandbox.
2025-06-04 07:14:01,061 [INFO] - No command received or error in listening.
2025-06-04 07:14:01,079 [WARNING] - Audio input error (OSError): No Default Input Device Available - Likely no microphone in sandbox.
2025-06-04 07:14:01,079 [INFO] - No command received or error in listening.
2025-06-04 07:14:01,096 [WARNING] - Audio input error (OSError): No Default Input Device Available - Likely no microphone in sandbox.
2025-06-04 07:14:01,096 [INFO] - No command received or error in listening.
2025-06-04 07:14:01,113 [WARNING] - Audio input error (OSError): No Default Input Device Available - Likely no microphone in sandbox.
2025-06-04 07:14:01,113 [INFO] - No command received or error in listening.
2025-06-04 07:14:01,130 [WARNING] - Audio input error (OSError): No Default Input Device Available - Likely no microphone in sandbox.
2025-06-04 07:14:01,130 [INFO] - No command received or error in listening.
2025-06-04 07:14:01,148 [WARNING] - Audio input error (OSError): No Default Input Device Available - Likely no microphone in sandbox.
2025-06-04 07:14:01,148 [INFO] - No command received or error in listening.
2025-06-04 07:14:01,165 [WARNING] - Audio input error (OSError): No Default Input Device Available - Likely no microphone in sandbox.
2025-06-04 07:14:01,165 [INFO] - No command received or error in listening.
2025-06-04 07:14:01,182 [WARNING] - Audio input error (OSError): No Default Input Device Available - Likely no microphone in sandbox.
2025-06-04 07:14:01,183 [INFO] - No command received or error in listening.
2025-06-04 07:14:01,200 [WARNING] - Audio input error (OSError): No Default Input Device Available - Likely no microphone in sandbox.
2025-06-04 07:14:01,200 [INFO] - No command received or error in listening.
2025-06-04 07:14:01,217 [WARNING] - Audio input error (OSError): No Default Input Device Available - Likely no microphone in sandbox.
2025-06-04 07:14:01,217 [INFO] - No command received or error in listening.
2025-06-04 07:14:01,235 [WARNING] - Audio input error (OSError): No Default Input Device Available - Likely no microphone in sandbox.
2025-06-04 07:14:01,235 [INFO] - No command received or error in listening.
2025-06-04 07:14:01,252 [WARNING] - Audio input error (OSError): No Default Input Device Available - Likely no microphone in sandbox.
2025-06-04 07:14:01,252 [INFO] - No command received or error in listening.
2025-06-04 07:14:01,269 [WARNING] - Audio input error (OSError): No Default Input Device Available - Likely no microphone in sandbox.
2025-06-04 07:14:01,270 [INFO] - No command received or error in listening.
2025-06-04 07:14:01,287 [WARNING] - Audio input error (OSError): No Default Input Device Available - Likely no microphone in sandbox.
2025-06-04 07:14:01,287 [INFO] - No command received or error in listening.
2025-06-04 07:14:01,304 [WARNING] - Audio input error (OSError): No Default Input Device Available - Likely no microphone in sandbox.
2025-06-04 07:14:01,304 [INFO] - No command received or error in listening.
2025-06-04 07:14:01,321 [WARNING] - Audio input error (OSError): No Default Input Device Available - Likely no microphone in sandbox.
2025-06-04 07:14:01,321 [INFO] - No command received or error in listening.
2025-06-04 07:14:01,339 [WARNING] - Audio input error (OSError): No Default Input Device Available - Likely no microphone in sandbox.
2025-06-04 07:14:01,339 [INFO] - No command received or error in listening.
2025-06-04 07:14:01,356 [WARNING] - Audio input error (OSError): No Default Input Device Available - Likely no microphone in sandbox.
2025-06-04 07:14:01,356 [INFO] - No command received or error in listening.
2025-06-04 07:14:01,373 [WARNING] - Audio input error (OSError): No Default Input Device Available - Likely no microphone in sandbox.
2025-06-04 07:14:01,373 [INFO] - No command received or error in listening.
2025-06-04 07:14:01,390 [WARNING] - Audio input error (OSError): No Default Input Device Available - Likely no microphone in sandbox.
2025-06-04 07:14:01,390 [INFO] - No command received or error in listening.
2025-06-04 07:14:01,407 [WARNING] - Audio input error (OSError): No Default Input Device Available - Likely no microphone in sandbox.
2025-06-04 07:14:01,407 [INFO] - No command received or error in listening.
2025-06-04 07:14:01,439 [WARNING] - Audio input error (OSError): No Default Input Device Available - Likely no microphone in sandbox.
2025-06-04 07:14:01,439 [INFO] - No command received or error in listening.
2025-06-04 07:14:01,456 [WARNING] - Audio input error (OSError): No Default Input Device Available - Likely no microphone in sandbox.
2025-06-04 07:14:01,456 [INFO] - No command received or error in listening.
2025-06-04 07:14:01,473 [WARNING] - Audio input error (OSError): No Default Input Device Available - Likely no microphone in sandbox.
2025-06-04 07:14:01,473 [INFO] - No command received or error in listening.
2025-06-04 07:14:01,490 [WARNING] - Audio input error (OSError): No Default Input Device Available - Likely no microphone in sandbox.
2025-06-04 07:14:01,490 [INFO] - No command received or error in listening.
2025-06-04 07:14:01,507 [WARNING] - Audio input error (OSError): No Default Input Device Available - Likely no microphone in sandbox.
2025-06-04 07:14:01,508 [INFO] - No command received or error in listening.
2025-06-04 07:14:01,525 [WARNING] - Audio input error (OSError): No Default Input Device Available - Likely no microphone in sandbox.
2025-06-04 07:14:01,525 [INFO] - No command received or error in listening.
2025-06-04 07:14:01,542 [WARNING] - Audio input error (OSError): No Default Input Device Available - Likely no microphone in sandbox.
2025-06-04 07:14:01,542 [INFO] - No command received or error in listening.
2025-06-04 07:14:01,560 [WARNING] - Audio input error (OSError): No Default Input Device Available - Likely no microphone in sandbox.
2025-06-04 07:14:01,560 [INFO] - No command received or error in listening.
2025-06-04 07:14:01,578 [WARNING] - Audio input error (OSError): No Default Input Device Available - Likely no microphone in sandbox.
2025-06-04 07:14:01,578 [INFO] - No command received or error in listening.
2025-06-04 07:14:01,595 [WARNING] - Audio input error (OSError): No Default Input Device Available - Likely no microphone in sandbox.
2025-06-04 07:14:01,595 [INFO] - No command received or error in listening.
2025-06-04 07:14:01,613 [WARNING] - Audio input error (OSError): No Default Input Device Available - Likely no microphone in sandbox.
2025-06-04 07:14:01,613 [INFO] - No command received or error in listening.
2025-06-04 07:14:01,630 [WARNING] - Audio input error (OSError): No Default Input Device Available - Likely no microphone in sandbox.
2025-06-04 07:14:01,630 [INFO] - No command received or error in listening.
2025-06-04 07:14:01,648 [WARNING] - Audio input error (OSError): No Default Input Device Available - Likely no microphone in sandbox.
2025-06-04 07:14:01,648 [INFO] - No command received or error in listening.
2025-06-04 07:14:01,665 [WARNING] - Audio input error (OSError): No Default Input Device Available - Likely no microphone in sandbox.
2025-06-04 07:14:01,665 [INFO] - No command received or error in listening.
2025-06-04 07:14:01,682 [WARNING] - Audio input error (OSError): No Default Input Device Available - Likely no microphone in sandbox.
2025-06-04 07:14:01,682 [INFO] - No command received or error in listening.
2025-06-04 07:14:01,700 [WARNING] - Audio input error (OSError): No Default Input Device Available - Likely no microphone in sandbox.
2025-06-04 07:14:01,700 [INFO] - No command received or error in listening.
2025-06-04 07:14:01,717 [WARNING] - Audio input error (OSError): No Default Input Device Available - Likely no microphone in sandbox.
2025-06-04 07:14:01,717 [INFO] - No command received or error in listening.
2025-06-04 07:14:01,734 [WARNING] - Audio input error (OSError): No Default Input Device Available - Likely no microphone in sandbox.
2025-06-04 07:14:01,734 [INFO] - No command received or error in listening.
2025-06-04 07:14:01,752 [WARNING] - Audio input error (OSError): No Default Input Device Available - Likely no microphone in sandbox.
2025-06-04 07:14:01,752 [INFO] - No command received or error in listening.
2025-06-04 07:14:01,769 [WARNING] - Audio input error (OSError): No Default Input Device Available - Likely no microphone in sandbox.
2025-06-04 07:14:01,769 [INFO] - No command received or error in listening.
2025-06-04 07:14:01,787 [WARNING] - Audio input error (OSError): No Default Input Device Available - Likely no microphone in sandbox.
2025-06-04 07:14:01,787 [INFO] - No command received or error in listening.
2025-06-04 07:14:01,804 [WARNING] - Audio input error (OSError): No Default Input Device Available - Likely no microphone in sandbox.
2025-06-04 07:14:01,804 [INFO] - No command received or error in listening.
2025-06-04 07:14:01,822 [WARNING] - Audio input error (OSError): No Default Input Device Available - Likely no microphone in sandbox.
2025-06-04 07:14:01,822 [INFO] - No command received or error in listening.
2025-06-04 07:14:01,839 [WARNING] - Audio input error (OSError): No Default Input Device Available - Likely no microphone in sandbox.
2025-06-04 07:14:01,840 [INFO] - No command received or error in listening.
2025-06-04 07:14:01,857 [WARNING] - Audio input error (OSError): No Default Input Device Available - Likely no microphone in sandbox.
2025-06-04 07:14:01,857 [INFO] - No command received or error in listening.
2025-06-04 07:14:01,874 [WARNING] - Audio input error (OSError): No Default Input Device Available - Likely no microphone in sandbox.
2025-06-04 07:14:01,874 [INFO] - No command received or error in listening.
2025-06-04 07:14:01,892 [WARNING] - Audio input error (OSError): No Default Input Device Available - Likely no microphone in sandbox.
2025-06-04 07:14:01,892 [INFO] - No command received or error in listening.
2025-06-04 07:14:01,909 [WARNING] - Audio input error (OSError): No Default Input Device Available - Likely no microphone in sandbox.
2025-06-04 07:14:01,909 [INFO] - No command received or error in listening.
2025-06-04 07:14:01,927 [WARNING] - Audio input error (OSError): No Default Input Device Available - Likely no microphone in sandbox.
2025-06-04 07:14:01,927 [INFO] - No command received or error in listening.
2025-06-04 07:14:01,944 [WARNING] - Audio input error (OSError): No Default Input Device Available - Likely no microphone in sandbox.
2025-06-04 07:14:01,944 [INFO] - No command received or error in listening.
2025-06-04 07:14:01,961 [WARNING] - Audio input error (OSError): No Default Input Device Available - Likely no microphone in sandbox.
2025-06-04 07:14:01,962 [INFO] - No command received or error in listening.
2025-06-04 07:14:01,979 [WARNING] - Audio input error (OSError): No Default Input Device Available - Likely no microphone in sandbox.
2025-06-04 07:14:01,979 [INFO] - No command received or error in listening.
2025-06-04 07:14:01,996 [WARNING] - Audio input error (OSError): No Default Input Device Available - Likely no microphone in sandbox.
2025-06-04 07:14:01,996 [INFO] - No command received or error in listening.
2025-06-04 07:14:02,013 [WARNING] - Audio input error (OSError): No Default Input Device Available - Likely no microphone in sandbox.
2025-06-04 07:14:02,013 [INFO] - No command received or error in listening.
2025-06-04 07:14:02,031 [WARNING] - Audio input error (OSError): No Default Input Device Available - Likely no microphone in sandbox.
2025-06-04 07:14:02,031 [INFO] - No command received or error in listening.
2025-06-04 07:14:02,048 [WARNING] - Audio input error (OSError): No Default Input Device Available - Likely no microphone in sandbox.
2025-06-04 07:14:02,049 [INFO] - No command received or error in listening.
2025-06-04 07:14:02,066 [WARNING] - Audio input error (OSError): No Default Input Device Available - Likely no microphone in sandbox.
2025-06-04 07:14:02,066 [INFO] - No command received or error in listening.
2025-06-04 07:14:02,083 [WARNING] - Audio input error (OSError): No Default Input Device Available - Likely no microphone in sandbox.
2025-06-04 07:14:02,083 [INFO] - No command received or error in listening.
2025-06-04 07:14:02,100 [WARNING] - Audio input error (OSError): No Default Input Device Available - Likely no microphone in sandbox.
2025-06-04 07:14:02,101 [INFO] - No command received or error in listening.
2025-06-04 07:14:02,118 [WARNING] - Audio input error (OSError): No Default Input Device Available - Likely no microphone in sandbox.
2025-06-04 07:14:02,118 [INFO] - No command received or error in listening.
2025-06-04 07:14:02,135 [WARNING] - Audio input error (OSError): No Default Input Device Available - Likely no microphone in sandbox.
2025-06-04 07:14:02,135 [INFO] - No command received or error in listening.
2025-06-04 07:14:02,153 [WARNING] - Audio input error (OSError): No Default Input Device Available - Likely no microphone in sandbox.
2025-06-04 07:14:02,153 [INFO] - No command received or error in listening.
2025-06-04 07:14:02,170 [WARNING] - Audio input error (OSError): No Default Input Device Available - Likely no microphone in sandbox.
2025-06-04 07:14:02,170 [INFO] - No command received or error in listening.
2025-06-04 07:14:02,188 [WARNING] - Audio input error (OSError): No Default Input Device Available - Likely no microphone in sandbox.
2025-06-04 07:14:02,188 [INFO] - No command received or error in listening.
2025-06-04 07:14:02,205 [WARNING] - Audio input error (OSError): No Default Input Device Available - Likely no microphone in sandbox.
2025-06-04 07:14:02,205 [INFO] - No command received or error in listening.
2025-06-04 07:14:02,225 [WARNING] - Audio input error (OSError): No Default Input Device Available - Likely no microphone in sandbox.
2025-06-04 07:14:02,225 [INFO] - No command received or error in listening.
2025-06-04 07:14:02,244 [WARNING] - Audio input error (OSError): No Default Input Device Available - Likely no microphone in sandbox.
2025-06-04 07:14:02,244 [INFO] - No command received or error in listening.
2025-06-04 07:14:02,261 [WARNING] - Audio input error (OSError): No Default Input Device Available - Likely no microphone in sandbox.
2025-06-04 07:14:02,261 [INFO] - No command received or error in listening.
2025-06-04 07:14:02,279 [WARNING] - Audio input error (OSError): No Default Input Device Available - Likely no microphone in sandbox.
2025-06-04 07:14:02,279 [INFO] - No command received or error in listening.
2025-06-04 07:14:02,296 [WARNING] - Audio input error (OSError): No Default Input Device Available - Likely no microphone in sandbox.
2025-06-04 07:14:02,296 [INFO] - No command received or error in listening.
2025-06-04 07:14:02,313 [WARNING] - Audio input error (OSError): No Default Input Device Available - Likely no microphone in sandbox.
2025-06-04 07:14:02,314 [INFO] - No command received or error in listening.
2025-06-04 07:14:02,331 [WARNING] - Audio input error (OSError): No Default Input Device Available - Likely no microphone in sandbox.
2025-06-04 07:14:02,331 [INFO] - No command received or error in listening.
2025-06-04 07:14:02,348 [WARNING] - Audio input error (OSError): No Default Input Device Available - Likely no microphone in sandbox.
2025-06-04 07:14:02,349 [INFO] - No command received or error in listening.
2025-06-04 07:14:02,366 [WARNING] - Audio input error (OSError): No Default Input Device Available - Likely no microphone in sandbox.
2025-06-04 07:14:02,366 [INFO] - No command received or error in listening.
2025-06-04 07:14:02,384 [WARNING] - Audio input error (OSError): No Default Input Device Available - Likely no microphone in sandbox.
2025-06-04 07:14:02,384 [INFO] - No command received or error in listening.
2025-06-04 07:14:02,401 [WARNING] - Audio input error (OSError): No Default Input Device Available - Likely no microphone in sandbox.
2025-06-04 07:14:02,401 [INFO] - No command received or error in listening.
2025-06-04 07:14:02,419 [WARNING] - Audio input error (OSError): No Default Input Device Available - Likely no microphone in sandbox.
2025-06-04 07:14:02,419 [INFO] - No command received or error in listening.
2025-06-04 07:14:02,436 [WARNING] - Audio input error (OSError): No Default Input Device Available - Likely no microphone in sandbox.
2025-06-04 07:14:02,436 [INFO] - No command received or error in listening.
2025-06-04 07:14:02,453 [WARNING] - Audio input error (OSError): No Default Input Device Available - Likely no microphone in sandbox.
2025-06-04 07:14:02,453 [INFO] - No command received or error in listening.
2025-06-04 07:14:02,471 [WARNING] - Audio input error (OSError): No Default Input Device Available - Likely no microphone in sandbox.
2025-06-04 07:14:02,471 [INFO] - No command received or error in listening.
2025-06-04 07:14:02,488 [WARNING] - Audio input error (OSError): No Default Input Device Available - Likely no microphone in sandbox.
2025-06-04 07:14:02,488 [INFO] - No command received or error in listening.
2025-06-04 07:14:02,506 [WARNING] - Audio input error (OSError): No Default Input Device Available - Likely no microphone in sandbox.
2025-06-04 07:14:02,506 [INFO] - No command received or error in listening.
2025-06-04 07:14:02,523 [WARNING] - Audio input error (OSError): No Default Input Device Available - Likely no microphone in sandbox.
2025-06-04 07:14:02,523 [INFO] - No command received or error in listening.
2025-06-04 07:14:02,540 [WARNING] - Audio input error (OSError): No Default Input Device Available - Likely no microphone in sandbox.
2025-06-04 07:14:02,540 [INFO] - No command received or error in listening.
2025-06-04 07:14:02,557 [WARNING] - Audio input error (OSError): No Default Input Device Available - Likely no microphone in sandbox.
2025-06-04 07:14:02,557 [INFO] - No command received or error in listening.
2025-06-04 07:14:02,575 [WARNING] - Audio input error (OSError): No Default Input Device Available - Likely no microphone in sandbox.
2025-06-04 07:14:02,575 [INFO] - No command received or error in listening.
2025-06-04 07:14:02,592 [WARNING] - Audio input error (OSError): No Default Input Device Available - Likely no microphone in sandbox.
2025-06-04 07:14:02,592 [INFO] - No command received or error in listening.
2025-06-04 07:14:02,609 [WARNING] - Audio input error (OSError): No Default Input Device Available - Likely no microphone in sandbox.
2025-06-04 07:14:02,609 [INFO] - No command received or error in listening.
2025-06-04 07:14:02,626 [WARNING] - Audio input error (OSError): No Default Input Device Available - Likely no microphone in sandbox.
2025-06-04 07:14:02,626 [INFO] - No command received or error in listening.
2025-06-04 07:14:02,643 [WARNING] - Audio input error (OSError): No Default Input Device Available - Likely no microphone in sandbox.
2025-06-04 07:14:02,643 [INFO] - No command received or error in listening.
2025-06-04 07:14:02,660 [WARNING] - Audio input error (OSError): No Default Input Device Available - Likely no microphone in sandbox.
2025-06-04 07:14:02,661 [INFO] - No command received or error in listening.
2025-06-04 07:14:02,678 [WARNING] - Audio input error (OSError): No Default Input Device Available - Likely no microphone in sandbox.
2025-06-04 07:14:02,678 [INFO] - No command received or error in listening.
2025-06-04 07:14:02,695 [WARNING] - Audio input error (OSError): No Default Input Device Available - Likely no microphone in sandbox.
2025-06-04 07:14:02,696 [INFO] - No command received or error in listening.
2025-06-04 07:14:02,713 [WARNING] - Audio input error (OSError): No Default Input Device Available - Likely no microphone in sandbox.
2025-06-04 07:14:02,713 [INFO] - No command received or error in listening.
2025-06-04 07:14:02,730 [WARNING] - Audio input error (OSError): No Default Input Device Available - Likely no microphone in sandbox.
2025-06-04 07:14:02,730 [INFO] - No command received or error in listening.
2025-06-04 07:14:02,748 [WARNING] - Audio input error (OSError): No Default Input Device Available - Likely no microphone in sandbox.
2025-06-04 07:14:02,748 [INFO] - No command received or error in listening.
2025-06-04 07:14:02,765 [WARNING] - Audio input error (OSError): No Default Input Device Available - Likely no microphone in sandbox.
2025-06-04 07:14:02,765 [INFO] - No command received or error in listening.
2025-06-04 07:14:02,782 [WARNING] - Audio input error (OSError): No Default Input Device Available - Likely no microphone in sandbox.
2025-06-04 07:14:02,783 [INFO] - No command received or error in listening.
2025-06-04 07:14:02,800 [WARNING] - Audio input error (OSError): No Default Input Device Available - Likely no microphone in sandbox.
2025-06-04 07:14:02,800 [INFO] - No command received or error in listening.
2025-06-04 07:14:02,817 [WARNING] - Audio input error (OSError): No Default Input Device Available - Likely no microphone in sandbox.
2025-06-04 07:14:02,817 [INFO] - No command received or error in listening.
2025-06-04 07:14:02,835 [WARNING] - Audio input error (OSError): No Default Input Device Available - Likely no microphone in sandbox.
2025-06-04 07:14:02,835 [INFO] - No command received or error in listening.
2025-06-04 07:14:02,852 [WARNING] - Audio input error (OSError): No Default Input Device Available - Likely no microphone in sandbox.
2025-06-04 07:14:02,852 [INFO] - No command received or error in listening.
2025-06-04 07:14:02,869 [WARNING] - Audio input error (OSError): No Default Input Device Available - Likely no microphone in sandbox.
2025-06-04 07:14:02,870 [INFO] - No command received or error in listening.
2025-06-04 07:14:02,887 [WARNING] - Audio input error (OSError): No Default Input Device Available - Likely no microphone in sandbox.
2025-06-04 07:14:02,887 [INFO] - No command received or error in listening.
2025-06-04 07:14:02,904 [WARNING] - Audio input error (OSError): No Default Input Device Available - Likely no microphone in sandbox.
2025-06-04 07:14:02,905 [INFO] - No command received or error in listening.
2025-06-04 07:14:02,922 [WARNING] - Audio input error (OSError): No Default Input Device Available - Likely no microphone in sandbox.
2025-06-04 07:14:02,922 [INFO] - No command received or error in listening.
2025-06-04 07:14:02,939 [WARNING] - Audio input error (OSError): No Default Input Device Available - Likely no microphone in sandbox.
2025-06-04 07:14:02,940 [INFO] - No command received or error in listening.
2025-06-04 07:14:02,957 [WARNING] - Audio input error (OSError): No Default Input Device Available - Likely no microphone in sandbox.
2025-06-04 07:14:02,957 [INFO] - No command received or error in listening.
2025-06-04 07:14:02,975 [WARNING] - Audio input error (OSError): No Default Input Device Available - Likely no microphone in sandbox.
2025-06-04 07:14:02,975 [INFO] - No command received or error in listening.
2025-06-04 07:14:02,992 [WARNING] - Audio input error (OSError): No Default Input Device Available - Likely no microphone in sandbox.
2025-06-04 07:14:02,992 [INFO] - No command received or error in listening.
2025-06-04 07:14:03,009 [WARNING] - Audio input error (OSError): No Default Input Device Available - Likely no microphone in sandbox.
2025-06-04 07:14:03,010 [INFO] - No command received or error in listening.
2025-06-04 07:14:03,027 [WARNING] - Audio input error (OSError): No Default Input Device Available - Likely no microphone in sandbox.
2025-06-04 07:14:03,027 [INFO] - No command received or error in listening.
2025-06-04 07:14:03,044 [WARNING] - Audio input error (OSError): No Default Input Device Available - Likely no microphone in sandbox.
2025-06-04 07:14:03,044 [INFO] - No command received or error in listening.
2025-06-04 07:14:03,062 [WARNING] - Audio input error (OSError): No Default Input Device Available - Likely no microphone in sandbox.
2025-06-04 07:14:03,062 [INFO] - No command received or error in listening.
2025-06-04 07:14:03,079 [WARNING] - Audio input error (OSError): No Default Input Device Available - Likely no microphone in sandbox.
2025-06-04 07:14:03,079 [INFO] - No command received or error in listening.
2025-06-04 07:14:03,097 [WARNING] - Audio input error (OSError): No Default Input Device Available - Likely no microphone in sandbox.
2025-06-04 07:14:03,097 [INFO] - No command received or error in listening.
2025-06-04 07:14:03,114 [WARNING] - Audio input error (OSError): No Default Input Device Available - Likely no microphone in sandbox.
2025-06-04 07:14:03,114 [INFO] - No command received or error in listening.
2025-06-04 07:14:03,132 [WARNING] - Audio input error (OSError): No Default Input Device Available - Likely no microphone in sandbox.
2025-06-04 07:14:03,132 [INFO] - No command received or error in listening.
2025-06-04 07:14:03,149 [WARNING] - Audio input error (OSError): No Default Input Device Available - Likely no microphone in sandbox.
2025-06-04 07:14:03,149 [INFO] - No command received or error in listening.
2025-06-04 07:14:03,167 [WARNING] - Audio input error (OSError): No Default Input Device Available - Likely no microphone in sandbox.
2025-06-04 07:14:03,167 [INFO] - No command received or error in listening.
2025-06-04 07:14:03,184 [WARNING] - Audio input error (OSError): No Default Input Device Available - Likely no microphone in sandbox.
2025-06-04 07:14:03,184 [INFO] - No command received or error in listening.
2025-06-04 07:14:03,201 [WARNING] - Audio input error (OSError): No Default Input Device Available - Likely no microphone in sandbox.
2025-06-04 07:14:03,201 [INFO] - No command received or error in listening.
2025-06-04 07:14:03,219 [WARNING] - Audio input error (OSError): No Default Input Device Available - Likely no microphone in sandbox.
2025-06-04 07:14:03,219 [INFO] - No command received or error in listening.
2025-06-04 07:14:03,236 [WARNING] - Audio input error (OSError): No Default Input Device Available - Likely no microphone in sandbox.
2025-06-04 07:14:03,236 [INFO] - No command received or error in listening.
2025-06-04 07:14:03,253 [WARNING] - Audio input error (OSError): No Default Input Device Available - Likely no microphone in sandbox.
2025-06-04 07:14:03,253 [INFO] - No command received or error in listening.
2025-06-04 07:14:03,270 [WARNING] - Audio input error (OSError): No Default Input Device Available - Likely no microphone in sandbox.
2025-06-04 07:14:03,271 [INFO] - No command received or error in listening.
2025-06-04 07:14:03,288 [WARNING] - Audio input error (OSError): No Default Input Device Available - Likely no microphone in sandbox.
2025-06-04 07:14:03,288 [INFO] - No command received or error in listening.
2025-06-04 07:14:03,305 [WARNING] - Audio input error (OSError): No Default Input Device Available - Likely no microphone in sandbox.
2025-06-04 07:14:03,305 [INFO] - No command received or error in listening.
2025-06-04 07:14:03,322 [WARNING] - Audio input error (OSError): No Default Input Device Available - Likely no microphone in sandbox.
2025-06-04 07:14:03,323 [INFO] - No command received or error in listening.
2025-06-04 07:14:03,340 [WARNING] - Audio input error (OSError): No Default Input Device Available - Likely no microphone in sandbox.
2025-06-04 07:14:03,340 [INFO] - No command received or error in listening.
2025-06-04 07:14:03,357 [WARNING] - Audio input error (OSError): No Default Input Device Available - Likely no microphone in sandbox.
2025-06-04 07:14:03,357 [INFO] - No command received or error in listening.
2025-06-04 07:14:03,374 [WARNING] - Audio input error (OSError): No Default Input Device Available - Likely no microphone in sandbox.
2025-06-04 07:14:03,374 [INFO] - No command received or error in listening.
2025-06-04 07:14:03,392 [WARNING] - Audio input error (OSError): No Default Input Device Available - Likely no microphone in sandbox.
2025-06-04 07:14:03,392 [INFO] - No command received or error in listening.
2025-06-04 07:14:03,409 [WARNING] - Audio input error (OSError): No Default Input Device Available - Likely no microphone in sandbox.
2025-06-04 07:14:03,410 [INFO] - No command received or error in listening.
2025-06-04 07:14:03,426 [WARNING] - Audio input error (OSError): No Default Input Device Available - Likely no microphone in sandbox.
2025-06-04 07:14:03,427 [INFO] - No command received or error in listening.
2025-06-04 07:14:03,444 [WARNING] - Audio input error (OSError): No Default Input Device Available - Likely no microphone in sandbox.
2025-06-04 07:14:03,444 [INFO] - No command received or error in listening.
2025-06-04 07:14:03,461 [WARNING] - Audio input error (OSError): No Default Input Device Available - Likely no microphone in sandbox.
2025-06-04 07:14:03,461 [INFO] - No command received or error in listening.
2025-06-04 07:14:03,478 [WARNING] - Audio input error (OSError): No Default Input Device Available - Likely no microphone in sandbox.
2025-06-04 07:14:03,479 [INFO] - No command received or error in listening.
2025-06-04 07:14:03,496 [WARNING] - Audio input error (OSError): No Default Input Device Available - Likely no microphone in sandbox.
2025-06-04 07:14:03,496 [INFO] - No command received or error in listening.
2025-06-04 07:14:03,513 [WARNING] - Audio input error (OSError): No Default Input Device Available - Likely no microphone in sandbox.
2025-06-04 07:14:03,513 [INFO] - No command received or error in listening.
2025-06-04 07:14:03,530 [WARNING] - Audio input error (OSError): No Default Input Device Available - Likely no microphone in sandbox.
2025-06-04 07:14:03,530 [INFO] - No command received or error in listening.
2025-06-04 07:14:03,548 [WARNING] - Audio input error (OSError): No Default Input Device Available - Likely no microphone in sandbox.
2025-06-04 07:14:03,548 [INFO] - No command received or error in listening.
2025-06-04 07:14:03,565 [WARNING] - Audio input error (OSError): No Default Input Device Available - Likely no microphone in sandbox.
2025-06-04 07:14:03,565 [INFO] - No command received or error in listening.
2025-06-04 07:14:03,582 [WARNING] - Audio input error (OSError): No Default Input Device Available - Likely no microphone in sandbox.
2025-06-04 07:14:03,583 [INFO] - No command received or error in listening.
2025-06-04 07:14:03,600 [WARNING] - Audio input error (OSError): No Default Input Device Available - Likely no microphone in sandbox.
2025-06-04 07:14:03,600 [INFO] - No command received or error in listening.
2025-06-04 07:14:03,617 [WARNING] - Audio input error (OSError): No Default Input Device Available - Likely no microphone in sandbox.
2025-06-04 07:14:03,617 [INFO] - No command received or error in listening.
2025-06-04 07:14:03,634 [WARNING] - Audio input error (OSError): No Default Input Device Available - Likely no microphone in sandbox.
2025-06-04 07:14:03,634 [INFO] - No command received or error in listening.
2025-06-04 07:14:03,652 [WARNING] - Audio input error (OSError): No Default Input Device Available - Likely no microphone in sandbox.
2025-06-04 07:14:03,652 [INFO] - No command received or error in listening.
2025-06-04 07:14:03,669 [WARNING] - Audio input error (OSError): No Default Input Device Available - Likely no microphone in sandbox.
2025-06-04 07:14:03,669 [INFO] - No command received or error in listening.
2025-06-04 07:14:03,687 [WARNING] - Audio input error (OSError): No Default Input Device Available - Likely no microphone in sandbox.
2025-06-04 07:14:03,687 [INFO] - No command received or error in listening.
2025-06-04 07:14:03,704 [WARNING] - Audio input error (OSError): No Default Input Device Available - Likely no microphone in sandbox.
2025-06-04 07:14:03,705 [INFO] - No command received or error in listening.
2025-06-04 07:14:03,722 [WARNING] - Audio input error (OSError): No Default Input Device Available - Likely no microphone in sandbox.
2025-06-04 07:14:03,722 [INFO] - No command received or error in listening.
2025-06-04 07:14:03,739 [WARNING] - Audio input error (OSError): No Default Input Device Available - Likely no microphone in sandbox.
2025-06-04 07:14:03,739 [INFO] - No command received or error in listening.
2025-06-04 07:14:03,757 [WARNING] - Audio input error (OSError): No Default Input Device Available - Likely no microphone in sandbox.
2025-06-04 07:14:03,757 [INFO] - No command received or error in listening.
2025-06-04 07:14:03,774 [WARNING] - Audio input error (OSError): No Default Input Device Available - Likely no microphone in sandbox.
2025-06-04 07:14:03,774 [INFO] - No command received or error in listening.
2025-06-04 07:14:03,792 [WARNING] - Audio input error (OSError): No Default Input Device Available - Likely no microphone in sandbox.
2025-06-04 07:14:03,792 [INFO] - No command received or error in listening.
2025-06-04 07:14:03,809 [WARNING] - Audio input error (OSError): No Default Input Device Available - Likely no microphone in sandbox.
2025-06-04 07:14:03,809 [INFO] - No command received or error in listening.
2025-06-04 07:14:03,826 [WARNING] - Audio input error (OSError): No Default Input Device Available - Likely no microphone in sandbox.
2025-06-04 07:14:03,827 [INFO] - No command received or error in listening.
2025-06-04 07:14:03,844 [WARNING] - Audio input error (OSError): No Default Input Device Available - Likely no microphone in sandbox.
2025-06-04 07:14:03,844 [INFO] - No command received or error in listening.
2025-06-04 07:14:03,861 [WARNING] - Audio input error (OSError): No Default Input Device Available - Likely no microphone in sandbox.
2025-06-04 07:14:03,861 [INFO] - No command received or error in listening.
2025-06-04 07:14:03,879 [WARNING] - Audio input error (OSError): No Default Input Device Available - Likely no microphone in sandbox.
2025-06-04 07:14:03,879 [INFO] - No command received or error in listening.
2025-06-04 07:14:03,896 [WARNING] - Audio input error (OSError): No Default Input Device Available - Likely no microphone in sandbox.
2025-06-04 07:14:03,896 [INFO] - No command received or error in listening.
2025-06-04 07:14:03,913 [WARNING] - Audio input error (OSError): No Default Input Device Available - Likely no microphone in sandbox.
2025-06-04 07:14:03,913 [INFO] - No command received or error in listening.
2025-06-04 07:14:03,930 [WARNING] - Audio input error (OSError): No Default Input Device Available - Likely no microphone in sandbox.
2025-06-04 07:14:03,931 [INFO] - No command received or error in listening.
2025-06-04 07:14:03,948 [WARNING] - Audio input error (OSError): No Default Input Device Available - Likely no microphone in sandbox.
2025-06-04 07:14:03,948 [INFO] - No command received or error in listening.
2025-06-04 07:14:03,965 [WARNING] - Audio input error (OSError): No Default Input Device Available - Likely no microphone in sandbox.
2025-06-04 07:14:03,965 [INFO] - No command received or error in listening.
2025-06-04 07:14:03,983 [WARNING] - Audio input error (OSError): No Default Input Device Available - Likely no microphone in sandbox.
2025-06-04 07:14:03,983 [INFO] - No command received or error in listening.
2025-06-04 07:14:04,000 [WARNING] - Audio input error (OSError): No Default Input Device Available - Likely no microphone in sandbox.
2025-06-04 07:14:04,000 [INFO] - No command received or error in listening.
2025-06-04 07:14:04,017 [WARNING] - Audio input error (OSError): No Default Input Device Available - Likely no microphone in sandbox.
2025-06-04 07:14:04,018 [INFO] - No command received or error in listening.
2025-06-04 07:14:04,034 [WARNING] - Audio input error (OSError): No Default Input Device Available - Likely no microphone in sandbox.
2025-06-04 07:14:04,035 [INFO] - No command received or error in listening.
2025-06-04 07:14:04,052 [WARNING] - Audio input error (OSError): No Default Input Device Available - Likely no microphone in sandbox.
2025-06-04 07:14:04,052 [INFO] - No command received or error in listening.
2025-06-04 07:14:04,069 [WARNING] - Audio input error (OSError): No Default Input Device Available - Likely no microphone in sandbox.
2025-06-04 07:14:04,069 [INFO] - No command received or error in listening.
2025-06-04 07:14:04,086 [WARNING] - Audio input error (OSError): No Default Input Device Available - Likely no microphone in sandbox.
2025-06-04 07:14:04,086 [INFO] - No command received or error in listening.
2025-06-04 07:14:04,103 [WARNING] - Audio input error (OSError): No Default Input Device Available - Likely no microphone in sandbox.
2025-06-04 07:14:04,103 [INFO] - No command received or error in listening.
2025-06-04 07:14:04,121 [WARNING] - Audio input error (OSError): No Default Input Device Available - Likely no microphone in sandbox.
2025-06-04 07:14:04,121 [INFO] - No command received or error in listening.
2025-06-04 07:14:04,139 [WARNING] - Audio input error (OSError): No Default Input Device Available - Likely no microphone in sandbox.
2025-06-04 07:14:04,139 [INFO] - No command received or error in listening.
2025-06-04 07:14:04,158 [WARNING] - Audio input error (OSError): No Default Input Device Available - Likely no microphone in sandbox.
2025-06-04 07:14:04,159 [INFO] - No command received or error in listening.
2025-06-04 07:14:04,176 [WARNING] - Audio input error (OSError): No Default Input Device Available - Likely no microphone in sandbox.
2025-06-04 07:14:04,176 [INFO] - No command received or error in listening.
2025-06-04 07:14:04,193 [WARNING] - Audio input error (OSError): No Default Input Device Available - Likely no microphone in sandbox.
2025-06-04 07:14:04,193 [INFO] - No command received or error in listening.
2025-06-04 07:14:04,211 [WARNING] - Audio input error (OSError): No Default Input Device Available - Likely no microphone in sandbox.
2025-06-04 07:14:04,211 [INFO] - No command received or error in listening.
2025-06-04 07:14:04,228 [WARNING] - Audio input error (OSError): No Default Input Device Available - Likely no microphone in sandbox.
2025-06-04 07:14:04,228 [INFO] - No command received or error in listening.
2025-06-04 07:14:04,245 [WARNING] - Audio input error (OSError): No Default Input Device Available - Likely no microphone in sandbox.
2025-06-04 07:14:04,245 [INFO] - No command received or error in listening.
2025-06-04 07:14:04,262 [WARNING] - Audio input error (OSError): No Default Input Device Available - Likely no microphone in sandbox.
2025-06-04 07:14:04,263 [INFO] - No command received or error in listening.
2025-06-04 07:14:04,280 [WARNING] - Audio input error (OSError): No Default Input Device Available - Likely no microphone in sandbox.
2025-06-04 07:14:04,280 [INFO] - No command received or error in listening.
2025-06-04 07:14:04,297 [WARNING] - Audio input error (OSError): No Default Input Device Available - Likely no microphone in sandbox.
2025-06-04 07:14:04,297 [INFO] - No command received or error in listening.
2025-06-04 07:14:04,314 [WARNING] - Audio input error (OSError): No Default Input Device Available - Likely no microphone in sandbox.
2025-06-04 07:14:04,315 [INFO] - No command received or error in listening.
2025-06-04 07:14:04,332 [WARNING] - Audio input error (OSError): No Default Input Device Available - Likely no microphone in sandbox.
2025-06-04 07:14:04,332 [INFO] - No command received or error in listening.
2025-06-04 07:14:04,349 [WARNING] - Audio input error (OSError): No Default Input Device Available - Likely no microphone in sandbox.
2025-06-04 07:14:04,349 [INFO] - No command received or error in listening.
2025-06-04 07:14:04,367 [WARNING] - Audio input error (OSError): No Default Input Device Available - Likely no microphone in sandbox.
2025-06-04 07:14:04,367 [INFO] - No command received or error in listening.
2025-06-04 07:14:04,384 [WARNING] - Audio input error (OSError): No Default Input Device Available - Likely no microphone in sandbox.
2025-06-04 07:14:04,384 [INFO] - No command received or error in listening.
2025-06-04 07:14:04,401 [WARNING] - Audio input error (OSError): No Default Input Device Available - Likely no microphone in sandbox.
2025-06-04 07:14:04,401 [INFO] - No command received or error in listening.
2025-06-04 07:14:04,419 [WARNING] - Audio input error (OSError): No Default Input Device Available - Likely no microphone in sandbox.
2025-06-04 07:14:04,419 [INFO] - No command received or error in listening.
2025-06-04 07:14:04,436 [WARNING] - Audio input error (OSError): No Default Input Device Available - Likely no microphone in sandbox.
2025-06-04 07:14:04,436 [INFO] - No command received or error in listening.
2025-06-04 07:14:04,453 [WARNING] - Audio input error (OSError): No Default Input Device Available - Likely no microphone in sandbox.
2025-06-04 07:14:04,453 [INFO] - No command received or error in listening.
2025-06-04 07:14:04,471 [WARNING] - Audio input error (OSError): No Default Input Device Available - Likely no microphone in sandbox.
2025-06-04 07:14:04,471 [INFO] - No command received or error in listening.
2025-06-04 07:14:04,488 [WARNING] - Audio input error (OSError): No Default Input Device Available - Likely no microphone in sandbox.
2025-06-04 07:14:04,488 [INFO] - No command received or error in listening.
2025-06-04 07:14:04,505 [WARNING] - Audio input error (OSError): No Default Input Device Available - Likely no microphone in sandbox.
2025-06-04 07:14:04,505 [INFO] - No command received or error in listening.
2025-06-04 07:14:04,522 [WARNING] - Audio input error (OSError): No Default Input Device Available - Likely no microphone in sandbox.
2025-06-04 07:14:04,523 [INFO] - No command received or error in listening.
2025-06-04 07:14:04,540 [WARNING] - Audio input error (OSError): No Default Input Device Available - Likely no microphone in sandbox.
2025-06-04 07:14:04,540 [INFO] - No command received or error in listening.
2025-06-04 07:14:04,557 [WARNING] - Audio input error (OSError): No Default Input Device Available - Likely no microphone in sandbox.
2025-06-04 07:14:04,557 [INFO] - No command received or error in listening.
2025-06-04 07:14:04,574 [WARNING] - Audio input error (OSError): No Default Input Device Available - Likely no microphone in sandbox.
2025-06-04 07:14:04,574 [INFO] - No command received or error in listening.
2025-06-04 07:14:04,591 [WARNING] - Audio input error (OSError): No Default Input Device Available - Likely no microphone in sandbox.
2025-06-04 07:14:04,591 [INFO] - No command received or error in listening.
2025-06-04 07:14:04,608 [WARNING] - Audio input error (OSError): No Default Input Device Available - Likely no microphone in sandbox.
2025-06-04 07:14:04,608 [INFO] - No command received or error in listening.
2025-06-04 07:14:04,625 [WARNING] - Audio input error (OSError): No Default Input Device Available - Likely no microphone in sandbox.
2025-06-04 07:14:04,625 [INFO] - No command received or error in listening.
2025-06-04 07:14:04,642 [WARNING] - Audio input error (OSError): No Default Input Device Available - Likely no microphone in sandbox.
2025-06-04 07:14:04,642 [INFO] - No command received or error in listening.
2025-06-04 07:14:04,660 [WARNING] - Audio input error (OSError): No Default Input Device Available - Likely no microphone in sandbox.
2025-06-04 07:14:04,660 [INFO] - No command received or error in listening.
2025-06-04 07:14:04,677 [WARNING] - Audio input error (OSError): No Default Input Device Available - Likely no microphone in sandbox.
2025-06-04 07:14:04,677 [INFO] - No command received or error in listening.
2025-06-04 07:14:04,694 [WARNING] - Audio input error (OSError): No Default Input Device Available - Likely no microphone in sandbox.
2025-06-04 07:14:04,694 [INFO] - No command received or error in listening.
2025-06-04 07:14:04,712 [WARNING] - Audio input error (OSError): No Default Input Device Available - Likely no microphone in sandbox.
2025-06-04 07:14:04,712 [INFO] - No command received or error in listening.
2025-06-04 07:14:04,729 [WARNING] - Audio input error (OSError): No Default Input Device Available - Likely no microphone in sandbox.
2025-06-04 07:14:04,729 [INFO] - No command received or error in listening.
2025-06-04 07:14:04,746 [WARNING] - Audio input error (OSError): No Default Input Device Available - Likely no microphone in sandbox.
2025-06-04 07:14:04,746 [INFO] - No command received or error in listening.
2025-06-04 07:14:04,763 [WARNING] - Audio input error (OSError): No Default Input Device Available - Likely no microphone in sandbox.
2025-06-04 07:14:04,763 [INFO] - No command received or error in listening.
2025-06-04 07:14:04,780 [WARNING] - Audio input error (OSError): No Default Input Device Available - Likely no microphone in sandbox.
2025-06-04 07:14:04,780 [INFO] - No command received or error in listening.
2025-06-04 07:14:04,798 [WARNING] - Audio input error (OSError): No Default Input Device Available - Likely no microphone in sandbox.
2025-06-04 07:14:04,798 [INFO] - No command received or error in listening.
2025-06-04 07:14:04,814 [WARNING] - Audio input error (OSError): No Default Input Device Available - Likely no microphone in sandbox.
2025-06-04 07:14:04,815 [INFO] - No command received or error in listening.
2025-06-04 07:14:04,832 [WARNING] - Audio input error (OSError): No Default Input Device Available - Likely no microphone in sandbox.
2025-06-04 07:14:04,832 [INFO] - No command received or error in listening.
2025-06-04 07:14:04,849 [WARNING] - Audio input error (OSError): No Default Input Device Available - Likely no microphone in sandbox.
2025-06-04 07:14:04,849 [INFO] - No command received or error in listening.
2025-06-04 07:14:04,866 [WARNING] - Audio input error (OSError): No Default Input Device Available - Likely no microphone in sandbox.
2025-06-04 07:14:04,867 [INFO] - No command received or error in listening.
2025-06-04 07:14:04,884 [WARNING] - Audio input error (OSError): No Default Input Device Available - Likely no microphone in sandbox.
2025-06-04 07:14:04,884 [INFO] - No command received or error in listening.
2025-06-04 07:14:04,901 [WARNING] - Audio input error (OSError): No Default Input Device Available - Likely no microphone in sandbox.
2025-06-04 07:14:04,901 [INFO] - No command received or error in listening.
2025-06-04 07:14:04,918 [WARNING] - Audio input error (OSError): No Default Input Device Available - Likely no microphone in sandbox.
2025-06-04 07:14:04,918 [INFO] - No command received or error in listening.
2025-06-04 07:14:04,935 [WARNING] - Audio input error (OSError): No Default Input Device Available - Likely no microphone in sandbox.
2025-06-04 07:14:04,936 [INFO] - No command received or error in listening.
2025-06-04 07:14:04,953 [WARNING] - Audio input error (OSError): No Default Input Device Available - Likely no microphone in sandbox.
2025-06-04 07:14:04,953 [INFO] - No command received or error in listening.
2025-06-04 07:14:04,970 [WARNING] - Audio input error (OSError): No Default Input Device Available - Likely no microphone in sandbox.
2025-06-04 07:14:04,970 [INFO] - No command received or error in listening.
2025-06-04 07:14:04,988 [WARNING] - Audio input error (OSError): No Default Input Device Available - Likely no microphone in sandbox.
2025-06-04 07:14:04,988 [INFO] - No command received or error in listening.
2025-06-04 07:14:05,005 [WARNING] - Audio input error (OSError): No Default Input Device Available - Likely no microphone in sandbox.
2025-06-04 07:14:05,005 [INFO] - No command received or error in listening.
2025-06-04 07:14:05,022 [WARNING] - Audio input error (OSError): No Default Input Device Available - Likely no microphone in sandbox.
2025-06-04 07:14:05,022 [INFO] - No command received or error in listening.
2025-06-04 07:14:05,039 [WARNING] - Audio input error (OSError): No Default Input Device Available - Likely no microphone in sandbox.
2025-06-04 07:14:05,039 [INFO] - No command received or error in listening.
2025-06-04 07:14:05,057 [WARNING] - Audio input error (OSError): No Default Input Device Available - Likely no microphone in sandbox.
2025-06-04 07:14:05,057 [INFO] - No command received or error in listening.
2025-06-04 07:14:05,074 [WARNING] - Audio input error (OSError): No Default Input Device Available - Likely no microphone in sandbox.
2025-06-04 07:14:05,074 [INFO] - No command received or error in listening.
2025-06-04 07:14:05,091 [WARNING] - Audio input error (OSError): No Default Input Device Available - Likely no microphone in sandbox.
2025-06-04 07:14:05,091 [INFO] - No command received or error in listening.
2025-06-04 07:14:05,108 [WARNING] - Audio input error (OSError): No Default Input Device Available - Likely no microphone in sandbox.
2025-06-04 07:14:05,108 [INFO] - No command received or error in listening.
2025-06-04 07:14:05,125 [WARNING] - Audio input error (OSError): No Default Input Device Available - Likely no microphone in sandbox.
2025-06-04 07:14:05,125 [INFO] - No command received or error in listening.
2025-06-04 07:14:05,142 [WARNING] - Audio input error (OSError): No Default Input Device Available - Likely no microphone in sandbox.
2025-06-04 07:14:05,142 [INFO] - No command received or error in listening.
2025-06-04 07:14:05,160 [WARNING] - Audio input error (OSError): No Default Input Device Available - Likely no microphone in sandbox.
2025-06-04 07:14:05,160 [INFO] - No command received or error in listening.
2025-06-04 07:14:05,177 [WARNING] - Audio input error (OSError): No Default Input Device Available - Likely no microphone in sandbox.
2025-06-04 07:14:05,177 [INFO] - No command received or error in listening.
2025-06-04 07:14:05,194 [WARNING] - Audio input error (OSError): No Default Input Device Available - Likely no microphone in sandbox.
2025-06-04 07:14:05,194 [INFO] - No command received or error in listening.
2025-06-04 07:14:05,212 [WARNING] - Audio input error (OSError): No Default Input Device Available - Likely no microphone in sandbox.
2025-06-04 07:14:05,212 [INFO] - No command received or error in listening.
2025-06-04 07:14:05,229 [WARNING] - Audio input error (OSError): No Default Input Device Available - Likely no microphone in sandbox.
2025-06-04 07:14:05,229 [INFO] - No command received or error in listening.
2025-06-04 07:14:05,246 [WARNING] - Audio input error (OSError): No Default Input Device Available - Likely no microphone in sandbox.
2025-06-04 07:14:05,246 [INFO] - No command received or error in listening.
2025-06-04 07:14:05,263 [WARNING] - Audio input error (OSError): No Default Input Device Available - Likely no microphone in sandbox.
2025-06-04 07:14:05,263 [INFO] - No command received or error in listening.
2025-06-04 07:14:05,280 [WARNING] - Audio input error (OSError): No Default Input Device Available - Likely no microphone in sandbox.
2025-06-04 07:14:05,280 [INFO] - No command received or error in listening.
2025-06-04 07:14:05,298 [WARNING] - Audio input error (OSError): No Default Input Device Available - Likely no microphone in sandbox.
2025-06-04 07:14:05,298 [INFO] - No command received or error in listening.
2025-06-04 07:14:05,315 [WARNING] - Audio input error (OSError): No Default Input Device Available - Likely no microphone in sandbox.
2025-06-04 07:14:05,315 [INFO] - No command received or error in listening.
2025-06-04 07:14:05,332 [WARNING] - Audio input error (OSError): No Default Input Device Available - Likely no microphone in sandbox.
2025-06-04 07:14:05,332 [INFO] - No command received or error in listening.
2025-06-04 07:14:05,350 [WARNING] - Audio input error (OSError): No Default Input Device Available - Likely no microphone in sandbox.
2025-06-04 07:14:05,350 [INFO] - No command received or error in listening.
2025-06-04 07:14:05,367 [WARNING] - Audio input error (OSError): No Default Input Device Available - Likely no microphone in sandbox.
2025-06-04 07:14:05,367 [INFO] - No command received or error in listening.
2025-06-04 07:14:05,384 [WARNING] - Audio input error (OSError): No Default Input Device Available - Likely no microphone in sandbox.
2025-06-04 07:14:05,384 [INFO] - No command received or error in listening.
2025-06-04 07:14:05,401 [WARNING] - Audio input error (OSError): No Default Input Device Available - Likely no microphone in sandbox.
2025-06-04 07:14:05,401 [INFO] - No command received or error in listening.
2025-06-04 07:14:05,419 [WARNING] - Audio input error (OSError): No Default Input Device Available - Likely no microphone in sandbox.
2025-06-04 07:14:05,419 [INFO] - No command received or error in listening.
2025-06-04 07:14:05,436 [WARNING] - Audio input error (OSError): No Default Input Device Available - Likely no microphone in sandbox.
2025-06-04 07:14:05,436 [INFO] - No command received or error in listening.
2025-06-04 07:14:05,453 [WARNING] - Audio input error (OSError): No Default Input Device Available - Likely no microphone in sandbox.
2025-06-04 07:14:05,453 [INFO] - No command received or error in listening.
2025-06-04 07:14:05,471 [WARNING] - Audio input error (OSError): No Default Input Device Available - Likely no microphone in sandbox.
2025-06-04 07:14:05,471 [INFO] - No command received or error in listening.
2025-06-04 07:14:05,488 [WARNING] - Audio input error (OSError): No Default Input Device Available - Likely no microphone in sandbox.
2025-06-04 07:14:05,488 [INFO] - No command received or error in listening.
2025-06-04 07:14:05,505 [WARNING] - Audio input error (OSError): No Default Input Device Available - Likely no microphone in sandbox.
2025-06-04 07:14:05,505 [INFO] - No command received or error in listening.
2025-06-04 07:14:05,522 [WARNING] - Audio input error (OSError): No Default Input Device Available - Likely no microphone in sandbox.
2025-06-04 07:14:05,522 [INFO] - No command received or error in listening.
2025-06-04 07:14:05,539 [WARNING] - Audio input error (OSError): No Default Input Device Available - Likely no microphone in sandbox.
2025-06-04 07:14:05,540 [INFO] - No command received or error in listening.
2025-06-04 07:14:05,557 [WARNING] - Audio input error (OSError): No Default Input Device Available - Likely no microphone in sandbox.
2025-06-04 07:14:05,557 [INFO] - No command received or error in listening.
2025-06-04 07:14:05,574 [WARNING] - Audio input error (OSError): No Default Input Device Available - Likely no microphone in sandbox.
2025-06-04 07:14:05,574 [INFO] - No command received or error in listening.
2025-06-04 07:14:05,591 [WARNING] - Audio input error (OSError): No Default Input Device Available - Likely no microphone in sandbox.
2025-06-04 07:14:05,591 [INFO] - No command received or error in listening.
2025-06-04 07:14:05,609 [WARNING] - Audio input error (OSError): No Default Input Device Available - Likely no microphone in sandbox.
2025-06-04 07:14:05,609 [INFO] - No command received or error in listening.
2025-06-04 07:14:05,626 [WARNING] - Audio input error (OSError): No Default Input Device Available - Likely no microphone in sandbox.
2025-06-04 07:14:05,626 [INFO] - No command received or error in listening.
2025-06-04 07:14:05,643 [WARNING] - Audio input error (OSError): No Default Input Device Available - Likely no microphone in sandbox.
2025-06-04 07:14:05,643 [INFO] - No command received or error in listening.
2025-06-04 07:14:05,661 [WARNING] - Audio input error (OSError): No Default Input Device Available - Likely no microphone in sandbox.
2025-06-04 07:14:05,661 [INFO] - No command received or error in listening.
2025-06-04 07:14:05,678 [WARNING] - Audio input error (OSError): No Default Input Device Available - Likely no microphone in sandbox.
2025-06-04 07:14:05,678 [INFO] - No command received or error in listening.
2025-06-04 07:14:05,696 [WARNING] - Audio input error (OSError): No Default Input Device Available - Likely no microphone in sandbox.
2025-06-04 07:14:05,696 [INFO] - No command received or error in listening.
2025-06-04 07:14:05,713 [WARNING] - Audio input error (OSError): No Default Input Device Available - Likely no microphone in sandbox.
2025-06-04 07:14:05,713 [INFO] - No command received or error in listening.
2025-06-04 07:14:05,730 [WARNING] - Audio input error (OSError): No Default Input Device Available - Likely no microphone in sandbox.
2025-06-04 07:14:05,731 [INFO] - No command received or error in listening.
2025-06-04 07:14:05,748 [WARNING] - Audio input error (OSError): No Default Input Device Available - Likely no microphone in sandbox.
2025-06-04 07:14:05,748 [INFO] - No command received or error in listening.
2025-06-04 07:14:05,765 [WARNING] - Audio input error (OSError): No Default Input Device Available - Likely no microphone in sandbox.
2025-06-04 07:14:05,765 [INFO] - No command received or error in listening.
2025-06-04 07:14:05,782 [WARNING] - Audio input error (OSError): No Default Input Device Available - Likely no microphone in sandbox.
2025-06-04 07:14:05,782 [INFO] - No command received or error in listening.
2025-06-04 07:14:05,800 [WARNING] - Audio input error (OSError): No Default Input Device Available - Likely no microphone in sandbox.
2025-06-04 07:14:05,800 [INFO] - No command received or error in listening.
2025-06-04 07:14:05,817 [WARNING] - Audio input error (OSError): No Default Input Device Available - Likely no microphone in sandbox.
2025-06-04 07:14:05,817 [INFO] - No command received or error in listening.
2025-06-04 07:14:05,834 [WARNING] - Audio input error (OSError): No Default Input Device Available - Likely no microphone in sandbox.
2025-06-04 07:14:05,834 [INFO] - No command received or error in listening.
2025-06-04 07:14:05,851 [WARNING] - Audio input error (OSError): No Default Input Device Available - Likely no microphone in sandbox.
2025-06-04 07:14:05,851 [INFO] - No command received or error in listening.
2025-06-04 07:14:05,869 [WARNING] - Audio input error (OSError): No Default Input Device Available - Likely no microphone in sandbox.
2025-06-04 07:14:05,869 [INFO] - No command received or error in listening.
2025-06-04 07:14:05,886 [WARNING] - Audio input error (OSError): No Default Input Device Available - Likely no microphone in sandbox.
2025-06-04 07:14:05,886 [INFO] - No command received or error in listening.
2025-06-04 07:14:05,903 [WARNING] - Audio input error (OSError): No Default Input Device Available - Likely no microphone in sandbox.
2025-06-04 07:14:05,903 [INFO] - No command received or error in listening.
2025-06-04 07:14:05,920 [WARNING] - Audio input error (OSError): No Default Input Device Available - Likely no microphone in sandbox.
2025-06-04 07:14:05,920 [INFO] - No command received or error in listening.
2025-06-04 07:14:05,938 [WARNING] - Audio input error (OSError): No Default Input Device Available - Likely no microphone in sandbox.
2025-06-04 07:14:05,938 [INFO] - No command received or error in listening.
2025-06-04 07:14:05,955 [WARNING] - Audio input error (OSError): No Default Input Device Available - Likely no microphone in sandbox.
2025-06-04 07:14:05,955 [INFO] - No command received or error in listening.
2025-06-04 07:14:05,972 [WARNING] - Audio input error (OSError): No Default Input Device Available - Likely no microphone in sandbox.
2025-06-04 07:14:05,972 [INFO] - No command received or error in listening.
2025-06-04 07:14:05,989 [WARNING] - Audio input error (OSError): No Default Input Device Available - Likely no microphone in sandbox.
2025-06-04 07:14:05,989 [INFO] - No command received or error in listening.
2025-06-04 07:14:06,007 [WARNING] - Audio input error (OSError): No Default Input Device Available - Likely no microphone in sandbox.
2025-06-04 07:14:06,007 [INFO] - No command received or error in listening.
2025-06-04 07:14:06,024 [WARNING] - Audio input error (OSError): No Default Input Device Available - Likely no microphone in sandbox.
2025-06-04 07:14:06,024 [INFO] - No command received or error in listening.
2025-06-04 07:14:06,041 [WARNING] - Audio input error (OSError): No Default Input Device Available - Likely no microphone in sandbox.
2025-06-04 07:14:06,041 [INFO] - No command received or error in listening.
2025-06-04 07:14:06,059 [WARNING] - Audio input error (OSError): No Default Input Device Available - Likely no microphone in sandbox.
2025-06-04 07:14:06,059 [INFO] - No command received or error in listening.
2025-06-04 07:14:06,076 [WARNING] - Audio input error (OSError): No Default Input Device Available - Likely no microphone in sandbox.
2025-06-04 07:14:06,076 [INFO] - No command received or error in listening.
2025-06-04 07:14:06,093 [WARNING] - Audio input error (OSError): No Default Input Device Available - Likely no microphone in sandbox.
2025-06-04 07:14:06,093 [INFO] - No command received or error in listening.
2025-06-04 07:14:06,110 [WARNING] - Audio input error (OSError): No Default Input Device Available - Likely no microphone in sandbox.
2025-06-04 07:14:06,111 [INFO] - No command received or error in listening.
2025-06-04 07:14:06,128 [WARNING] - Audio input error (OSError): No Default Input Device Available - Likely no microphone in sandbox.
2025-06-04 07:14:06,128 [INFO] - No command received or error in listening.
2025-06-04 07:14:06,145 [WARNING] - Audio input error (OSError): No Default Input Device Available - Likely no microphone in sandbox.
2025-06-04 07:14:06,145 [INFO] - No command received or error in listening.
2025-06-04 07:14:06,162 [WARNING] - Audio input error (OSError): No Default Input Device Available - Likely no microphone in sandbox.
2025-06-04 07:14:06,162 [INFO] - No command received or error in listening.
2025-06-04 07:14:06,180 [WARNING] - Audio input error (OSError): No Default Input Device Available - Likely no microphone in sandbox.
2025-06-04 07:14:06,180 [INFO] - No command received or error in listening.
2025-06-04 07:14:06,197 [WARNING] - Audio input error (OSError): No Default Input Device Available - Likely no microphone in sandbox.
2025-06-04 07:14:06,197 [INFO] - No command received or error in listening.
2025-06-04 07:14:06,214 [WARNING] - Audio input error (OSError): No Default Input Device Available - Likely no microphone in sandbox.
2025-06-04 07:14:06,214 [INFO] - No command received or error in listening.
2025-06-04 07:14:06,232 [WARNING] - Audio input error (OSError): No Default Input Device Available - Likely no microphone in sandbox.
2025-06-04 07:14:06,232 [INFO] - No command received or error in listening.
2025-06-04 07:14:06,249 [WARNING] - Audio input error (OSError): No Default Input Device Available - Likely no microphone in sandbox.
2025-06-04 07:14:06,249 [INFO] - No command received or error in listening.
2025-06-04 07:14:06,266 [WARNING] - Audio input error (OSError): No Default Input Device Available - Likely no microphone in sandbox.
2025-06-04 07:14:06,267 [INFO] - No command received or error in listening.
2025-06-04 07:14:06,284 [WARNING] - Audio input error (OSError): No Default Input Device Available - Likely no microphone in sandbox.
2025-06-04 07:14:06,284 [INFO] - No command received or error in listening.
2025-06-04 07:14:06,301 [WARNING] - Audio input error (OSError): No Default Input Device Available - Likely no microphone in sandbox.
2025-06-04 07:14:06,301 [INFO] - No command received or error in listening.
2025-06-04 07:14:06,319 [WARNING] - Audio input error (OSError): No Default Input Device Available - Likely no microphone in sandbox.
2025-06-04 07:14:06,319 [INFO] - No command received or error in listening.
2025-06-04 07:14:06,336 [WARNING] - Audio input error (OSError): No Default Input Device Available - Likely no microphone in sandbox.
2025-06-04 07:14:06,336 [INFO] - No command received or error in listening.
2025-06-04 07:14:06,354 [WARNING] - Audio input error (OSError): No Default Input Device Available - Likely no microphone in sandbox.
2025-06-04 07:14:06,354 [INFO] - No command received or error in listening.
2025-06-04 07:14:06,371 [WARNING] - Audio input error (OSError): No Default Input Device Available - Likely no microphone in sandbox.
2025-06-04 07:14:06,371 [INFO] - No command received or error in listening.
2025-06-04 07:14:06,388 [WARNING] - Audio input error (OSError): No Default Input Device Available - Likely no microphone in sandbox.
2025-06-04 07:14:06,389 [INFO] - No command received or error in listening.
2025-06-04 07:14:06,406 [WARNING] - Audio input error (OSError): No Default Input Device Available - Likely no microphone in sandbox.
2025-06-04 07:14:06,406 [INFO] - No command received or error in listening.
2025-06-04 07:14:06,423 [WARNING] - Audio input error (OSError): No Default Input Device Available - Likely no microphone in sandbox.
2025-06-04 07:14:06,423 [INFO] - No command received or error in listening.
2025-06-04 07:14:06,440 [WARNING] - Audio input error (OSError): No Default Input Device Available - Likely no microphone in sandbox.
2025-06-04 07:14:06,440 [INFO] - No command received or error in listening.
2025-06-04 07:14:06,458 [WARNING] - Audio input error (OSError): No Default Input Device Available - Likely no microphone in sandbox.
2025-06-04 07:14:06,458 [INFO] - No command received or error in listening.
2025-06-04 07:14:06,475 [WARNING] - Audio input error (OSError): No Default Input Device Available - Likely no microphone in sandbox.
2025-06-04 07:14:06,475 [INFO] - No command received or error in listening.
2025-06-04 07:14:06,493 [WARNING] - Audio input error (OSError): No Default Input Device Available - Likely no microphone in sandbox.
2025-06-04 07:14:06,493 [INFO] - No command received or error in listening.
2025-06-04 07:14:06,510 [WARNING] - Audio input error (OSError): No Default Input Device Available - Likely no microphone in sandbox.
2025-06-04 07:14:06,510 [INFO] - No command received or error in listening.
2025-06-04 07:14:06,527 [WARNING] - Audio input error (OSError): No Default Input Device Available - Likely no microphone in sandbox.
2025-06-04 07:14:06,527 [INFO] - No command received or error in listening.
2025-06-04 07:14:06,544 [WARNING] - Audio input error (OSError): No Default Input Device Available - Likely no microphone in sandbox.
2025-06-04 07:14:06,544 [INFO] - No command received or error in listening.
2025-06-04 07:14:06,562 [WARNING] - Audio input error (OSError): No Default Input Device Available - Likely no microphone in sandbox.
2025-06-04 07:14:06,562 [INFO] - No command received or error in listening.
2025-06-04 07:14:06,579 [WARNING] - Audio input error (OSError): No Default Input Device Available - Likely no microphone in sandbox.
2025-06-04 07:14:06,579 [INFO] - No command received or error in listening.
2025-06-04 07:14:06,596 [WARNING] - Audio input error (OSError): No Default Input Device Available - Likely no microphone in sandbox.
2025-06-04 07:14:06,596 [INFO] - No command received or error in listening.
2025-06-04 07:14:06,613 [WARNING] - Audio input error (OSError): No Default Input Device Available - Likely no microphone in sandbox.
2025-06-04 07:14:06,614 [INFO] - No command received or error in listening.
2025-06-04 07:14:06,631 [WARNING] - Audio input error (OSError): No Default Input Device Available - Likely no microphone in sandbox.
2025-06-04 07:14:06,631 [INFO] - No command received or error in listening.
2025-06-04 07:14:06,648 [WARNING] - Audio input error (OSError): No Default Input Device Available - Likely no microphone in sandbox.
2025-06-04 07:14:06,648 [INFO] - No command received or error in listening.
2025-06-04 07:14:06,665 [WARNING] - Audio input error (OSError): No Default Input Device Available - Likely no microphone in sandbox.
2025-06-04 07:14:06,665 [INFO] - No command received or error in listening.
2025-06-04 07:14:06,683 [WARNING] - Audio input error (OSError): No Default Input Device Available - Likely no microphone in sandbox.
2025-06-04 07:14:06,683 [INFO] - No command received or error in listening.
2025-06-04 07:14:06,700 [WARNING] - Audio input error (OSError): No Default Input Device Available - Likely no microphone in sandbox.
2025-06-04 07:14:06,700 [INFO] - No command received or error in listening.
2025-06-04 07:14:06,717 [WARNING] - Audio input error (OSError): No Default Input Device Available - Likely no microphone in sandbox.
2025-06-04 07:14:06,717 [INFO] - No command received or error in listening.
2025-06-04 07:14:06,734 [WARNING] - Audio input error (OSError): No Default Input Device Available - Likely no microphone in sandbox.
2025-06-04 07:14:06,734 [INFO] - No command received or error in listening.
2025-06-04 07:14:06,752 [WARNING] - Audio input error (OSError): No Default Input Device Available - Likely no microphone in sandbox.
2025-06-04 07:14:06,752 [INFO] - No command received or error in listening.
2025-06-04 07:14:06,769 [WARNING] - Audio input error (OSError): No Default Input Device Available - Likely no microphone in sandbox.
2025-06-04 07:14:06,769 [INFO] - No command received or error in listening.
2025-06-04 07:14:06,787 [WARNING] - Audio input error (OSError): No Default Input Device Available - Likely no microphone in sandbox.
2025-06-04 07:14:06,787 [INFO] - No command received or error in listening.
2025-06-04 07:14:06,804 [WARNING] - Audio input error (OSError): No Default Input Device Available - Likely no microphone in sandbox.
2025-06-04 07:14:06,804 [INFO] - No command received or error in listening.
2025-06-04 07:14:06,821 [WARNING] - Audio input error (OSError): No Default Input Device Available - Likely no microphone in sandbox.
2025-06-04 07:14:06,822 [INFO] - No command received or error in listening.
2025-06-04 07:14:06,839 [WARNING] - Audio input error (OSError): No Default Input Device Available - Likely no microphone in sandbox.
2025-06-04 07:14:06,839 [INFO] - No command received or error in listening.
2025-06-04 07:14:06,856 [WARNING] - Audio input error (OSError): No Default Input Device Available - Likely no microphone in sandbox.
2025-06-04 07:14:06,856 [INFO] - No command received or error in listening.
2025-06-04 07:14:06,873 [WARNING] - Audio input error (OSError): No Default Input Device Available - Likely no microphone in sandbox.
2025-06-04 07:14:06,873 [INFO] - No command received or error in listening.
2025-06-04 07:14:06,891 [WARNING] - Audio input error (OSError): No Default Input Device Available - Likely no microphone in sandbox.
2025-06-04 07:14:06,891 [INFO] - No command received or error in listening.
2025-06-04 07:14:06,908 [WARNING] - Audio input error (OSError): No Default Input Device Available - Likely no microphone in sandbox.
2025-06-04 07:14:06,908 [INFO] - No command received or error in listening.
2025-06-04 07:14:06,925 [WARNING] - Audio input error (OSError): No Default Input Device Available - Likely no microphone in sandbox.
2025-06-04 07:14:06,925 [INFO] - No command received or error in listening.
2025-06-04 07:14:06,942 [WARNING] - Audio input error (OSError): No Default Input Device Available - Likely no microphone in sandbox.
2025-06-04 07:14:06,942 [INFO] - No command received or error in listening.
2025-06-04 07:14:06,959 [WARNING] - Audio input error (OSError): No Default Input Device Available - Likely no microphone in sandbox.
2025-06-04 07:14:06,960 [INFO] - No command received or error in listening.
2025-06-04 07:14:06,977 [WARNING] - Audio input error (OSError): No Default Input Device Available - Likely no microphone in sandbox.
2025-06-04 07:14:06,977 [INFO] - No command received or error in listening.
2025-06-04 07:14:06,994 [WARNING] - Audio input error (OSError): No Default Input Device Available - Likely no microphone in sandbox.
2025-06-04 07:14:06,994 [INFO] - No command received or error in listening.
2025-06-04 07:14:07,011 [WARNING] - Audio input error (OSError): No Default Input Device Available - Likely no microphone in sandbox.
2025-06-04 07:14:07,011 [INFO] - No command received or error in listening.
2025-06-04 07:14:07,028 [WARNING] - Audio input error (OSError): No Default Input Device Available - Likely no microphone in sandbox.
2025-06-04 07:14:07,028 [INFO] - No command received or error in listening.
2025-06-04 07:14:07,045 [WARNING] - Audio input error (OSError): No Default Input Device Available - Likely no microphone in sandbox.
2025-06-04 07:14:07,045 [INFO] - No command received or error in listening.
2025-06-04 07:14:07,063 [WARNING] - Audio input error (OSError): No Default Input Device Available - Likely no microphone in sandbox.
2025-06-04 07:14:07,063 [INFO] - No command received or error in listening.
2025-06-04 07:14:07,080 [WARNING] - Audio input error (OSError): No Default Input Device Available - Likely no microphone in sandbox.
2025-06-04 07:14:07,080 [INFO] - No command received or error in listening.
2025-06-04 07:14:07,097 [WARNING] - Audio input error (OSError): No Default Input Device Available - Likely no microphone in sandbox.
2025-06-04 07:14:07,097 [INFO] - No command received or error in listening.
2025-06-04 07:14:07,115 [WARNING] - Audio input error (OSError): No Default Input Device Available - Likely no microphone in sandbox.
2025-06-04 07:14:07,115 [INFO] - No command received or error in listening.
2025-06-04 07:14:07,132 [WARNING] - Audio input error (OSError): No Default Input Device Available - Likely no microphone in sandbox.
2025-06-04 07:14:07,132 [INFO] - No command received or error in listening.
2025-06-04 07:14:07,150 [WARNING] - Audio input error (OSError): No Default Input Device Available - Likely no microphone in sandbox.
2025-06-04 07:14:07,150 [INFO] - No command received or error in listening.
2025-06-04 07:14:07,167 [WARNING] - Audio input error (OSError): No Default Input Device Available - Likely no microphone in sandbox.
2025-06-04 07:14:07,167 [INFO] - No command received or error in listening.
2025-06-04 07:14:07,185 [WARNING] - Audio input error (OSError): No Default Input Device Available - Likely no microphone in sandbox.
2025-06-04 07:14:07,185 [INFO] - No command received or error in listening.
2025-06-04 07:14:07,202 [WARNING] - Audio input error (OSError): No Default Input Device Available - Likely no microphone in sandbox.
2025-06-04 07:14:07,202 [INFO] - No command received or error in listening.
2025-06-04 07:14:07,220 [WARNING] - Audio input error (OSError): No Default Input Device Available - Likely no microphone in sandbox.
2025-06-04 07:14:07,220 [INFO] - No command received or error in listening.
2025-06-04 07:14:07,237 [WARNING] - Audio input error (OSError): No Default Input Device Available - Likely no microphone in sandbox.
2025-06-04 07:14:07,237 [INFO] - No command received or error in listening.
2025-06-04 07:14:07,255 [WARNING] - Audio input error (OSError): No Default Input Device Available - Likely no microphone in sandbox.
2025-06-04 07:14:07,255 [INFO] - No command received or error in listening.
2025-06-04 07:14:07,272 [WARNING] - Audio input error (OSError): No Default Input Device Available - Likely no microphone in sandbox.
2025-06-04 07:14:07,272 [INFO] - No command received or error in listening.
2025-06-04 07:14:07,290 [WARNING] - Audio input error (OSError): No Default Input Device Available - Likely no microphone in sandbox.
2025-06-04 07:14:07,290 [INFO] - No command received or error in listening.
2025-06-04 07:14:07,307 [WARNING] - Audio input error (OSError): No Default Input Device Available - Likely no microphone in sandbox.
2025-06-04 07:14:07,307 [INFO] - No command received or error in listening.
2025-06-04 07:14:07,324 [WARNING] - Audio input error (OSError): No Default Input Device Available - Likely no microphone in sandbox.
2025-06-04 07:14:07,324 [INFO] - No command received or error in listening.
2025-06-04 07:14:07,342 [WARNING] - Audio input error (OSError): No Default Input Device Available - Likely no microphone in sandbox.
2025-06-04 07:14:07,342 [INFO] - No command received or error in listening.
2025-06-04 07:14:07,359 [WARNING] - Audio input error (OSError): No Default Input Device Available - Likely no microphone in sandbox.
2025-06-04 07:14:07,359 [INFO] - No command received or error in listening.
2025-06-04 07:14:07,377 [WARNING] - Audio input error (OSError): No Default Input Device Available - Likely no microphone in sandbox.
2025-06-04 07:14:07,377 [INFO] - No command received or error in listening.
2025-06-04 07:14:07,394 [WARNING] - Audio input error (OSError): No Default Input Device Available - Likely no microphone in sandbox.
2025-06-04 07:14:07,394 [INFO] - No command received or error in listening.
2025-06-04 07:14:07,411 [WARNING] - Audio input error (OSError): No Default Input Device Available - Likely no microphone in sandbox.
2025-06-04 07:14:07,412 [INFO] - No command received or error in listening.
2025-06-04 07:14:07,429 [WARNING] - Audio input error (OSError): No Default Input Device Available - Likely no microphone in sandbox.
2025-06-04 07:14:07,429 [INFO] - No command received or error in listening.
2025-06-04 07:14:07,446 [WARNING] - Audio input error (OSError): No Default Input Device Available - Likely no microphone in sandbox.
2025-06-04 07:14:07,446 [INFO] - No command received or error in listening.
2025-06-04 07:14:07,464 [WARNING] - Audio input error (OSError): No Default Input Device Available - Likely no microphone in sandbox.
2025-06-04 07:14:07,464 [INFO] - No command received or error in listening.
2025-06-04 07:14:07,482 [WARNING] - Audio input error (OSError): No Default Input Device Available - Likely no microphone in sandbox.
2025-06-04 07:14:07,482 [INFO] - No command received or error in listening.
2025-06-04 07:14:07,499 [WARNING] - Audio input error (OSError): No Default Input Device Available - Likely no microphone in sandbox.
2025-06-04 07:14:07,499 [INFO] - No command received or error in listening.
2025-06-04 07:14:07,516 [WARNING] - Audio input error (OSError): No Default Input Device Available - Likely no microphone in sandbox.
2025-06-04 07:14:07,516 [INFO] - No command received or error in listening.
2025-06-04 07:14:07,534 [WARNING] - Audio input error (OSError): No Default Input Device Available - Likely no microphone in sandbox.
2025-06-04 07:14:07,534 [INFO] - No command received or error in listening.
2025-06-04 07:14:07,551 [WARNING] - Audio input error (OSError): No Default Input Device Available - Likely no microphone in sandbox.
2025-06-04 07:14:07,552 [INFO] - No command received or error in listening.
2025-06-04 07:14:07,569 [WARNING] - Audio input error (OSError): No Default Input Device Available - Likely no microphone in sandbox.
2025-06-04 07:14:07,569 [INFO] - No command received or error in listening.
2025-06-04 07:14:07,587 [WARNING] - Audio input error (OSError): No Default Input Device Available - Likely no microphone in sandbox.
2025-06-04 07:14:07,587 [INFO] - No command received or error in listening.
2025-06-04 07:14:07,604 [WARNING] - Audio input error (OSError): No Default Input Device Available - Likely no microphone in sandbox.
2025-06-04 07:14:07,604 [INFO] - No command received or error in listening.
2025-06-04 07:14:07,621 [WARNING] - Audio input error (OSError): No Default Input Device Available - Likely no microphone in sandbox.
2025-06-04 07:14:07,621 [INFO] - No command received or error in listening.
2025-06-04 07:14:07,639 [WARNING] - Audio input error (OSError): No Default Input Device Available - Likely no microphone in sandbox.
2025-06-04 07:14:07,639 [INFO] - No command received or error in listening.
2025-06-04 07:14:07,656 [WARNING] - Audio input error (OSError): No Default Input Device Available - Likely no microphone in sandbox.
2025-06-04 07:14:07,656 [INFO] - No command received or error in listening.
2025-06-04 07:14:07,673 [WARNING] - Audio input error (OSError): No Default Input Device Available - Likely no microphone in sandbox.
2025-06-04 07:14:07,673 [INFO] - No command received or error in listening.
2025-06-04 07:14:07,691 [WARNING] - Audio input error (OSError): No Default Input Device Available - Likely no microphone in sandbox.
2025-06-04 07:14:07,691 [INFO] - No command received or error in listening.
2025-06-04 07:14:07,708 [WARNING] - Audio input error (OSError): No Default Input Device Available - Likely no microphone in sandbox.
2025-06-04 07:14:07,708 [INFO] - No command received or error in listening.
2025-06-04 07:14:07,725 [WARNING] - Audio input error (OSError): No Default Input Device Available - Likely no microphone in sandbox.
2025-06-04 07:14:07,725 [INFO] - No command received or error in listening.
2025-06-04 07:14:07,743 [WARNING] - Audio input error (OSError): No Default Input Device Available - Likely no microphone in sandbox.
2025-06-04 07:14:07,743 [INFO] - No command received or error in listening.
2025-06-04 07:14:07,760 [WARNING] - Audio input error (OSError): No Default Input Device Available - Likely no microphone in sandbox.
2025-06-04 07:14:07,760 [INFO] - No command received or error in listening.
2025-06-04 07:14:07,777 [WARNING] - Audio input error (OSError): No Default Input Device Available - Likely no microphone in sandbox.
2025-06-04 07:14:07,777 [INFO] - No command received or error in listening.
2025-06-04 07:14:07,795 [WARNING] - Audio input error (OSError): No Default Input Device Available - Likely no microphone in sandbox.
2025-06-04 07:14:07,795 [INFO] - No command received or error in listening.
2025-06-04 07:14:07,812 [WARNING] - Audio input error (OSError): No Default Input Device Available - Likely no microphone in sandbox.
2025-06-04 07:14:07,812 [INFO] - No command received or error in listening.
2025-06-04 07:14:07,829 [WARNING] - Audio input error (OSError): No Default Input Device Available - Likely no microphone in sandbox.
2025-06-04 07:14:07,829 [INFO] - No command received or error in listening.
2025-06-04 07:14:07,846 [WARNING] - Audio input error (OSError): No Default Input Device Available - Likely no microphone in sandbox.
2025-06-04 07:14:07,846 [INFO] - No command received or error in listening.
2025-06-04 07:14:07,864 [WARNING] - Audio input error (OSError): No Default Input Device Available - Likely no microphone in sandbox.
2025-06-04 07:14:07,864 [INFO] - No command received or error in listening.
2025-06-04 07:14:07,881 [WARNING] - Audio input error (OSError): No Default Input Device Available - Likely no microphone in sandbox.
2025-06-04 07:14:07,881 [INFO] - No command received or error in listening.
2025-06-04 07:14:07,899 [WARNING] - Audio input error (OSError): No Default Input Device Available - Likely no microphone in sandbox.
2025-06-04 07:14:07,899 [INFO] - No command received or error in listening.
2025-06-04 07:14:07,916 [WARNING] - Audio input error (OSError): No Default Input Device Available - Likely no microphone in sandbox.
2025-06-04 07:14:07,916 [INFO] - No command received or error in listening.
2025-06-04 07:14:07,933 [WARNING] - Audio input error (OSError): No Default Input Device Available - Likely no microphone in sandbox.
2025-06-04 07:14:07,933 [INFO] - No command received or error in listening.
2025-06-04 07:14:07,951 [WARNING] - Audio input error (OSError): No Default Input Device Available - Likely no microphone in sandbox.
2025-06-04 07:14:07,951 [INFO] - No command received or error in listening.
2025-06-04 07:14:07,968 [WARNING] - Audio input error (OSError): No Default Input Device Available - Likely no microphone in sandbox.
2025-06-04 07:14:07,968 [INFO] - No command received or error in listening.
2025-06-04 07:14:07,985 [WARNING] - Audio input error (OSError): No Default Input Device Available - Likely no microphone in sandbox.
2025-06-04 07:14:07,985 [INFO] - No command received or error in listening.
2025-06-04 07:14:08,002 [WARNING] - Audio input error (OSError): No Default Input Device Available - Likely no microphone in sandbox.
2025-06-04 07:14:08,002 [INFO] - No command received or error in listening.
2025-06-04 07:14:08,020 [WARNING] - Audio input error (OSError): No Default Input Device Available - Likely no microphone in sandbox.
2025-06-04 07:14:08,020 [INFO] - No command received or error in listening.
2025-06-04 07:14:08,037 [WARNING] - Audio input error (OSError): No Default Input Device Available - Likely no microphone in sandbox.
2025-06-04 07:14:08,037 [INFO] - No command received or error in listening.
2025-06-04 07:14:08,054 [WARNING] - Audio input error (OSError): No Default Input Device Available - Likely no microphone in sandbox.
2025-06-04 07:14:08,054 [INFO] - No command received or error in listening.
2025-06-04 07:14:08,072 [WARNING] - Audio input error (OSError): No Default Input Device Available - Likely no microphone in sandbox.
2025-06-04 07:14:08,072 [INFO] - No command received or error in listening.
2025-06-04 07:14:08,090 [WARNING] - Audio input error (OSError): No Default Input Device Available - Likely no microphone in sandbox.
2025-06-04 07:14:08,090 [INFO] - No command received or error in listening.
2025-06-04 07:14:08,107 [WARNING] - Audio input error (OSError): No Default Input Device Available - Likely no microphone in sandbox.
2025-06-04 07:14:08,107 [INFO] - No command received or error in listening.
2025-06-04 07:14:08,124 [WARNING] - Audio input error (OSError): No Default Input Device Available - Likely no microphone in sandbox.
2025-06-04 07:14:08,125 [INFO] - No command received or error in listening.
2025-06-04 07:14:08,142 [WARNING] - Audio input error (OSError): No Default Input Device Available - Likely no microphone in sandbox.
2025-06-04 07:14:08,142 [INFO] - No command received or error in listening.
2025-06-04 07:14:08,159 [WARNING] - Audio input error (OSError): No Default Input Device Available - Likely no microphone in sandbox.
2025-06-04 07:14:08,159 [INFO] - No command received or error in listening.
2025-06-04 07:14:08,176 [WARNING] - Audio input error (OSError): No Default Input Device Available - Likely no microphone in sandbox.
2025-06-04 07:14:08,176 [INFO] - No command received or error in listening.
2025-06-04 07:14:08,194 [WARNING] - Audio input error (OSError): No Default Input Device Available - Likely no microphone in sandbox.
2025-06-04 07:14:08,194 [INFO] - No command received or error in listening.
2025-06-04 07:14:08,211 [WARNING] - Audio input error (OSError): No Default Input Device Available - Likely no microphone in sandbox.
2025-06-04 07:14:08,211 [INFO] - No command received or error in listening.
2025-06-04 07:14:08,228 [WARNING] - Audio input error (OSError): No Default Input Device Available - Likely no microphone in sandbox.
2025-06-04 07:14:08,229 [INFO] - No command received or error in listening.
2025-06-04 07:14:08,246 [WARNING] - Audio input error (OSError): No Default Input Device Available - Likely no microphone in sandbox.
2025-06-04 07:14:08,246 [INFO] - No command received or error in listening.
2025-06-04 07:14:08,263 [WARNING] - Audio input error (OSError): No Default Input Device Available - Likely no microphone in sandbox.
2025-06-04 07:14:08,263 [INFO] - No command received or error in listening.
2025-06-04 07:14:08,280 [WARNING] - Audio input error (OSError): No Default Input Device Available - Likely no microphone in sandbox.
2025-06-04 07:14:08,280 [INFO] - No command received or error in listening.
2025-06-04 07:14:08,297 [WARNING] - Audio input error (OSError): No Default Input Device Available - Likely no microphone in sandbox.
2025-06-04 07:14:08,298 [INFO] - No command received or error in listening.
2025-06-04 07:14:08,315 [WARNING] - Audio input error (OSError): No Default Input Device Available - Likely no microphone in sandbox.
2025-06-04 07:14:08,315 [INFO] - No command received or error in listening.
2025-06-04 07:14:08,332 [WARNING] - Audio input error (OSError): No Default Input Device Available - Likely no microphone in sandbox.
2025-06-04 07:14:08,332 [INFO] - No command received or error in listening.
2025-06-04 07:14:08,349 [WARNING] - Audio input error (OSError): No Default Input Device Available - Likely no microphone in sandbox.
2025-06-04 07:14:08,349 [INFO] - No command received or error in listening.
2025-06-04 07:14:08,366 [WARNING] - Audio input error (OSError): No Default Input Device Available - Likely no microphone in sandbox.
2025-06-04 07:14:08,366 [INFO] - No command received or error in listening.
2025-06-04 07:14:08,384 [WARNING] - Audio input error (OSError): No Default Input Device Available - Likely no microphone in sandbox.
2025-06-04 07:14:08,384 [INFO] - No command received or error in listening.
2025-06-04 07:14:08,401 [WARNING] - Audio input error (OSError): No Default Input Device Available - Likely no microphone in sandbox.
2025-06-04 07:14:08,401 [INFO] - No command received or error in listening.
2025-06-04 07:14:08,418 [WARNING] - Audio input error (OSError): No Default Input Device Available - Likely no microphone in sandbox.
2025-06-04 07:14:08,418 [INFO] - No command received or error in listening.
2025-06-04 07:14:08,436 [WARNING] - Audio input error (OSError): No Default Input Device Available - Likely no microphone in sandbox.
2025-06-04 07:14:08,436 [INFO] - No command received or error in listening.
2025-06-04 07:14:08,453 [WARNING] - Audio input error (OSError): No Default Input Device Available - Likely no microphone in sandbox.
2025-06-04 07:14:08,453 [INFO] - No command received or error in listening.
2025-06-04 07:14:08,470 [WARNING] - Audio input error (OSError): No Default Input Device Available - Likely no microphone in sandbox.
2025-06-04 07:14:08,470 [INFO] - No command received or error in listening.
2025-06-04 07:14:08,488 [WARNING] - Audio input error (OSError): No Default Input Device Available - Likely no microphone in sandbox.
2025-06-04 07:14:08,488 [INFO] - No command received or error in listening.
2025-06-04 07:14:08,505 [WARNING] - Audio input error (OSError): No Default Input Device Available - Likely no microphone in sandbox.
2025-06-04 07:14:08,505 [INFO] - No command received or error in listening.
2025-06-04 07:14:08,522 [WARNING] - Audio input error (OSError): No Default Input Device Available - Likely no microphone in sandbox.
2025-06-04 07:14:08,522 [INFO] - No command received or error in listening.
2025-06-04 07:14:08,540 [WARNING] - Audio input error (OSError): No Default Input Device Available - Likely no microphone in sandbox.
2025-06-04 07:14:08,540 [INFO] - No command received or error in listening.
2025-06-04 07:14:08,557 [WARNING] - Audio input error (OSError): No Default Input Device Available - Likely no microphone in sandbox.
2025-06-04 07:14:08,557 [INFO] - No command received or error in listening.
2025-06-04 07:14:08,574 [WARNING] - Audio input error (OSError): No Default Input Device Available - Likely no microphone in sandbox.
2025-06-04 07:14:08,574 [INFO] - No command received or error in listening.
2025-06-04 07:14:08,591 [WARNING] - Audio input error (OSError): No Default Input Device Available - Likely no microphone in sandbox.
2025-06-04 07:14:08,592 [INFO] - No command received or error in listening.
2025-06-04 07:14:08,609 [WARNING] - Audio input error (OSError): No Default Input Device Available - Likely no microphone in sandbox.
2025-06-04 07:14:08,609 [INFO] - No command received or error in listening.
2025-06-04 07:14:08,627 [WARNING] - Audio input error (OSError): No Default Input Device Available - Likely no microphone in sandbox.
2025-06-04 07:14:08,627 [INFO] - No command received or error in listening.
2025-06-04 07:14:08,644 [WARNING] - Audio input error (OSError): No Default Input Device Available - Likely no microphone in sandbox.
2025-06-04 07:14:08,644 [INFO] - No command received or error in listening.
2025-06-04 07:14:08,661 [WARNING] - Audio input error (OSError): No Default Input Device Available - Likely no microphone in sandbox.
2025-06-04 07:14:08,662 [INFO] - No command received or error in listening.
2025-06-04 07:14:08,680 [WARNING] - Audio input error (OSError): No Default Input Device Available - Likely no microphone in sandbox.
2025-06-04 07:14:08,680 [INFO] - No command received or error in listening.
2025-06-04 07:14:08,697 [WARNING] - Audio input error (OSError): No Default Input Device Available - Likely no microphone in sandbox.
2025-06-04 07:14:08,698 [INFO] - No command received or error in listening.
2025-06-04 07:14:08,715 [WARNING] - Audio input error (OSError): No Default Input Device Available - Likely no microphone in sandbox.
2025-06-04 07:14:08,715 [INFO] - No command received or error in listening.
2025-06-04 07:14:08,732 [WARNING] - Audio input error (OSError): No Default Input Device Available - Likely no microphone in sandbox.
2025-06-04 07:14:08,732 [INFO] - No command received or error in listening.
2025-06-04 07:14:08,749 [WARNING] - Audio input error (OSError): No Default Input Device Available - Likely no microphone in sandbox.
2025-06-04 07:14:08,749 [INFO] - No command received or error in listening.
2025-06-04 07:14:08,766 [WARNING] - Audio input error (OSError): No Default Input Device Available - Likely no microphone in sandbox.
2025-06-04 07:14:08,766 [INFO] - No command received or error in listening.
2025-06-04 07:14:08,784 [WARNING] - Audio input error (OSError): No Default Input Device Available - Likely no microphone in sandbox.
2025-06-04 07:14:08,784 [INFO] - No command received or error in listening.
2025-06-04 07:14:08,802 [WARNING] - Audio input error (OSError): No Default Input Device Available - Likely no microphone in sandbox.
2025-06-04 07:14:08,802 [INFO] - No command received or error in listening.
2025-06-04 07:14:08,819 [WARNING] - Audio input error (OSError): No Default Input Device Available - Likely no microphone in sandbox.
2025-06-04 07:14:08,819 [INFO] - No command received or error in listening.
2025-06-04 07:14:08,836 [WARNING] - Audio input error (OSError): No Default Input Device Available - Likely no microphone in sandbox.
2025-06-04 07:14:08,836 [INFO] - No command received or error in listening.
2025-06-04 07:14:08,853 [WARNING] - Audio input error (OSError): No Default Input Device Available - Likely no microphone in sandbox.
2025-06-04 07:14:08,853 [INFO] - No command received or error in listening.
2025-06-04 07:14:08,871 [WARNING] - Audio input error (OSError): No Default Input Device Available - Likely no microphone in sandbox.
2025-06-04 07:14:08,871 [INFO] - No command received or error in listening.
2025-06-04 07:14:08,888 [WARNING] - Audio input error (OSError): No Default Input Device Available - Likely no microphone in sandbox.
2025-06-04 07:14:08,888 [INFO] - No command received or error in listening.
2025-06-04 07:14:08,905 [WARNING] - Audio input error (OSError): No Default Input Device Available - Likely no microphone in sandbox.
2025-06-04 07:14:08,905 [INFO] - No command received or error in listening.
2025-06-04 07:14:08,923 [WARNING] - Audio input error (OSError): No Default Input Device Available - Likely no microphone in sandbox.
2025-06-04 07:14:08,923 [INFO] - No command received or error in listening.
2025-06-04 07:14:08,940 [WARNING] - Audio input error (OSError): No Default Input Device Available - Likely no microphone in sandbox.
2025-06-04 07:14:08,940 [INFO] - No command received or error in listening.
2025-06-04 07:14:08,957 [WARNING] - Audio input error (OSError): No Default Input Device Available - Likely no microphone in sandbox.
2025-06-04 07:14:08,957 [INFO] - No command received or error in listening.
2025-06-04 07:14:08,974 [WARNING] - Audio input error (OSError): No Default Input Device Available - Likely no microphone in sandbox.
2025-06-04 07:14:08,974 [INFO] - No command received or error in listening.
2025-06-04 07:14:08,992 [WARNING] - Audio input error (OSError): No Default Input Device Available - Likely no microphone in sandbox.
2025-06-04 07:14:08,992 [INFO] - No command received or error in listening.
2025-06-04 07:14:09,009 [WARNING] - Audio input error (OSError): No Default Input Device Available - Likely no microphone in sandbox.
2025-06-04 07:14:09,009 [INFO] - No command received or error in listening.
2025-06-04 07:14:09,026 [WARNING] - Audio input error (OSError): No Default Input Device Available - Likely no microphone in sandbox.
2025-06-04 07:14:09,026 [INFO] - No command received or error in listening.
2025-06-04 07:14:09,043 [WARNING] - Audio input error (OSError): No Default Input Device Available - Likely no microphone in sandbox.
2025-06-04 07:14:09,044 [INFO] - No command received or error in listening.
2025-06-04 07:14:09,061 [WARNING] - Audio input error (OSError): No Default Input Device Available - Likely no microphone in sandbox.
2025-06-04 07:14:09,061 [INFO] - No command received or error in listening.
2025-06-04 07:14:09,078 [WARNING] - Audio input error (OSError): No Default Input Device Available - Likely no microphone in sandbox.
2025-06-04 07:14:09,078 [INFO] - No command received or error in listening.
2025-06-04 07:14:09,095 [WARNING] - Audio input error (OSError): No Default Input Device Available - Likely no microphone in sandbox.
2025-06-04 07:14:09,095 [INFO] - No command received or error in listening.
2025-06-04 07:14:09,112 [WARNING] - Audio input error (OSError): No Default Input Device Available - Likely no microphone in sandbox.
2025-06-04 07:14:09,113 [INFO] - No command received or error in listening.
2025-06-04 07:14:09,130 [WARNING] - Audio input error (OSError): No Default Input Device Available - Likely no microphone in sandbox.
2025-06-04 07:14:09,130 [INFO] - No command received or error in listening.
2025-06-04 07:14:09,147 [WARNING] - Audio input error (OSError): No Default Input Device Available - Likely no microphone in sandbox.
2025-06-04 07:14:09,147 [INFO] - No command received or error in listening.
2025-06-04 07:14:09,164 [WARNING] - Audio input error (OSError): No Default Input Device Available - Likely no microphone in sandbox.
2025-06-04 07:14:09,165 [INFO] - No command received or error in listening.
2025-06-04 07:14:09,182 [WARNING] - Audio input error (OSError): No Default Input Device Available - Likely no microphone in sandbox.
2025-06-04 07:14:09,182 [INFO] - No command received or error in listening.
2025-06-04 07:14:09,199 [WARNING] - Audio input error (OSError): No Default Input Device Available - Likely no microphone in sandbox.
2025-06-04 07:14:09,199 [INFO] - No command received or error in listening.
2025-06-04 07:14:09,216 [WARNING] - Audio input error (OSError): No Default Input Device Available - Likely no microphone in sandbox.
2025-06-04 07:14:09,217 [INFO] - No command received or error in listening.
2025-06-04 07:14:09,234 [WARNING] - Audio input error (OSError): No Default Input Device Available - Likely no microphone in sandbox.
2025-06-04 07:14:09,234 [INFO] - No command received or error in listening.
2025-06-04 07:14:09,251 [WARNING] - Audio input error (OSError): No Default Input Device Available - Likely no microphone in sandbox.
2025-06-04 07:14:09,251 [INFO] - No command received or error in listening.
2025-06-04 07:14:09,268 [WARNING] - Audio input error (OSError): No Default Input Device Available - Likely no microphone in sandbox.
2025-06-04 07:14:09,268 [INFO] - No command received or error in listening.
2025-06-04 07:14:09,285 [WARNING] - Audio input error (OSError): No Default Input Device Available - Likely no microphone in sandbox.
2025-06-04 07:14:09,285 [INFO] - No command received or error in listening.
2025-06-04 07:14:09,303 [WARNING] - Audio input error (OSError): No Default Input Device Available - Likely no microphone in sandbox.
2025-06-04 07:14:09,303 [INFO] - No command received or error in listening.
2025-06-04 07:14:09,320 [WARNING] - Audio input error (OSError): No Default Input Device Available - Likely no microphone in sandbox.
2025-06-04 07:14:09,321 [INFO] - No command received or error in listening.
2025-06-04 07:14:09,338 [WARNING] - Audio input error (OSError): No Default Input Device Available - Likely no microphone in sandbox.
2025-06-04 07:14:09,338 [INFO] - No command received or error in listening.
2025-06-04 07:14:09,355 [WARNING] - Audio input error (OSError): No Default Input Device Available - Likely no microphone in sandbox.
2025-06-04 07:14:09,356 [INFO] - No command received or error in listening.
2025-06-04 07:14:09,373 [WARNING] - Audio input error (OSError): No Default Input Device Available - Likely no microphone in sandbox.
2025-06-04 07:14:09,373 [INFO] - No command received or error in listening.
2025-06-04 07:14:09,390 [WARNING] - Audio input error (OSError): No Default Input Device Available - Likely no microphone in sandbox.
2025-06-04 07:14:09,390 [INFO] - No command received or error in listening.
2025-06-04 07:14:09,407 [WARNING] - Audio input error (OSError): No Default Input Device Available - Likely no microphone in sandbox.
2025-06-04 07:14:09,407 [INFO] - No command received or error in listening.
2025-06-04 07:14:09,424 [WARNING] - Audio input error (OSError): No Default Input Device Available - Likely no microphone in sandbox.
2025-06-04 07:14:09,425 [INFO] - No command received or error in listening.
2025-06-04 07:14:09,442 [WARNING] - Audio input error (OSError): No Default Input Device Available - Likely no microphone in sandbox.
2025-06-04 07:14:09,442 [INFO] - No command received or error in listening.
2025-06-04 07:14:09,459 [WARNING] - Audio input error (OSError): No Default Input Device Available - Likely no microphone in sandbox.
2025-06-04 07:14:09,459 [INFO] - No command received or error in listening.
2025-06-04 07:14:09,476 [WARNING] - Audio input error (OSError): No Default Input Device Available - Likely no microphone in sandbox.
2025-06-04 07:14:09,476 [INFO] - No command received or error in listening.
2025-06-04 07:14:09,493 [WARNING] - Audio input error (OSError): No Default Input Device Available - Likely no microphone in sandbox.
2025-06-04 07:14:09,493 [INFO] - No command received or error in listening.
2025-06-04 07:14:09,510 [WARNING] - Audio input error (OSError): No Default Input Device Available - Likely no microphone in sandbox.
2025-06-04 07:14:09,510 [INFO] - No command received or error in listening.
2025-06-04 07:14:09,528 [WARNING] - Audio input error (OSError): No Default Input Device Available - Likely no microphone in sandbox.
2025-06-04 07:14:09,528 [INFO] - No command received or error in listening.
2025-06-04 07:14:09,545 [WARNING] - Audio input error (OSError): No Default Input Device Available - Likely no microphone in sandbox.
2025-06-04 07:14:09,545 [INFO] - No command received or error in listening.
2025-06-04 07:14:09,562 [WARNING] - Audio input error (OSError): No Default Input Device Available - Likely no microphone in sandbox.
2025-06-04 07:14:09,562 [INFO] - No command received or error in listening.
2025-06-04 07:14:09,580 [WARNING] - Audio input error (OSError): No Default Input Device Available - Likely no microphone in sandbox.
2025-06-04 07:14:09,580 [INFO] - No command received or error in listening.
2025-06-04 07:14:09,597 [WARNING] - Audio input error (OSError): No Default Input Device Available - Likely no microphone in sandbox.
2025-06-04 07:14:09,597 [INFO] - No command received or error in listening.
2025-06-04 07:14:09,614 [WARNING] - Audio input error (OSError): No Default Input Device Available - Likely no microphone in sandbox.
2025-06-04 07:14:09,614 [INFO] - No command received or error in listening.
2025-06-04 07:14:09,631 [WARNING] - Audio input error (OSError): No Default Input Device Available - Likely no microphone in sandbox.
2025-06-04 07:14:09,631 [INFO] - No command received or error in listening.
2025-06-04 07:14:09,648 [WARNING] - Audio input error (OSError): No Default Input Device Available - Likely no microphone in sandbox.
2025-06-04 07:14:09,648 [INFO] - No command received or error in listening.
2025-06-04 07:14:09,665 [WARNING] - Audio input error (OSError): No Default Input Device Available - Likely no microphone in sandbox.
2025-06-04 07:14:09,666 [INFO] - No command received or error in listening.
2025-06-04 07:14:09,683 [WARNING] - Audio input error (OSError): No Default Input Device Available - Likely no microphone in sandbox.
2025-06-04 07:14:09,683 [INFO] - No command received or error in listening.
2025-06-04 07:14:09,700 [WARNING] - Audio input error (OSError): No Default Input Device Available - Likely no microphone in sandbox.
2025-06-04 07:14:09,700 [INFO] - No command received or error in listening.
2025-06-04 07:14:09,718 [WARNING] - Audio input error (OSError): No Default Input Device Available - Likely no microphone in sandbox.
2025-06-04 07:14:09,718 [INFO] - No command received or error in listening.
2025-06-04 07:14:09,735 [WARNING] - Audio input error (OSError): No Default Input Device Available - Likely no microphone in sandbox.
2025-06-04 07:14:09,735 [INFO] - No command received or error in listening.
2025-06-04 07:14:09,752 [WARNING] - Audio input error (OSError): No Default Input Device Available - Likely no microphone in sandbox.
2025-06-04 07:14:09,752 [INFO] - No command received or error in listening.
2025-06-04 07:14:09,770 [WARNING] - Audio input error (OSError): No Default Input Device Available - Likely no microphone in sandbox.
2025-06-04 07:14:09,770 [INFO] - No command received or error in listening.
2025-06-04 07:14:09,787 [WARNING] - Audio input error (OSError): No Default Input Device Available - Likely no microphone in sandbox.
2025-06-04 07:14:09,787 [INFO] - No command received or error in listening.
2025-06-04 07:14:09,805 [WARNING] - Audio input error (OSError): No Default Input Device Available - Likely no microphone in sandbox.
2025-06-04 07:14:09,805 [INFO] - No command received or error in listening.
2025-06-04 07:14:09,822 [WARNING] - Audio input error (OSError): No Default Input Device Available - Likely no microphone in sandbox.
2025-06-04 07:14:09,822 [INFO] - No command received or error in listening.
2025-06-04 07:14:09,840 [WARNING] - Audio input error (OSError): No Default Input Device Available - Likely no microphone in sandbox.
2025-06-04 07:14:09,840 [INFO] - No command received or error in listening.
2025-06-04 07:14:09,857 [WARNING] - Audio input error (OSError): No Default Input Device Available - Likely no microphone in sandbox.
2025-06-04 07:14:09,857 [INFO] - No command received or error in listening.
2025-06-04 07:14:09,877 [WARNING] - Audio input error (OSError): No Default Input Device Available - Likely no microphone in sandbox.
2025-06-04 07:14:09,877 [INFO] - No command received or error in listening.
2025-06-04 07:14:09,895 [WARNING] - Audio input error (OSError): No Default Input Device Available - Likely no microphone in sandbox.
2025-06-04 07:14:09,896 [INFO] - No command received or error in listening.
2025-06-04 07:14:09,913 [WARNING] - Audio input error (OSError): No Default Input Device Available - Likely no microphone in sandbox.
2025-06-04 07:14:09,913 [INFO] - No command received or error in listening.
2025-06-04 07:14:09,930 [WARNING] - Audio input error (OSError): No Default Input Device Available - Likely no microphone in sandbox.
2025-06-04 07:14:09,931 [INFO] - No command received or error in listening.
2025-06-04 07:14:09,948 [WARNING] - Audio input error (OSError): No Default Input Device Available - Likely no microphone in sandbox.
2025-06-04 07:14:09,948 [INFO] - No command received or error in listening.
2025-06-04 07:14:09,966 [WARNING] - Audio input error (OSError): No Default Input Device Available - Likely no microphone in sandbox.
2025-06-04 07:14:09,966 [INFO] - No command received or error in listening.
2025-06-04 07:14:09,983 [WARNING] - Audio input error (OSError): No Default Input Device Available - Likely no microphone in sandbox.
2025-06-04 07:14:09,983 [INFO] - No command received or error in listening.
2025-06-04 07:14:10,001 [WARNING] - Audio input error (OSError): No Default Input Device Available - Likely no microphone in sandbox.
2025-06-04 07:14:10,001 [INFO] - No command received or error in listening.
2025-06-04 07:14:10,018 [WARNING] - Audio input error (OSError): No Default Input Device Available - Likely no microphone in sandbox.
2025-06-04 07:14:10,018 [INFO] - No command received or error in listening.
2025-06-04 07:14:10,036 [WARNING] - Audio input error (OSError): No Default Input Device Available - Likely no microphone in sandbox.
2025-06-04 07:14:10,036 [INFO] - No command received or error in listening.
2025-06-04 07:14:10,053 [WARNING] - Audio input error (OSError): No Default Input Device Available - Likely no microphone in sandbox.
2025-06-04 07:14:10,054 [INFO] - No command received or error in listening.
2025-06-04 07:14:10,071 [WARNING] - Audio input error (OSError): No Default Input Device Available - Likely no microphone in sandbox.
2025-06-04 07:14:10,071 [INFO] - No command received or error in listening.
2025-06-04 07:14:10,088 [WARNING] - Audio input error (OSError): No Default Input Device Available - Likely no microphone in sandbox.
2025-06-04 07:14:10,088 [INFO] - No command received or error in listening.
2025-06-04 07:14:10,106 [WARNING] - Audio input error (OSError): No Default Input Device Available - Likely no microphone in sandbox.
2025-06-04 07:14:10,106 [INFO] - No command received or error in listening.
2025-06-04 07:14:10,123 [WARNING] - Audio input error (OSError): No Default Input Device Available - Likely no microphone in sandbox.
2025-06-04 07:14:10,123 [INFO] - No command received or error in listening.
2025-06-04 07:14:10,141 [WARNING] - Audio input error (OSError): No Default Input Device Available - Likely no microphone in sandbox.
2025-06-04 07:14:10,141 [INFO] - No command received or error in listening.
2025-06-04 07:14:10,158 [WARNING] - Audio input error (OSError): No Default Input Device Available - Likely no microphone in sandbox.
2025-06-04 07:14:10,158 [INFO] - No command received or error in listening.
2025-06-04 07:14:10,176 [WARNING] - Audio input error (OSError): No Default Input Device Available - Likely no microphone in sandbox.
2025-06-04 07:14:10,176 [INFO] - No command received or error in listening.
2025-06-04 07:14:10,193 [WARNING] - Audio input error (OSError): No Default Input Device Available - Likely no microphone in sandbox.
2025-06-04 07:14:10,193 [INFO] - No command received or error in listening.
2025-06-04 07:14:10,211 [WARNING] - Audio input error (OSError): No Default Input Device Available - Likely no microphone in sandbox.
2025-06-04 07:14:10,211 [INFO] - No command received or error in listening.
2025-06-04 07:14:10,228 [WARNING] - Audio input error (OSError): No Default Input Device Available - Likely no microphone in sandbox.
2025-06-04 07:14:10,228 [INFO] - No command received or error in listening.
2025-06-04 07:14:10,245 [WARNING] - Audio input error (OSError): No Default Input Device Available - Likely no microphone in sandbox.
2025-06-04 07:14:10,245 [INFO] - No command received or error in listening.
2025-06-04 07:14:10,263 [WARNING] - Audio input error (OSError): No Default Input Device Available - Likely no microphone in sandbox.
2025-06-04 07:14:10,263 [INFO] - No command received or error in listening.
2025-06-04 07:14:10,280 [WARNING] - Audio input error (OSError): No Default Input Device Available - Likely no microphone in sandbox.
2025-06-04 07:14:10,280 [INFO] - No command received or error in listening.
2025-06-04 07:14:10,297 [WARNING] - Audio input error (OSError): No Default Input Device Available - Likely no microphone in sandbox.
2025-06-04 07:14:10,298 [INFO] - No command received or error in listening.
2025-06-04 07:14:10,315 [WARNING] - Audio input error (OSError): No Default Input Device Available - Likely no microphone in sandbox.
2025-06-04 07:14:10,315 [INFO] - No command received or error in listening.
2025-06-04 07:14:10,332 [WARNING] - Audio input error (OSError): No Default Input Device Available - Likely no microphone in sandbox.
2025-06-04 07:14:10,332 [INFO] - No command received or error in listening.
2025-06-04 07:14:10,349 [WARNING] - Audio input error (OSError): No Default Input Device Available - Likely no microphone in sandbox.
2025-06-04 07:14:10,349 [INFO] - No command received or error in listening.
2025-06-04 07:14:10,367 [WARNING] - Audio input error (OSError): No Default Input Device Available - Likely no microphone in sandbox.
2025-06-04 07:14:10,367 [INFO] - No command received or error in listening.
2025-06-04 07:14:10,384 [WARNING] - Audio input error (OSError): No Default Input Device Available - Likely no microphone in sandbox.
2025-06-04 07:14:10,384 [INFO] - No command received or error in listening.
2025-06-04 07:14:10,401 [WARNING] - Audio input error (OSError): No Default Input Device Available - Likely no microphone in sandbox.
2025-06-04 07:14:10,401 [INFO] - No command received or error in listening.
2025-06-04 07:14:10,419 [WARNING] - Audio input error (OSError): No Default Input Device Available - Likely no microphone in sandbox.
2025-06-04 07:14:10,419 [INFO] - No command received or error in listening.
2025-06-04 07:14:10,436 [WARNING] - Audio input error (OSError): No Default Input Device Available - Likely no microphone in sandbox.
2025-06-04 07:14:10,436 [INFO] - No command received or error in listening.
2025-06-04 07:14:10,453 [WARNING] - Audio input error (OSError): No Default Input Device Available - Likely no microphone in sandbox.
2025-06-04 07:14:10,453 [INFO] - No command received or error in listening.
2025-06-04 07:14:10,471 [WARNING] - Audio input error (OSError): No Default Input Device Available - Likely no microphone in sandbox.
2025-06-04 07:14:10,471 [INFO] - No command received or error in listening.
2025-06-04 07:14:10,488 [WARNING] - Audio input error (OSError): No Default Input Device Available - Likely no microphone in sandbox.
2025-06-04 07:14:10,488 [INFO] - No command received or error in listening.
2025-06-04 07:14:10,506 [WARNING] - Audio input error (OSError): No Default Input Device Available - Likely no microphone in sandbox.
2025-06-04 07:14:10,506 [INFO] - No command received or error in listening.
2025-06-04 07:14:10,523 [WARNING] - Audio input error (OSError): No Default Input Device Available - Likely no microphone in sandbox.
2025-06-04 07:14:10,523 [INFO] - No command received or error in listening.
2025-06-04 07:14:10,540 [WARNING] - Audio input error (OSError): No Default Input Device Available - Likely no microphone in sandbox.
2025-06-04 07:14:10,541 [INFO] - No command received or error in listening.
2025-06-04 07:14:10,558 [WARNING] - Audio input error (OSError): No Default Input Device Available - Likely no microphone in sandbox.
2025-06-04 07:14:10,558 [INFO] - No command received or error in listening.
2025-06-04 07:14:10,575 [WARNING] - Audio input error (OSError): No Default Input Device Available - Likely no microphone in sandbox.
2025-06-04 07:14:10,575 [INFO] - No command received or error in listening.
2025-06-04 07:14:10,592 [WARNING] - Audio input error (OSError): No Default Input Device Available - Likely no microphone in sandbox.
2025-06-04 07:14:10,592 [INFO] - No command received or error in listening.
2025-06-04 07:14:10,609 [WARNING] - Audio input error (OSError): No Default Input Device Available - Likely no microphone in sandbox.
2025-06-04 07:14:10,610 [INFO] - No command received or error in listening.
2025-06-04 07:14:10,627 [WARNING] - Audio input error (OSError): No Default Input Device Available - Likely no microphone in sandbox.
2025-06-04 07:14:10,627 [INFO] - No command received or error in listening.
2025-06-04 07:14:10,644 [WARNING] - Audio input error (OSError): No Default Input Device Available - Likely no microphone in sandbox.
2025-06-04 07:14:10,644 [INFO] - No command received or error in listening.
2025-06-04 07:14:10,661 [WARNING] - Audio input error (OSError): No Default Input Device Available - Likely no microphone in sandbox.
2025-06-04 07:14:10,662 [INFO] - No command received or error in listening.
2025-06-04 07:14:10,679 [WARNING] - Audio input error (OSError): No Default Input Device Available - Likely no microphone in sandbox.
2025-06-04 07:14:10,679 [INFO] - No command received or error in listening.
2025-06-04 07:14:10,696 [WARNING] - Audio input error (OSError): No Default Input Device Available - Likely no microphone in sandbox.
2025-06-04 07:14:10,696 [INFO] - No command received or error in listening.
2025-06-04 07:14:10,713 [WARNING] - Audio input error (OSError): No Default Input Device Available - Likely no microphone in sandbox.
2025-06-04 07:14:10,713 [INFO] - No command received or error in listening.
2025-06-04 07:14:10,731 [WARNING] - Audio input error (OSError): No Default Input Device Available - Likely no microphone in sandbox.
2025-06-04 07:14:10,731 [INFO] - No command received or error in listening.
2025-06-04 07:14:10,748 [WARNING] - Audio input error (OSError): No Default Input Device Available - Likely no microphone in sandbox.
2025-06-04 07:14:10,748 [INFO] - No command received or error in listening.
2025-06-04 07:14:10,766 [WARNING] - Audio input error (OSError): No Default Input Device Available - Likely no microphone in sandbox.
2025-06-04 07:14:10,766 [INFO] - No command received or error in listening.
2025-06-04 07:14:10,783 [WARNING] - Audio input error (OSError): No Default Input Device Available - Likely no microphone in sandbox.
2025-06-04 07:14:10,783 [INFO] - No command received or error in listening.
2025-06-04 07:14:10,800 [WARNING] - Audio input error (OSError): No Default Input Device Available - Likely no microphone in sandbox.
2025-06-04 07:14:10,800 [INFO] - No command received or error in listening.
2025-06-04 07:14:10,817 [WARNING] - Audio input error (OSError): No Default Input Device Available - Likely no microphone in sandbox.
2025-06-04 07:14:10,817 [INFO] - No command received or error in listening.
2025-06-04 07:14:10,835 [WARNING] - Audio input error (OSError): No Default Input Device Available - Likely no microphone in sandbox.
2025-06-04 07:14:10,835 [INFO] - No command received or error in listening.
2025-06-04 07:14:10,853 [WARNING] - Audio input error (OSError): No Default Input Device Available - Likely no microphone in sandbox.
2025-06-04 07:14:10,853 [INFO] - No command received or error in listening.
2025-06-04 07:14:10,870 [WARNING] - Audio input error (OSError): No Default Input Device Available - Likely no microphone in sandbox.
2025-06-04 07:14:10,870 [INFO] - No command received or error in listening.
2025-06-04 07:14:10,888 [WARNING] - Audio input error (OSError): No Default Input Device Available - Likely no microphone in sandbox.
2025-06-04 07:14:10,888 [INFO] - No command received or error in listening.
2025-06-04 07:14:10,905 [WARNING] - Audio input error (OSError): No Default Input Device Available - Likely no microphone in sandbox.
2025-06-04 07:14:10,905 [INFO] - No command received or error in listening.
2025-06-04 07:14:10,922 [WARNING] - Audio input error (OSError): No Default Input Device Available - Likely no microphone in sandbox.
2025-06-04 07:14:10,923 [INFO] - No command received or error in listening.
2025-06-04 07:14:10,940 [WARNING] - Audio input error (OSError): No Default Input Device Available - Likely no microphone in sandbox.
2025-06-04 07:14:10,940 [INFO] - No command received or error in listening.
2025-06-04 07:14:10,957 [WARNING] - Audio input error (OSError): No Default Input Device Available - Likely no microphone in sandbox.
2025-06-04 07:14:10,958 [INFO] - No command received or error in listening.
2025-06-04 07:14:10,975 [WARNING] - Audio input error (OSError): No Default Input Device Available - Likely no microphone in sandbox.
2025-06-04 07:14:10,975 [INFO] - No command received or error in listening.
2025-06-04 07:14:10,992 [WARNING] - Audio input error (OSError): No Default Input Device Available - Likely no microphone in sandbox.
2025-06-04 07:14:10,992 [INFO] - No command received or error in listening.
2025-06-04 07:14:11,010 [WARNING] - Audio input error (OSError): No Default Input Device Available - Likely no microphone in sandbox.
2025-06-04 07:14:11,010 [INFO] - No command received or error in listening.
2025-06-04 07:14:11,027 [WARNING] - Audio input error (OSError): No Default Input Device Available - Likely no microphone in sandbox.
2025-06-04 07:14:11,027 [INFO] - No command received or error in listening.
2025-06-04 07:14:11,045 [WARNING] - Audio input error (OSError): No Default Input Device Available - Likely no microphone in sandbox.
2025-06-04 07:14:11,045 [INFO] - No command received or error in listening.
2025-06-04 07:14:11,062 [WARNING] - Audio input error (OSError): No Default Input Device Available - Likely no microphone in sandbox.
2025-06-04 07:14:11,062 [INFO] - No command received or error in listening.
2025-06-04 07:14:11,079 [WARNING] - Audio input error (OSError): No Default Input Device Available - Likely no microphone in sandbox.
2025-06-04 07:14:11,080 [INFO] - No command received or error in listening.
2025-06-04 07:14:11,097 [WARNING] - Audio input error (OSError): No Default Input Device Available - Likely no microphone in sandbox.
2025-06-04 07:14:11,097 [INFO] - No command received or error in listening.
2025-06-04 07:14:11,114 [WARNING] - Audio input error (OSError): No Default Input Device Available - Likely no microphone in sandbox.
2025-06-04 07:14:11,114 [INFO] - No command received or error in listening.
2025-06-04 07:14:11,132 [WARNING] - Audio input error (OSError): No Default Input Device Available - Likely no microphone in sandbox.
2025-06-04 07:14:11,132 [INFO] - No command received or error in listening.
2025-06-04 07:14:11,149 [WARNING] - Audio input error (OSError): No Default Input Device Available - Likely no microphone in sandbox.
2025-06-04 07:14:11,149 [INFO] - No command received or error in listening.
2025-06-04 07:14:11,167 [WARNING] - Audio input error (OSError): No Default Input Device Available - Likely no microphone in sandbox.
2025-06-04 07:14:11,167 [INFO] - No command received or error in listening.
2025-06-04 07:14:11,184 [WARNING] - Audio input error (OSError): No Default Input Device Available - Likely no microphone in sandbox.
2025-06-04 07:14:11,184 [INFO] - No command received or error in listening.
2025-06-04 07:14:11,201 [WARNING] - Audio input error (OSError): No Default Input Device Available - Likely no microphone in sandbox.
2025-06-04 07:14:11,202 [INFO] - No command received or error in listening.
2025-06-04 07:14:11,219 [WARNING] - Audio input error (OSError): No Default Input Device Available - Likely no microphone in sandbox.
2025-06-04 07:14:11,219 [INFO] - No command received or error in listening.
2025-06-04 07:14:11,237 [WARNING] - Audio input error (OSError): No Default Input Device Available - Likely no microphone in sandbox.
2025-06-04 07:14:11,237 [INFO] - No command received or error in listening.
2025-06-04 07:14:11,254 [WARNING] - Audio input error (OSError): No Default Input Device Available - Likely no microphone in sandbox.
2025-06-04 07:14:11,255 [INFO] - No command received or error in listening.
2025-06-04 07:14:11,272 [WARNING] - Audio input error (OSError): No Default Input Device Available - Likely no microphone in sandbox.
2025-06-04 07:14:11,272 [INFO] - No command received or error in listening.
2025-06-04 07:14:11,289 [WARNING] - Audio input error (OSError): No Default Input Device Available - Likely no microphone in sandbox.
2025-06-04 07:14:11,289 [INFO] - No command received or error in listening.
2025-06-04 07:14:11,307 [WARNING] - Audio input error (OSError): No Default Input Device Available - Likely no microphone in sandbox.
2025-06-04 07:14:11,307 [INFO] - No command received or error in listening.
2025-06-04 07:14:11,324 [WARNING] - Audio input error (OSError): No Default Input Device Available - Likely no microphone in sandbox.
2025-06-04 07:14:11,324 [INFO] - No command received or error in listening.
2025-06-04 07:14:11,341 [WARNING] - Audio input error (OSError): No Default Input Device Available - Likely no microphone in sandbox.
2025-06-04 07:14:11,342 [INFO] - No command received or error in listening.
2025-06-04 07:14:11,359 [WARNING] - Audio input error (OSError): No Default Input Device Available - Likely no microphone in sandbox.
2025-06-04 07:14:11,359 [INFO] - No command received or error in listening.
2025-06-04 07:14:11,376 [WARNING] - Audio input error (OSError): No Default Input Device Available - Likely no microphone in sandbox.
2025-06-04 07:14:11,376 [INFO] - No command received or error in listening.
2025-06-04 07:14:11,393 [WARNING] - Audio input error (OSError): No Default Input Device Available - Likely no microphone in sandbox.
2025-06-04 07:14:11,394 [INFO] - No command received or error in listening.
2025-06-04 07:14:11,411 [WARNING] - Audio input error (OSError): No Default Input Device Available - Likely no microphone in sandbox.
2025-06-04 07:14:11,411 [INFO] - No command received or error in listening.
2025-06-04 07:14:11,429 [WARNING] - Audio input error (OSError): No Default Input Device Available - Likely no microphone in sandbox.
2025-06-04 07:14:11,429 [INFO] - No command received or error in listening.
2025-06-04 07:14:11,447 [WARNING] - Audio input error (OSError): No Default Input Device Available - Likely no microphone in sandbox.
2025-06-04 07:14:11,447 [INFO] - No command received or error in listening.
2025-06-04 07:14:11,464 [WARNING] - Audio input error (OSError): No Default Input Device Available - Likely no microphone in sandbox.
2025-06-04 07:14:11,464 [INFO] - No command received or error in listening.
2025-06-04 07:14:11,482 [WARNING] - Audio input error (OSError): No Default Input Device Available - Likely no microphone in sandbox.
2025-06-04 07:14:11,482 [INFO] - No command received or error in listening.
2025-06-04 07:14:11,499 [WARNING] - Audio input error (OSError): No Default Input Device Available - Likely no microphone in sandbox.
2025-06-04 07:14:11,500 [INFO] - No command received or error in listening.
2025-06-04 07:14:11,517 [WARNING] - Audio input error (OSError): No Default Input Device Available - Likely no microphone in sandbox.
2025-06-04 07:14:11,517 [INFO] - No command received or error in listening.
2025-06-04 07:14:11,534 [WARNING] - Audio input error (OSError): No Default Input Device Available - Likely no microphone in sandbox.
2025-06-04 07:14:11,535 [INFO] - No command received or error in listening.
2025-06-04 07:14:11,552 [WARNING] - Audio input error (OSError): No Default Input Device Available - Likely no microphone in sandbox.
2025-06-04 07:14:11,552 [INFO] - No command received or error in listening.
2025-06-04 07:14:11,569 [WARNING] - Audio input error (OSError): No Default Input Device Available - Likely no microphone in sandbox.
2025-06-04 07:14:11,569 [INFO] - No command received or error in listening.
2025-06-04 07:14:11,587 [WARNING] - Audio input error (OSError): No Default Input Device Available - Likely no microphone in sandbox.
2025-06-04 07:14:11,587 [INFO] - No command received or error in listening.
2025-06-04 07:14:11,604 [WARNING] - Audio input error (OSError): No Default Input Device Available - Likely no microphone in sandbox.
2025-06-04 07:14:11,605 [INFO] - No command received or error in listening.
2025-06-04 07:14:11,622 [WARNING] - Audio input error (OSError): No Default Input Device Available - Likely no microphone in sandbox.
2025-06-04 07:14:11,622 [INFO] - No command received or error in listening.
2025-06-04 07:14:11,639 [WARNING] - Audio input error (OSError): No Default Input Device Available - Likely no microphone in sandbox.
2025-06-04 07:14:11,639 [INFO] - No command received or error in listening.
2025-06-04 07:14:11,657 [WARNING] - Audio input error (OSError): No Default Input Device Available - Likely no microphone in sandbox.
2025-06-04 07:14:11,657 [INFO] - No command received or error in listening.
2025-06-04 07:14:11,674 [WARNING] - Audio input error (OSError): No Default Input Device Available - Likely no microphone in sandbox.
2025-06-04 07:14:11,674 [INFO] - No command received or error in listening.
2025-06-04 07:14:11,691 [WARNING] - Audio input error (OSError): No Default Input Device Available - Likely no microphone in sandbox.
2025-06-04 07:14:11,692 [INFO] - No command received or error in listening.
2025-06-04 07:14:11,709 [WARNING] - Audio input error (OSError): No Default Input Device Available - Likely no microphone in sandbox.
2025-06-04 07:14:11,709 [INFO] - No command received or error in listening.
2025-06-04 07:14:11,727 [WARNING] - Audio input error (OSError): No Default Input Device Available - Likely no microphone in sandbox.
2025-06-04 07:14:11,727 [INFO] - No command received or error in listening.
2025-06-04 07:14:11,744 [WARNING] - Audio input error (OSError): No Default Input Device Available - Likely no microphone in sandbox.
2025-06-04 07:14:11,744 [INFO] - No command received or error in listening.
2025-06-04 07:14:11,761 [WARNING] - Audio input error (OSError): No Default Input Device Available - Likely no microphone in sandbox.
2025-06-04 07:14:11,762 [INFO] - No command received or error in listening.
2025-06-04 07:14:11,779 [WARNING] - Audio input error (OSError): No Default Input Device Available - Likely no microphone in sandbox.
2025-06-04 07:14:11,779 [INFO] - No command received or error in listening.
2025-06-04 07:14:11,796 [WARNING] - Audio input error (OSError): No Default Input Device Available - Likely no microphone in sandbox.
2025-06-04 07:14:11,796 [INFO] - No command received or error in listening.
2025-06-04 07:14:11,813 [WARNING] - Audio input error (OSError): No Default Input Device Available - Likely no microphone in sandbox.
2025-06-04 07:14:11,813 [INFO] - No command received or error in listening.
2025-06-04 07:14:11,831 [WARNING] - Audio input error (OSError): No Default Input Device Available - Likely no microphone in sandbox.
2025-06-04 07:14:11,831 [INFO] - No command received or error in listening.
2025-06-04 07:14:11,849 [WARNING] - Audio input error (OSError): No Default Input Device Available - Likely no microphone in sandbox.
2025-06-04 07:14:11,849 [INFO] - No command received or error in listening.
2025-06-04 07:14:11,866 [WARNING] - Audio input error (OSError): No Default Input Device Available - Likely no microphone in sandbox.
2025-06-04 07:14:11,866 [INFO] - No command received or error in listening.
2025-06-04 07:14:11,883 [WARNING] - Audio input error (OSError): No Default Input Device Available - Likely no microphone in sandbox.
2025-06-04 07:14:11,883 [INFO] - No command received or error in listening.
2025-06-04 07:14:11,901 [WARNING] - Audio input error (OSError): No Default Input Device Available - Likely no microphone in sandbox.
2025-06-04 07:14:11,901 [INFO] - No command received or error in listening.
2025-06-04 07:14:11,919 [WARNING] - Audio input error (OSError): No Default Input Device Available - Likely no microphone in sandbox.
2025-06-04 07:14:11,919 [INFO] - No command received or error in listening.
2025-06-04 07:14:11,936 [WARNING] - Audio input error (OSError): No Default Input Device Available - Likely no microphone in sandbox.
2025-06-04 07:14:11,936 [INFO] - No command received or error in listening.
2025-06-04 07:14:11,953 [WARNING] - Audio input error (OSError): No Default Input Device Available - Likely no microphone in sandbox.
2025-06-04 07:14:11,953 [INFO] - No command received or error in listening.
2025-06-04 07:14:11,971 [WARNING] - Audio input error (OSError): No Default Input Device Available - Likely no microphone in sandbox.
2025-06-04 07:14:11,972 [INFO] - No command received or error in listening.
2025-06-04 07:14:11,989 [WARNING] - Audio input error (OSError): No Default Input Device Available - Likely no microphone in sandbox.
2025-06-04 07:14:11,989 [INFO] - No command received or error in listening.
2025-06-04 07:14:12,006 [WARNING] - Audio input error (OSError): No Default Input Device Available - Likely no microphone in sandbox.
2025-06-04 07:14:12,006 [INFO] - No command received or error in listening.
2025-06-04 07:14:12,024 [WARNING] - Audio input error (OSError): No Default Input Device Available - Likely no microphone in sandbox.
2025-06-04 07:14:12,024 [INFO] - No command received or error in listening.
2025-06-04 07:14:12,042 [WARNING] - Audio input error (OSError): No Default Input Device Available - Likely no microphone in sandbox.
2025-06-04 07:14:12,042 [INFO] - No command received or error in listening.
2025-06-04 07:14:12,059 [WARNING] - Audio input error (OSError): No Default Input Device Available - Likely no microphone in sandbox.
2025-06-04 07:14:12,059 [INFO] - No command received or error in listening.
2025-06-04 07:14:12,077 [WARNING] - Audio input error (OSError): No Default Input Device Available - Likely no microphone in sandbox.
2025-06-04 07:14:12,077 [INFO] - No command received or error in listening.
2025-06-04 07:14:12,095 [WARNING] - Audio input error (OSError): No Default Input Device Available - Likely no microphone in sandbox.
2025-06-04 07:14:12,095 [INFO] - No command received or error in listening.
2025-06-04 07:14:12,112 [WARNING] - Audio input error (OSError): No Default Input Device Available - Likely no microphone in sandbox.
2025-06-04 07:14:12,113 [INFO] - No command received or error in listening.
2025-06-04 07:14:12,130 [WARNING] - Audio input error (OSError): No Default Input Device Available - Likely no microphone in sandbox.
2025-06-04 07:14:12,130 [INFO] - No command received or error in listening.
2025-06-04 07:14:12,148 [WARNING] - Audio input error (OSError): No Default Input Device Available - Likely no microphone in sandbox.
2025-06-04 07:14:12,149 [INFO] - No command received or error in listening.
2025-06-04 07:14:12,167 [WARNING] - Audio input error (OSError): No Default Input Device Available - Likely no microphone in sandbox.
2025-06-04 07:14:12,167 [INFO] - No command received or error in listening.
2025-06-04 07:14:12,185 [WARNING] - Audio input error (OSError): No Default Input Device Available - Likely no microphone in sandbox.
2025-06-04 07:14:12,185 [INFO] - No command received or error in listening.
2025-06-04 07:14:12,202 [WARNING] - Audio input error (OSError): No Default Input Device Available - Likely no microphone in sandbox.
2025-06-04 07:14:12,203 [INFO] - No command received or error in listening.
2025-06-04 07:14:12,220 [WARNING] - Audio input error (OSError): No Default Input Device Available - Likely no microphone in sandbox.
2025-06-04 07:14:12,221 [INFO] - No command received or error in listening.
2025-06-04 07:14:12,238 [WARNING] - Audio input error (OSError): No Default Input Device Available - Likely no microphone in sandbox.
2025-06-04 07:14:12,238 [INFO] - No command received or error in listening.
2025-06-04 07:14:12,255 [WARNING] - Audio input error (OSError): No Default Input Device Available - Likely no microphone in sandbox.
2025-06-04 07:14:12,255 [INFO] - No command received or error in listening.
2025-06-04 07:14:12,272 [WARNING] - Audio input error (OSError): No Default Input Device Available - Likely no microphone in sandbox.
2025-06-04 07:14:12,273 [INFO] - No command received or error in listening.
2025-06-04 07:14:12,290 [WARNING] - Audio input error (OSError): No Default Input Device Available - Likely no microphone in sandbox.
2025-06-04 07:14:12,290 [INFO] - No command received or error in listening.
2025-06-04 07:14:12,307 [WARNING] - Audio input error (OSError): No Default Input Device Available - Likely no microphone in sandbox.
2025-06-04 07:14:12,308 [INFO] - No command received or error in listening.
2025-06-04 07:14:12,325 [WARNING] - Audio input error (OSError): No Default Input Device Available - Likely no microphone in sandbox.
2025-06-04 07:14:12,325 [INFO] - No command received or error in listening.
2025-06-04 07:14:12,343 [WARNING] - Audio input error (OSError): No Default Input Device Available - Likely no microphone in sandbox.
2025-06-04 07:14:12,343 [INFO] - No command received or error in listening.
2025-06-04 07:14:12,360 [WARNING] - Audio input error (OSError): No Default Input Device Available - Likely no microphone in sandbox.
2025-06-04 07:14:12,360 [INFO] - No command received or error in listening.
2025-06-04 07:14:12,378 [WARNING] - Audio input error (OSError): No Default Input Device Available - Likely no microphone in sandbox.
2025-06-04 07:14:12,378 [INFO] - No command received or error in listening.
2025-06-04 07:14:12,395 [WARNING] - Audio input error (OSError): No Default Input Device Available - Likely no microphone in sandbox.
2025-06-04 07:14:12,396 [INFO] - No command received or error in listening.
2025-06-04 07:14:12,413 [WARNING] - Audio input error (OSError): No Default Input Device Available - Likely no microphone in sandbox.
2025-06-04 07:14:12,413 [INFO] - No command received or error in listening.
2025-06-04 07:14:12,430 [WARNING] - Audio input error (OSError): No Default Input Device Available - Likely no microphone in sandbox.
2025-06-04 07:14:12,431 [INFO] - No command received or error in listening.
2025-06-04 07:14:12,448 [WARNING] - Audio input error (OSError): No Default Input Device Available - Likely no microphone in sandbox.
2025-06-04 07:14:12,448 [INFO] - No command received or error in listening.
2025-06-04 07:14:12,465 [WARNING] - Audio input error (OSError): No Default Input Device Available - Likely no microphone in sandbox.
2025-06-04 07:14:12,465 [INFO] - No command received or error in listening.
2025-06-04 07:14:12,482 [WARNING] - Audio input error (OSError): No Default Input Device Available - Likely no microphone in sandbox.
2025-06-04 07:14:12,482 [INFO] - No command received or error in listening.
2025-06-04 07:14:12,499 [WARNING] - Audio input error (OSError): No Default Input Device Available - Likely no microphone in sandbox.
2025-06-04 07:14:12,500 [INFO] - No command received or error in listening.
2025-06-04 07:14:12,517 [WARNING] - Audio input error (OSError): No Default Input Device Available - Likely no microphone in sandbox.
2025-06-04 07:14:12,517 [INFO] - No command received or error in listening.
2025-06-04 07:14:12,534 [WARNING] - Audio input error (OSError): No Default Input Device Available - Likely no microphone in sandbox.
2025-06-04 07:14:12,535 [INFO] - No command received or error in listening.
2025-06-04 07:14:12,552 [WARNING] - Audio input error (OSError): No Default Input Device Available - Likely no microphone in sandbox.
2025-06-04 07:14:12,552 [INFO] - No command received or error in listening.
2025-06-04 07:14:12,569 [WARNING] - Audio input error (OSError): No Default Input Device Available - Likely no microphone in sandbox.
2025-06-04 07:14:12,569 [INFO] - No command received or error in listening.
2025-06-04 07:14:12,586 [WARNING] - Audio input error (OSError): No Default Input Device Available - Likely no microphone in sandbox.
2025-06-04 07:14:12,587 [INFO] - No command received or error in listening.
2025-06-04 07:14:12,604 [WARNING] - Audio input error (OSError): No Default Input Device Available - Likely no microphone in sandbox.
2025-06-04 07:14:12,604 [INFO] - No command received or error in listening.
2025-06-04 07:14:12,621 [WARNING] - Audio input error (OSError): No Default Input Device Available - Likely no microphone in sandbox.
2025-06-04 07:14:12,621 [INFO] - No command received or error in listening.
2025-06-04 07:14:12,638 [WARNING] - Audio input error (OSError): No Default Input Device Available - Likely no microphone in sandbox.
2025-06-04 07:14:12,639 [INFO] - No command received or error in listening.
2025-06-04 07:14:12,655 [WARNING] - Audio input error (OSError): No Default Input Device Available - Likely no microphone in sandbox.
2025-06-04 07:14:12,656 [INFO] - No command received or error in listening.
2025-06-04 07:14:12,673 [WARNING] - Audio input error (OSError): No Default Input Device Available - Likely no microphone in sandbox.
2025-06-04 07:14:12,673 [INFO] - No command received or error in listening.
2025-06-04 07:14:12,690 [WARNING] - Audio input error (OSError): No Default Input Device Available - Likely no microphone in sandbox.
2025-06-04 07:14:12,690 [INFO] - No command received or error in listening.
2025-06-04 07:14:12,707 [WARNING] - Audio input error (OSError): No Default Input Device Available - Likely no microphone in sandbox.
2025-06-04 07:14:12,708 [INFO] - No command received or error in listening.
2025-06-04 07:14:12,725 [WARNING] - Audio input error (OSError): No Default Input Device Available - Likely no microphone in sandbox.
2025-06-04 07:14:12,725 [INFO] - No command received or error in listening.
2025-06-04 07:14:12,742 [WARNING] - Audio input error (OSError): No Default Input Device Available - Likely no microphone in sandbox.
2025-06-04 07:14:12,742 [INFO] - No command received or error in listening.
2025-06-04 07:14:12,759 [WARNING] - Audio input error (OSError): No Default Input Device Available - Likely no microphone in sandbox.
2025-06-04 07:14:12,759 [INFO] - No command received or error in listening.
2025-06-04 07:14:12,776 [WARNING] - Audio input error (OSError): No Default Input Device Available - Likely no microphone in sandbox.
2025-06-04 07:14:12,776 [INFO] - No command received or error in listening.
2025-06-04 07:14:12,793 [WARNING] - Audio input error (OSError): No Default Input Device Available - Likely no microphone in sandbox.
2025-06-04 07:14:12,793 [INFO] - No command received or error in listening.
2025-06-04 07:14:12,811 [WARNING] - Audio input error (OSError): No Default Input Device Available - Likely no microphone in sandbox.
2025-06-04 07:14:12,811 [INFO] - No command received or error in listening.
2025-06-04 07:14:12,828 [WARNING] - Audio input error (OSError): No Default Input Device Available - Likely no microphone in sandbox.
2025-06-04 07:14:12,828 [INFO] - No command received or error in listening.
2025-06-04 07:14:12,845 [WARNING] - Audio input error (OSError): No Default Input Device Available - Likely no microphone in sandbox.
2025-06-04 07:14:12,845 [INFO] - No command received or error in listening.
2025-06-04 07:14:12,863 [WARNING] - Audio input error (OSError): No Default Input Device Available - Likely no microphone in sandbox.
2025-06-04 07:14:12,863 [INFO] - No command received or error in listening.
2025-06-04 07:14:12,880 [WARNING] - Audio input error (OSError): No Default Input Device Available - Likely no microphone in sandbox.
2025-06-04 07:14:12,880 [INFO] - No command received or error in listening.
2025-06-04 07:14:12,897 [WARNING] - Audio input error (OSError): No Default Input Device Available - Likely no microphone in sandbox.
2025-06-04 07:14:12,897 [INFO] - No command received or error in listening.
2025-06-04 07:14:12,914 [WARNING] - Audio input error (OSError): No Default Input Device Available - Likely no microphone in sandbox.
2025-06-04 07:14:12,914 [INFO] - No command received or error in listening.
2025-06-04 07:14:12,932 [WARNING] - Audio input error (OSError): No Default Input Device Available - Likely no microphone in sandbox.
2025-06-04 07:14:12,932 [INFO] - No command received or error in listening.
2025-06-04 07:14:12,949 [WARNING] - Audio input error (OSError): No Default Input Device Available - Likely no microphone in sandbox.
2025-06-04 07:14:12,950 [INFO] - No command received or error in listening.
2025-06-04 07:14:12,967 [WARNING] - Audio input error (OSError): No Default Input Device Available - Likely no microphone in sandbox.
2025-06-04 07:14:12,967 [INFO] - No command received or error in listening.
2025-06-04 07:14:12,984 [WARNING] - Audio input error (OSError): No Default Input Device Available - Likely no microphone in sandbox.
2025-06-04 07:14:12,984 [INFO] - No command received or error in listening.
2025-06-04 07:14:13,001 [WARNING] - Audio input error (OSError): No Default Input Device Available - Likely no microphone in sandbox.
2025-06-04 07:14:13,001 [INFO] - No command received or error in listening.
2025-06-04 07:14:13,019 [WARNING] - Audio input error (OSError): No Default Input Device Available - Likely no microphone in sandbox.
2025-06-04 07:14:13,019 [INFO] - No command received or error in listening.
2025-06-04 07:14:13,036 [WARNING] - Audio input error (OSError): No Default Input Device Available - Likely no microphone in sandbox.
2025-06-04 07:14:13,036 [INFO] - No command received or error in listening.
2025-06-04 07:14:13,054 [WARNING] - Audio input error (OSError): No Default Input Device Available - Likely no microphone in sandbox.
2025-06-04 07:14:13,054 [INFO] - No command received or error in listening.
2025-06-04 07:14:13,072 [WARNING] - Audio input error (OSError): No Default Input Device Available - Likely no microphone in sandbox.
2025-06-04 07:14:13,072 [INFO] - No command received or error in listening.
2025-06-04 07:14:13,089 [WARNING] - Audio input error (OSError): No Default Input Device Available - Likely no microphone in sandbox.
2025-06-04 07:14:13,089 [INFO] - No command received or error in listening.
2025-06-04 07:14:13,106 [WARNING] - Audio input error (OSError): No Default Input Device Available - Likely no microphone in sandbox.
2025-06-04 07:14:13,106 [INFO] - No command received or error in listening.
2025-06-04 07:14:13,124 [WARNING] - Audio input error (OSError): No Default Input Device Available - Likely no microphone in sandbox.
2025-06-04 07:14:13,124 [INFO] - No command received or error in listening.
2025-06-04 07:14:13,141 [WARNING] - Audio input error (OSError): No Default Input Device Available - Likely no microphone in sandbox.
2025-06-04 07:14:13,141 [INFO] - No command received or error in listening.
2025-06-04 07:14:13,158 [WARNING] - Audio input error (OSError): No Default Input Device Available - Likely no microphone in sandbox.
2025-06-04 07:14:13,158 [INFO] - No command received or error in listening.
2025-06-04 07:14:13,176 [WARNING] - Audio input error (OSError): No Default Input Device Available - Likely no microphone in sandbox.
2025-06-04 07:14:13,176 [INFO] - No command received or error in listening.
2025-06-04 07:14:13,193 [WARNING] - Audio input error (OSError): No Default Input Device Available - Likely no microphone in sandbox.
2025-06-04 07:14:13,193 [INFO] - No command received or error in listening.
2025-06-04 07:14:13,211 [WARNING] - Audio input error (OSError): No Default Input Device Available - Likely no microphone in sandbox.
2025-06-04 07:14:13,211 [INFO] - No command received or error in listening.
2025-06-04 07:14:13,228 [WARNING] - Audio input error (OSError): No Default Input Device Available - Likely no microphone in sandbox.
2025-06-04 07:14:13,228 [INFO] - No command received or error in listening.
2025-06-04 07:14:13,245 [WARNING] - Audio input error (OSError): No Default Input Device Available - Likely no microphone in sandbox.
2025-06-04 07:14:13,245 [INFO] - No command received or error in listening.
2025-06-04 07:14:13,263 [WARNING] - Audio input error (OSError): No Default Input Device Available - Likely no microphone in sandbox.
2025-06-04 07:14:13,263 [INFO] - No command received or error in listening.
2025-06-04 07:14:13,280 [WARNING] - Audio input error (OSError): No Default Input Device Available - Likely no microphone in sandbox.
2025-06-04 07:14:13,280 [INFO] - No command received or error in listening.
2025-06-04 07:14:13,297 [WARNING] - Audio input error (OSError): No Default Input Device Available - Likely no microphone in sandbox.
2025-06-04 07:14:13,298 [INFO] - No command received or error in listening.
2025-06-04 07:14:13,315 [WARNING] - Audio input error (OSError): No Default Input Device Available - Likely no microphone in sandbox.
2025-06-04 07:14:13,315 [INFO] - No command received or error in listening.
2025-06-04 07:14:13,332 [WARNING] - Audio input error (OSError): No Default Input Device Available - Likely no microphone in sandbox.
2025-06-04 07:14:13,332 [INFO] - No command received or error in listening.
2025-06-04 07:14:13,349 [WARNING] - Audio input error (OSError): No Default Input Device Available - Likely no microphone in sandbox.
2025-06-04 07:14:13,349 [INFO] - No command received or error in listening.
2025-06-04 07:14:13,367 [WARNING] - Audio input error (OSError): No Default Input Device Available - Likely no microphone in sandbox.
2025-06-04 07:14:13,367 [INFO] - No command received or error in listening.
2025-06-04 07:14:13,384 [WARNING] - Audio input error (OSError): No Default Input Device Available - Likely no microphone in sandbox.
2025-06-04 07:14:13,384 [INFO] - No command received or error in listening.
2025-06-04 07:14:13,401 [WARNING] - Audio input error (OSError): No Default Input Device Available - Likely no microphone in sandbox.
2025-06-04 07:14:13,401 [INFO] - No command received or error in listening.
2025-06-04 07:14:13,419 [WARNING] - Audio input error (OSError): No Default Input Device Available - Likely no microphone in sandbox.
2025-06-04 07:14:13,419 [INFO] - No command received or error in listening.
2025-06-04 07:14:13,436 [WARNING] - Audio input error (OSError): No Default Input Device Available - Likely no microphone in sandbox.
2025-06-04 07:14:13,436 [INFO] - No command received or error in listening.
2025-06-04 07:14:13,453 [WARNING] - Audio input error (OSError): No Default Input Device Available - Likely no microphone in sandbox.
2025-06-04 07:14:13,453 [INFO] - No command received or error in listening.
2025-06-04 07:14:13,470 [WARNING] - Audio input error (OSError): No Default Input Device Available - Likely no microphone in sandbox.
2025-06-04 07:14:13,471 [INFO] - No command received or error in listening.
2025-06-04 07:14:13,488 [WARNING] - Audio input error (OSError): No Default Input Device Available - Likely no microphone in sandbox.
2025-06-04 07:14:13,488 [INFO] - No command received or error in listening.
2025-06-04 07:14:13,505 [WARNING] - Audio input error (OSError): No Default Input Device Available - Likely no microphone in sandbox.
2025-06-04 07:14:13,505 [INFO] - No command received or error in listening.
2025-06-04 07:14:13,522 [WARNING] - Audio input error (OSError): No Default Input Device Available - Likely no microphone in sandbox.
2025-06-04 07:14:13,522 [INFO] - No command received or error in listening.
2025-06-04 07:14:13,539 [WARNING] - Audio input error (OSError): No Default Input Device Available - Likely no microphone in sandbox.
2025-06-04 07:14:13,539 [INFO] - No command received or error in listening.
2025-06-04 07:14:13,557 [WARNING] - Audio input error (OSError): No Default Input Device Available - Likely no microphone in sandbox.
2025-06-04 07:14:13,557 [INFO] - No command received or error in listening.
2025-06-04 07:14:13,574 [WARNING] - Audio input error (OSError): No Default Input Device Available - Likely no microphone in sandbox.
2025-06-04 07:14:13,574 [INFO] - No command received or error in listening.
2025-06-04 07:14:13,592 [WARNING] - Audio input error (OSError): No Default Input Device Available - Likely no microphone in sandbox.
2025-06-04 07:14:13,592 [INFO] - No command received or error in listening.
